	e46sonjo	e51kikuyu	e52embu	e52mbeere	e531muthambi	e531mwimbi	e53igoji	e53imenti	e53meru	e53meruimenti	e53merutig	e53miutini	e53tigania	e541chuka	e54tharaka	e55kamba	e55kambakitu	e55kambamach	e56daiso	e621bmachame	e621csiha	e621dkibosho	e622akimochi	e622clema	e622cmamba	e622cvunjo	e623akiseri	e623dkeni	e623mkuu	e64kahe	e65gweno	e701elwana	e71aupperpokomo	e72agiryama	e73digo	e74adawida	e74atuveta	f12bende	f21ntuzu	f21sukuma	f22nyamwezi	f23sumbwa	f24kimbu	f25bungu	f31nyiramba	f32nyaturucha	f32nyaturuwil	f33langi	g23sambaa	g24bondei	g31zigua	g32doe	g32kwere	g33zaramo	g34nguungulu	g35luguru	g36kami	g37kutu	g39saghala	g51pogoro	g52ndamba	g61sangu	g62hehe	g63bena	g64pangwa	g65kinga	g66wanji	jd62rundi	jd64shubi	jd65hangaza	jd66kiha	jd67kivinza	je11runyoro	je12rutooro	je13runyankore	je14rukiga	je15luganda	je16lusoga	je17gwere	je21runyambo	je22haya	je23zinza	je24kerebe	je25jita	je25kilegi	je25mkwaya	je31cbukusu	je31lumasaaba	je32luyia	je34samialugwe	je401ngoreme	je402ikizu	je403suba	je404shasi	je41maragoli	je42gusii	je43kuria	je43kuriamago	je43kuriatari	je44zanaki	je45nata	n11manda	n12ngoni	n13matengo	n14mpoto	p11ndengeleko	p12rufiji	p13matumbi	p14ngindo	p15mbunga	p21yao	p22mwera	p23simakonde	p25mabia
e46sonjo	1.0	0.8867746317928016	0.8982404307936271	0.8971469945077242	0.8960070370470314	0.8960992578058186	0.8947261351749766	0.8812807654430438	0.7920647959700583	0.7621286773839164	0.7334929607067969	0.8908986251923894	0.7158391568071828	0.8207906329732098	0.7593853300796735	0.9214968018889074	0.8784939079580051	0.8739022431709966	0.9213357418768234	0.8288569217390727	0.8241628051505657	0.8524160838847727	0.8282858217024596	0.8223764893459904	0.8270700471254888	0.8323263053423846	0.8515310528230313	0.8261167853330865	0.8261134035574162	0.8915104205016193	0.8462059433192626	0.9033593087747799	0.8420007859592515	0.8506836229760049	0.8586779941987372	0.8265100905595484	0.8624602810970831	0.8209937849622752	0.8006383977572309	0.7972541511866715	0.8351004277691652	0.8282568656956235	0.7791493866724448	0.7451035321172272	0.8312179261034681	0.7906840888532815	0.7987253623841906	0.7944432788941	0.83098295101885	0.8048798515572241	0.875376286363955	0.8742940671919524	0.86629702464331	0.8613690476251294	0.8758861412775575	0.8775717488149456	0.8770579712993241	0.8847931074352228	0.846638597669197	0.8137439272152591	0.7784423341923864	0.8208479931187944	0.773497706519719	0.8135770053247339	0.8584787159658649	0.777575334014261	0.8146754608866775	0.7270529686624414	0.7454893514861035	0.7516858247583548	0.6917339807362233	0.7289533146889094	0.8791193822173335	0.8854127629452653	0.8739517962686904	0.8697897518985245	0.8452845828136257	0.8838279675778791	0.8510113577661563	0.8712326970874008	0.8810998845132455	0.8673527557514367	0.8648932205154585	0.8593220723590893	0.8346174219467934	0.8332037252997139	0.8834947167699622	0.7829632758819773	0.7672679277734034	0.9096317348279713	0.8354488969988801	0.8242778561028314	0.8713938474124194	0.7842171610803045	0.804358035055658	0.8331759889930171	0.7838460042454135	0.7914307494460826	0.8003899024823278	0.831090111344881	0.8692191993420895	0.8776291913765871	0.8541981554283519	0.8371510741789486	0.8562212069370402	0.8394619912728042	0.8897670481574205	0.9154097696874557	0.9130333243541044	0.8131920620319171	0.8684477586396807	0.8610637041070773	0.843272632269671	0.8682685191353188
e51kikuyu	0.8867746317928016	1.0	0.9502600896320285	0.9597085810415591	0.9674623834075965	0.9686119761998901	0.9636377280788492	0.9821726470270677	0.8402921436397781	0.8406667402280195	0.8221137506249291	0.9678275478875464	0.8265018575448094	0.886716366287424	0.8372902148754007	0.8741752762146684	0.8244093384623613	0.8150800064955868	0.9492377677001526	0.8646852615116702	0.8472051054801223	0.8502328025272122	0.8716912179264751	0.8853564624314681	0.8838828636463862	0.8718764811604225	0.8671816338701169	0.8553831799943366	0.8588164315166439	0.8933421712927293	0.887289615553551	0.8252185955805932	0.8425135701218943	0.8556590902630127	0.8938429294658893	0.838150168534735	0.8676925840026297	0.7851837603488452	0.7119737549954614	0.7572179089385646	0.7759330114524817	0.7977127291239479	0.7700492163644304	0.7604735357389889	0.764571185220527	0.8358300681457279	0.8386745528725382	0.8360091052236449	0.8371337771801485	0.8201583915238077	0.8394811980483442	0.8319054712694876	0.83526505149464	0.834532445059021	0.8404982406360608	0.8072900884136162	0.8256005808866945	0.8449597258443821	0.8487261790844983	0.7964398279802963	0.7463969655517054	0.7864679710197455	0.754887101863775	0.768982486976117	0.7956923606112161	0.750022199366922	0.7409506435267346	0.8067605042256676	0.8061474169750322	0.8053965417306183	0.735121237218893	0.7336012951942971	0.8893103622016383	0.8992156653130502	0.873949542155475	0.8855838884580179	0.7811906963328655	0.8662965480809448	0.8384934663948086	0.8612232752566049	0.8486154451856043	0.8543865510305171	0.817548671380406	0.8296430685702944	0.8058311894398543	0.8986453215490654	0.8097326369644042	0.7707182957603336	0.7531792540439611	0.8569923079817875	0.908907838395687	0.8874496654695334	0.9151479833429784	0.8688742666000855	0.8378441035464425	0.8998823956551814	0.9110112694826835	0.8847234728480217	0.8937568674690336	0.8960012855928845	0.9138384883467721	0.7960871711201644	0.7836758108433758	0.7870395170354203	0.808816318800051	0.7834505034186388	0.8105134731879928	0.8002848616157324	0.8292138424768827	0.7796253556588559	0.7892119920911113	0.7979156150488168	0.8013384379786632	0.8049827808585719
e52embu	0.8982404307936271	0.9502600896320285	1.0	0.9953408529930735	0.9874452458634214	0.9869665015947208	0.9900494732799967	0.9741939140525475	0.758851771747609	0.7778271268930859	0.7588319338097106	0.9859677189451266	0.7424100505842357	0.8470034039469821	0.7710306082410667	0.9099043578200233	0.8742497635219929	0.8800857088244227	0.9339962770088709	0.7937494687006758	0.7682681154638256	0.7993539940110239	0.7894056028064905	0.829090849013718	0.8168132954953898	0.819932557867476	0.8142279169387914	0.7884744863009755	0.7959972127397599	0.848299684246063	0.8388613064687467	0.8233788194199273	0.7885942399671032	0.7983789107056966	0.8427224487837764	0.7780886688623765	0.8140099764343263	0.7274993713682412	0.6619448870840421	0.6748425827628298	0.727349671597804	0.7264662329831088	0.7044301964650691	0.6759328037358442	0.7150832281158643	0.7741823384331601	0.7859779520071577	0.7721269985547414	0.7929551368368774	0.7772441092047492	0.8047325851606053	0.808550885829041	0.7879618735277787	0.7783857384666308	0.800633499120702	0.7793457250448117	0.7746927884592237	0.7988776941824273	0.7867026023004029	0.7241897093407474	0.6680923853442992	0.715870783618015	0.6809306095077844	0.7061242968201987	0.7317721969655907	0.6866617800349116	0.7063146907885661	0.7247268528982463	0.7306273019661275	0.7190514602820047	0.6689187605008967	0.6623873104001263	0.8812739570044561	0.8733668527320875	0.8760104690333845	0.8780975828600016	0.7737523495057561	0.8544086021672577	0.7809663636483856	0.841109263233365	0.8280097473117299	0.8204304272439366	0.795849272438041	0.7787644689159606	0.7524637049887697	0.840662472281271	0.8043646709079613	0.6799567156357185	0.6607207791232981	0.8595246886283165	0.915539254050957	0.8849175420597608	0.8965442984888218	0.8489987601053799	0.7720362416447482	0.904340260291246	0.8481426476911894	0.8222981883026556	0.8382056772378621	0.8770448430924761	0.8897921518807035	0.7634467932959523	0.7374812437558532	0.7155955934869546	0.7438981261336467	0.7354843703851442	0.7823827146646142	0.7785559034214751	0.7984214586274287	0.7024137731423271	0.7544206273847319	0.7494012493261728	0.7451889015400599	0.7648096359558373
e52mbeere	0.8971469945077242	0.9597085810415591	0.9953408529930735	1.0	0.993359468486061	0.9924632762469369	0.9930378557625887	0.9830758040198001	0.7668871928846237	0.7834465711246512	0.7653850816112839	0.9927025432049925	0.7536905334641164	0.8529839748282302	0.7762620237647668	0.9118307522892641	0.8689600019675302	0.8717834415706608	0.9402470262724119	0.8010324724706662	0.7710961089335511	0.8083740857434565	0.7988521390110546	0.8354866122606452	0.8206966430562386	0.822988018575379	0.8160638575703465	0.800446787400861	0.8022873882596753	0.8576582041057066	0.8392586109771917	0.8366383953563946	0.7964320275305972	0.8096180898981532	0.8531001177862981	0.7922174396317702	0.8190264781829519	0.7313898048659367	0.6728414562583209	0.6821188457115986	0.735914942525437	0.7344779589798901	0.7033966367891407	0.6837697929456736	0.7250542163403931	0.7779887768130407	0.7894986907754868	0.7799259652203449	0.80088834026446	0.7830291409901454	0.8146077411438606	0.8131709437358694	0.7950314706918971	0.7844311903273161	0.8103561875012626	0.7796984910444408	0.7778979344864698	0.8051700509867732	0.7942693106462019	0.7343483109822424	0.6756786403053258	0.721218115737538	0.6857637690877928	0.7124635437831726	0.7375715975149868	0.6901279526494432	0.7100553251461832	0.7307594080085225	0.7366865650412845	0.727129475102592	0.669744266838481	0.6664719146734389	0.8770791836305747	0.8765744047194924	0.8664166934338676	0.8726166340223359	0.7762009955409054	0.8505864044731148	0.7868316744325635	0.8388449615025578	0.8231796365775049	0.8175887290783851	0.7921911965054018	0.7865438336726411	0.7622317437760321	0.850546792279249	0.8050507061324854	0.6872165899977742	0.6660744924889446	0.8473098990374663	0.9110698529831451	0.8820171324558406	0.8959794143329699	0.844125659719157	0.7783820501996105	0.8968863620467552	0.8509275142756358	0.8287330482993918	0.8461887061924788	0.8712948838692008	0.8944028859671372	0.7680438853062771	0.7406741139453309	0.7245460176431227	0.7541080818973133	0.7433917270130099	0.7880452157412768	0.789108841900756	0.8019213790181117	0.7158129706192925	0.7613849608489888	0.7556033302618186	0.7524813322316497	0.7696045199628266
e531muthambi	0.8960070370470314	0.9674623834075965	0.9874452458634214	0.993359468486061	1.0	0.9990649475470641	0.9979192789836085	0.9913282772103705	0.773157134010965	0.7955092959938417	0.779298491370516	0.9972852826497328	0.7700027081055366	0.8604733946708553	0.7901051389375646	0.9204992294929205	0.8701710891548559	0.8713090506989415	0.9417619259383649	0.8098069483944206	0.7758744328851948	0.813659118553506	0.8103397081022612	0.8436512977039884	0.8299139888370609	0.8315884942391936	0.8272536461214895	0.8048004254764668	0.8068914815777074	0.8634044613449191	0.8440775615954037	0.8330015357105927	0.8021105657388768	0.8111221776736818	0.8511371666916021	0.7971157263815934	0.8276332827083309	0.7463520635410799	0.6852298135932752	0.6952221899976854	0.7472365977604585	0.7436894080486013	0.7119500785571847	0.697180823251477	0.7445036320002313	0.7836079008365138	0.7928210385326383	0.793533620661443	0.8139513753404404	0.793836286389024	0.8239677690053127	0.8176151278171395	0.8040200838884155	0.7926976151691707	0.8204354364513755	0.7843280647301885	0.7849452925540146	0.8132940671968776	0.8026693178809339	0.7460592040359891	0.6865664548395872	0.7271899691110898	0.6911676247523186	0.7160653012172513	0.7471622455385106	0.6952984262646661	0.7116178910750676	0.7345327506002778	0.7399402763866938	0.7359965956850861	0.6722554920644264	0.6761905569968373	0.8795657349640166	0.8798225493613515	0.8692572600200171	0.8755023833256348	0.7837722553203472	0.8530424037886685	0.8018452878938179	0.8439558339395085	0.8287926088622846	0.8231964223290474	0.7992856469383769	0.7894254929812459	0.7700230485643733	0.8578800397089296	0.80031876210728	0.7022401534067648	0.6717343080645508	0.841637772858691	0.9103543355414533	0.8851782233666443	0.8974064272938456	0.8473871920903703	0.7795188093081344	0.8965981486724288	0.8573814725556372	0.8358740982386609	0.8529299654997654	0.8718046153776742	0.8947174604298737	0.7753598984968478	0.7459792237416044	0.7395185681927534	0.768129376561685	0.755870481942691	0.7954814688539102	0.7962389361447227	0.8110159947841256	0.7226839594488369	0.7663735637101767	0.7658521467869901	0.7623986335401742	0.7789775208053592
e531mwimbi	0.8960992578058186	0.9686119761998901	0.9869665015947208	0.9924632762469369	0.9990649475470641	1.0	0.9976748660964182	0.9920898089227184	0.7752564134869372	0.790846759718143	0.7743026790226747	0.9960060896823582	0.7707504569498952	0.8552049957866803	0.7856555675406415	0.9174679805784947	0.860098418624477	0.8613604611531317	0.9414304513485818	0.8090974185224399	0.7749077709348666	0.8107054989850804	0.8076162538145136	0.8428294097177002	0.8284343711194072	0.8289178515719406	0.8229977927374319	0.801999252177153	0.8024771510205138	0.8600847874805101	0.8433721243431035	0.8303003063302891	0.7989935481672491	0.8058782923633756	0.8489310587115546	0.7901608540999113	0.8220026844191647	0.7392516467022097	0.6836527856757973	0.6923601448039461	0.7440300695198008	0.7400172139214939	0.7091941184582999	0.6914776849460557	0.743875709771798	0.7805698936170945	0.7883401555384941	0.7892684926178887	0.806929882834614	0.7851812664394129	0.8169416702825366	0.8097575133955642	0.796466081844607	0.7852605300152261	0.8122116546256857	0.7782158231188889	0.7788705692448398	0.8065370859956705	0.7962383950424388	0.7423772641761904	0.6831877533259455	0.7229036214069551	0.6836396666078279	0.7096257658489146	0.7409948198919943	0.6886316152224345	0.7058833360289493	0.7309304733500994	0.7353946032301344	0.7311419935277816	0.6654462390321694	0.6687116012172034	0.8751025640829391	0.8753288832092773	0.8655091386575035	0.8703965496260977	0.7778819808844837	0.8459365940679757	0.7967594858000454	0.8381765070164638	0.8221599687116601	0.815551691335306	0.7913626853539857	0.7857636667067734	0.7620104792818472	0.8554928879227353	0.7975453209376743	0.6955498258981179	0.6685021165482373	0.8380466224918605	0.9062097497404336	0.8792998527463547	0.8941825621416116	0.8415452531373946	0.7750251198169323	0.8934786627163729	0.8557147933548497	0.8311874638198635	0.8484327589810241	0.8684757405280058	0.8894681469802748	0.769902224400543	0.7411127372648938	0.7347752438493295	0.7629328974727447	0.7501147513686142	0.7889463596707497	0.7954900052088753	0.8055059087464549	0.7190763390579608	0.7614711953488708	0.7617543779239674	0.7568033952791473	0.7736036251045243
e53igoji	0.8947261351749766	0.9636377280788492	0.9900494732799967	0.9930378557625887	0.9979192789836085	0.9976748660964182	1.0	0.9880180202794602	0.7708919971127073	0.7893276358208033	0.772924061424731	0.9967182044969849	0.7646514973376505	0.8536262764201873	0.7846333186083779	0.9130676557829496	0.8646468544186228	0.8677986984168581	0.9390269274329777	0.8060159942066532	0.7742310370082589	0.8062319156203911	0.8029485080474338	0.8412181753781302	0.8277431807875255	0.8280365060672719	0.825144557113242	0.79961699551559	0.803191526397573	0.8576390636754259	0.8456594017165622	0.825526806257955	0.7937412743062224	0.8013108310372519	0.846327690987369	0.7861515315759146	0.8179226173691225	0.7380178197633186	0.6723131011513878	0.6836817130134226	0.7380500544576107	0.7336146803611436	0.7076486063956015	0.6879722786073403	0.7325352092254062	0.7787824521014229	0.7879448700220948	0.786554039723265	0.8008188960594952	0.7808871169127892	0.809497746338899	0.8068995596545162	0.7915581472671581	0.7810238824590513	0.8065795632941452	0.777398569926831	0.7746700822434403	0.8033294558478743	0.7952507777523813	0.7370543914204812	0.6789184987981072	0.7202593845442508	0.6834060072596329	0.7082780182644238	0.7384971319121838	0.686306705951095	0.7028238422655974	0.73093952091653	0.7342701521210254	0.7290333172599943	0.6658261062057725	0.6662155578991992	0.8810889508480672	0.8766053864311734	0.8724291298353554	0.875691314779683	0.7760208613221699	0.8494299733754405	0.7966466515201206	0.8399935354389868	0.8258837771768222	0.8201533567451702	0.7920434689016237	0.782369010266381	0.7599736286372821	0.8538468042697877	0.7995071540102057	0.694246336929047	0.6660509613274089	0.8451155704653679	0.9152512950088479	0.8875278050018441	0.9000060577117676	0.8501158829196213	0.7738189559769879	0.9031924993578092	0.8601833317025892	0.8337898210678253	0.850470217824474	0.8775931834978858	0.8939456150876857	0.7657119889175635	0.7373912007754999	0.7271613112467915	0.7551183250872434	0.7444722165678643	0.7855486779296145	0.7881961610187006	0.801312382464665	0.7144513629504572	0.7560429776951576	0.754861920635256	0.750187508175637	0.7684934132023662
e53imenti	0.8812807654430438	0.9821726470270677	0.9741939140525475	0.9830758040198001	0.9913282772103705	0.9920898089227184	0.9880180202794602	1.0	0.8153479172818606	0.8308996174584105	0.8188976858960211	0.9914431054068199	0.8198261485864802	0.8817810605737708	0.8261291026606404	0.9062717298979064	0.8462659844041476	0.8450456100088122	0.9513075588992668	0.8426295278284887	0.8105948592727921	0.8370622320319413	0.842216587054359	0.8752147182616794	0.8622009413512168	0.858598426201565	0.8533218076389809	0.8370175628816174	0.8401126792174738	0.8779597320537376	0.86937746367446	0.8352780827198325	0.829106451731253	0.8375252358514309	0.8766184065722648	0.8253719772173165	0.8517142228483331	0.7732614520648565	0.6989719529096821	0.7326746810635721	0.7657807057000896	0.7792128013034082	0.7531865679068922	0.7428505172510654	0.7677271944285394	0.8212137202282432	0.8264397476387372	0.8292079597202362	0.8363417742537392	0.8168140473681064	0.8408720527566788	0.8327202124996573	0.822265066591229	0.8165461205656009	0.8360057701398943	0.7994682316154792	0.8026961458516075	0.8335817436827937	0.8305877364326082	0.7827153381343841	0.7283273870276074	0.7641985874248767	0.7300754327503081	0.749103076258441	0.7686656413510575	0.730588312148909	0.7365921905578067	0.7803638855950426	0.7834615723087747	0.7805774724165282	0.716921302878731	0.7187142945254995	0.8869527738659758	0.8955266074283019	0.8735528447956045	0.8827199784686737	0.7961074926640851	0.8642460873596237	0.8273185365385727	0.859841980571739	0.8419438087453209	0.8398225792713073	0.8140521495007744	0.8197458071812673	0.7960258671033534	0.886020336780264	0.808314763728984	0.7345036976615937	0.7124140992496403	0.8430506080135182	0.9083621157576789	0.8829742617247912	0.8985648879847472	0.8625472006289402	0.8170657981240644	0.891888646262549	0.8862539833865918	0.8572204138802426	0.8752827954896752	0.8830707354183503	0.8980230495779881	0.7909169613121075	0.7687817630328555	0.7666785834032364	0.7927013526177746	0.7811714768002344	0.8106737813051001	0.8070966957531309	0.8195225126797551	0.7598500014630405	0.7872770917644033	0.7899208341891171	0.7891843562329576	0.7999605611237768
e53meru	0.7920647959700583	0.8402921436397781	0.758851771747609	0.7668871928846237	0.773157134010965	0.7752564134869372	0.7708919971127073	0.8153479172818606	1.0	0.9095455501459995	0.9011300164828211	0.7738929652463598	0.8921309367382613	0.8975879661043339	0.9124841457119588	0.7143160833116519	0.6940913691094148	0.702574694909707	0.8415600159615119	0.983737922902683	0.9817565152889741	0.9554578790643082	0.9650432273866694	0.9574735257193979	0.9655180580442922	0.953267405503675	0.9516119940704824	0.9596078738369929	0.959897210511265	0.9366875081340013	0.9597502770510872	0.7772456410285381	0.9331096484707935	0.9239720630450037	0.9354862251065438	0.9231405895347811	0.9278206960261979	0.9090186722581507	0.7977028652744313	0.9196971659010277	0.8506903867338097	0.9388221328118262	0.9363673948128367	0.9264409637491086	0.8333576040100478	0.9333561001041478	0.9207660708379152	0.9322739128898212	0.9047437349757989	0.8865118296260192	0.8946488404504851	0.8826274363162737	0.8908244975005456	0.9036613823924141	0.8940910643130238	0.8962265895557883	0.9002146459402758	0.9064695433104688	0.9307288757710802	0.9268878331481792	0.9112555687750115	0.9364395598696248	0.9150835714305806	0.9106471107045127	0.8876564554819089	0.9050860984138337	0.8686956283006486	0.9300275530708032	0.9347544492357708	0.9462251279765465	0.8767625119318228	0.8926591322640622	0.891264602575465	0.9162395882084496	0.8806467531915595	0.8824242630249484	0.8488075076681366	0.8955565076591714	0.9378886882945126	0.8929851815442676	0.8881573206916088	0.9049868778920357	0.8846230232776376	0.9256467570751962	0.8812268980481921	0.947504563362811	0.8909027739551452	0.8950108362137684	0.9149133635604557	0.8704404332697661	0.8102791307051326	0.7893242278931927	0.8342341235209075	0.8477949439316513	0.9540312549474613	0.7770691947274598	0.8974909125428684	0.8754140800726915	0.8802626380913093	0.8833391464014336	0.8330694259539208	0.8881516759771514	0.9007802617397805	0.897354441081659	0.8974796903491983	0.8980189642601335	0.8731019047099718	0.8541798794718596	0.863333036616533	0.9024184057024979	0.9045505662314131	0.9067677141875897	0.9121382523763167	0.9048940043792976
e53meruimenti	0.7621286773839164	0.8406667402280195	0.7778271268930859	0.7834465711246512	0.7955092959938417	0.790846759718143	0.7893276358208033	0.8308996174584105	0.9095455501459995	1.0	0.9872580989400661	0.7947566061328868	0.9318921251429525	0.9715466018183587	0.9972343595456709	0.7122513106761601	0.7160629298591071	0.7264524156904046	0.8351782655010251	0.9058480143681241	0.9003606534619412	0.8874298606092298	0.90447306110421	0.9462200571318719	0.9310477343820115	0.9376712665807352	0.9154291856057979	0.8927726415811029	0.9211964126813822	0.8974449128666626	0.9102350988188187	0.703983263039774	0.9180243689679906	0.9243521247668536	0.9136578520474763	0.9376613970718128	0.9183329233567022	0.8821453343143415	0.7347079495983291	0.8925125208817877	0.770542293445669	0.8807072779123466	0.8967992122795027	0.910525090562585	0.7807593228253296	0.9770166547699195	0.9782978745633053	0.959380722544435	0.928942265589062	0.9285711067096456	0.9038069708158583	0.9003776112872719	0.9160498018818997	0.9034875773286382	0.9027493664652211	0.9130230095057714	0.9029587656434096	0.8758952019001244	0.9043047066440729	0.9234378932127321	0.8857465881030107	0.8979037498038721	0.9055090558067079	0.8897534296898134	0.8590750863246019	0.9169622869445451	0.8559402511790939	0.9704743267989969	0.9717815262191771	0.9638885833189641	0.9507973991906117	0.9259027585470139	0.9170270573969581	0.9408259570449755	0.912368953581962	0.9164996589180346	0.9072801032739185	0.9180443105886098	0.9107571327000442	0.9126212135352632	0.8966446805268125	0.892830820974333	0.8890015733978448	0.883407832594019	0.8577824511370719	0.9455731821027328	0.806490243871423	0.8689482869546594	0.8706329238662411	0.8247329114444235	0.7921101500866239	0.8214028378740418	0.8329332375659609	0.9125574792374946	0.9482235304439585	0.7556658990083523	0.8521432649631967	0.865951167079481	0.8717684379744475	0.9119225580844809	0.8648867015267283	0.8785783776517974	0.8941133632970631	0.9001597985224481	0.8997257696817269	0.9060824769348953	0.8636413062074904	0.803809836907095	0.8615017092216065	0.8718552940235801	0.8687083374127783	0.890145242880051	0.8963019703149827	0.8823034256163688
e53merutig	0.7334929607067969	0.8221137506249291	0.7588319338097106	0.7653850816112839	0.779298491370516	0.7743026790226747	0.772924061424731	0.8188976858960211	0.9011300164828211	0.9872580989400661	1.0	0.7796983420160095	0.9440977685009286	0.945479495959347	0.9877888217477785	0.6969599391229875	0.6970734191772778	0.7082196282962188	0.8141137070988399	0.8933489713750555	0.8913492417772975	0.8793808753378256	0.8891045082236599	0.9415272881361338	0.9206402121619409	0.9257195750623638	0.9120910366227186	0.8901093106623744	0.9172543475914461	0.8823813333780512	0.8954077623438661	0.7005171379775242	0.9115729582981467	0.9249960870050905	0.9045001821609104	0.9355617643917555	0.8996558753842755	0.8857564499810502	0.7120601024477573	0.8824102402376754	0.7543945510643092	0.8714649870309082	0.8929707878380821	0.9206107025481524	0.7743787342465397	0.9770067595236056	0.9745798517026141	0.9690168751826416	0.9298391773904183	0.9287876855531686	0.8988650353256102	0.8963467050277625	0.9104928484718007	0.8942502448796174	0.9001512158022805	0.9016409909263653	0.8878218767323459	0.8604776398528304	0.8982868782354309	0.9281828652524314	0.8883950628518096	0.8967672920138807	0.9072576998552347	0.8899281473369409	0.8658715623258609	0.918495450805546	0.8714626958269855	0.9618401814782734	0.9653027681483763	0.9637666324031405	0.9528847575101944	0.9354755751926401	0.9084038314328392	0.9362491436087214	0.9002672140580604	0.906232757274198	0.919140595972747	0.9157885628153192	0.9090242037242	0.913431750308385	0.8961389156732456	0.8874515010143151	0.8906515376877728	0.8848588636833145	0.8644737241151829	0.9325408713104945	0.8042544752519228	0.8830520165945734	0.8819790734143172	0.8134432220112171	0.7721773578863494	0.7999938244307644	0.8096428986981621	0.9017289723812689	0.9466072019382838	0.7199765089723044	0.8352741429174046	0.8435584116655603	0.848340410082437	0.8948151441197814	0.8507159742966536	0.8781359994483016	0.8929552467818798	0.9044475309976411	0.9019275077092326	0.9102908906378707	0.8611607805741799	0.7954155871799709	0.8528380687467946	0.8775280418106552	0.8654301242309684	0.8835140938057899	0.8989967416264002	0.8766330719621384
e53miutini	0.8908986251923894	0.9678275478875464	0.9859677189451266	0.9927025432049925	0.9972852826497328	0.9960060896823582	0.9967182044969849	0.9914431054068199	0.7738929652463598	0.7947566061328868	0.7796983420160095	1.0	0.7625009489094879	0.8631286093719059	0.7887568369636727	0.9183309812930955	0.8761789391926254	0.8752386503634317	0.9394041580154441	0.8103125822171027	0.777662553681188	0.8088299297062898	0.8105200936566046	0.845514179531642	0.8317713359820511	0.8288168689035462	0.8234065874854068	0.8018472002222181	0.805725050295656	0.8601546759572124	0.8400065828829446	0.8333571694084194	0.7985152236450994	0.810058733369371	0.8527861469696579	0.7946952252052392	0.8278867833582397	0.7445005842759558	0.6761072564656934	0.6904717651077972	0.7452031128360527	0.73992453591025	0.7106963429661335	0.6957726311427183	0.7355177174789312	0.7821991557948283	0.7900700249570224	0.7907833133556532	0.8083220942633627	0.7884177201830017	0.8184819368165948	0.8113881383177508	0.7981779929228033	0.789874521996641	0.8145255860095517	0.7765949324671461	0.7785819276129295	0.8116426886478741	0.803390166006038	0.7397281670379233	0.6827642136811264	0.7262662396886865	0.690937243663032	0.7148812768795917	0.7431436766555816	0.6923378736344958	0.7080435666840763	0.73649226922876	0.7411077945736793	0.735929376480788	0.6746618148909983	0.6765770830864865	0.8841567141153054	0.8840413015114259	0.870633346023047	0.8803238719783222	0.7775407686658594	0.8554963937756942	0.7996382468374814	0.8491373132840943	0.8314847488790992	0.8277959382465048	0.8000465778163937	0.7960332674966283	0.7779319247366696	0.8638220737061659	0.8062722288445732	0.7018140102690764	0.6679972539181211	0.8477544103127469	0.9242526201367471	0.8989859148456172	0.9100185286014184	0.8588348941606508	0.7793903170735178	0.9101224343702284	0.8718674467875277	0.8502692787674615	0.8692812431678867	0.8781189128920885	0.9057545676964668	0.7688099990702735	0.7390216169317968	0.734482729616613	0.7640285140646166	0.7510224265092306	0.7948521582313578	0.7910329545636723	0.8079551239487229	0.7209287676233911	0.7638740166590472	0.7616530082676132	0.7579702191816997	0.7736332590273497
e53tigania	0.7158391568071828	0.8265018575448094	0.7424100505842357	0.7536905334641164	0.7700027081055366	0.7707504569498952	0.7646514973376505	0.8198261485864802	0.8921309367382613	0.9318921251429525	0.9440977685009286	0.7625009489094879	1.0	0.8730132512329015	0.9364152508545748	0.6696604921511355	0.5737509070338497	0.5905419422213113	0.8371399225321156	0.8651428046761386	0.8633901072281269	0.8606462706186482	0.8483856668566263	0.8956226846910704	0.8720444465020015	0.8861113340005558	0.8926133848199693	0.8923145308548971	0.9045477774878395	0.8451892130199038	0.8771997588015771	0.7017233672102727	0.8761393242620921	0.8845332658543062	0.8829731520078677	0.895878815144482	0.8331956475292936	0.83392858209306	0.6858228815570457	0.8438405454940181	0.7314231263188296	0.8465605707338998	0.8643198107156259	0.8910181683418632	0.7643328269382653	0.9345872518571858	0.9362568699864496	0.9242585236556513	0.8716795742380233	0.8631337050773448	0.8377479960208318	0.842341927874557	0.8449531761974786	0.8303580575836602	0.8385999192496107	0.8544571277053968	0.8247462530951253	0.8144556944140783	0.8631692993126807	0.9098953176211219	0.8690660948910469	0.8667047363739514	0.8769771861769549	0.8609187610152481	0.8132252973429938	0.8784062989559857	0.829536518512315	0.9320407887452135	0.9297152916959409	0.9289925260438424	0.9008668401302325	0.886526784360242	0.8291111868563351	0.8646528578664188	0.8191363939656895	0.8148605614948612	0.8554703971955452	0.8290334622548005	0.8673577565696363	0.8221007275284932	0.8123717920124093	0.8128137614850983	0.8028453605744448	0.8321408468760405	0.7857169332563627	0.8757472472120547	0.7626618935894097	0.8224121575563773	0.8555056227120837	0.7268858440195607	0.6863305462019105	0.6877253226352632	0.7082081672004849	0.8036664410677765	0.91728149270592	0.6498720694102672	0.7935029947558858	0.7548082560415739	0.7628118576886325	0.8235613886437693	0.749035315677899	0.8259600557929232	0.8502511497736991	0.8431344121699693	0.8383229483026107	0.8603429340687858	0.7980844472265224	0.7716155293714214	0.7724661197664646	0.8672900660145263	0.8189479018308038	0.8331873787199937	0.8469899767482332	0.8299898112347115
e541chuka	0.8207906329732098	0.886716366287424	0.8470034039469821	0.8529839748282302	0.8604733946708553	0.8552049957866803	0.8536262764201873	0.8817810605737708	0.8975879661043339	0.9715466018183587	0.945479495959347	0.8631286093719059	0.8730132512329015	1.0	0.9618346499214246	0.7815650693404254	0.8030357992073659	0.8105930199259043	0.8687047891659744	0.9099254652156098	0.8957829635530468	0.887354360953022	0.9171641863901543	0.9546935492351598	0.9378640869579208	0.9407036418289342	0.9072132198381772	0.8849959437826378	0.908045036245518	0.917214164650765	0.9088767174180072	0.7500264413372174	0.9078945455642277	0.9228804258573557	0.9173018718372743	0.930731559257735	0.9379074180741505	0.8679513787036907	0.7522425796525329	0.8732090281998908	0.7835106351607872	0.8732538311586175	0.8693938210693745	0.8715946255824897	0.7866531414107483	0.9391325704934101	0.9447778481393166	0.93547313475039	0.922922472057976	0.9210058087753007	0.9128601414976282	0.9040626988027681	0.9163264132411995	0.9067790757767316	0.9082151217635817	0.9025869433695162	0.9009631775098625	0.8924779917614284	0.9119072584419334	0.8867582018271598	0.8483812869003436	0.8733207412447936	0.8748224605064273	0.8658903490874152	0.8479412852631476	0.885801848362731	0.8309591747203442	0.9395096285966998	0.9404237479109694	0.9306055276581949	0.9007883719332268	0.8826011793266598	0.950022309940068	0.9641738864064622	0.9388075628395816	0.9522439717095056	0.8927428138432444	0.9411094680979065	0.912128758647593	0.937748317336725	0.9179598522926692	0.9200604765955105	0.9065539677755845	0.901873749689836	0.8819318699298259	0.9719545700304245	0.8368211438892126	0.856510413161561	0.8297414587312427	0.870481337269347	0.8768652436734663	0.9024783661544371	0.9074009956391095	0.9479260901054619	0.9327838061397564	0.8583440916267545	0.9022107907227386	0.9333998199155737	0.9331254955390725	0.9521304226140745	0.9261986946031681	0.8748190207259662	0.8755712697843114	0.8866677599996614	0.8984551344565648	0.8945432367505874	0.8847429866811652	0.8222097069187704	0.8840549084187563	0.8435006383434364	0.870640372050977	0.8873913617688604	0.8871233939216124	0.8842258717138282
e54tharaka	0.7593853300796735	0.8372902148754007	0.7710306082410667	0.7762620237647668	0.7901051389375646	0.7856555675406415	0.7846333186083779	0.8261291026606404	0.9124841457119588	0.9972343595456709	0.9877888217477785	0.7887568369636727	0.9364152508545748	0.9618346499214246	1.0	0.7050915114850369	0.706807805132283	0.7175380513012904	0.8297263795875115	0.9052133118173182	0.9042731307319243	0.8874101196991397	0.8998355597663381	0.9370160671206872	0.9252095890280412	0.9289336901157658	0.9156012912823663	0.8902813959146881	0.9185168389398174	0.8918360177420649	0.9105207370007422	0.6991087525187013	0.9106939149968254	0.9178138897556082	0.9099277565785096	0.9298758779391494	0.909762744680653	0.879197048406687	0.7365511824958946	0.8931898622411393	0.768589159154851	0.8792011228171448	0.893378741396113	0.9110046073779442	0.7800146091680948	0.9751460352022532	0.9735419840310021	0.9557846512767862	0.9246497817219048	0.9208975203294832	0.8972988095583637	0.8927140727446612	0.9095669600418543	0.899068130881761	0.8978660843842375	0.9094226619988688	0.8982036542759326	0.8727696337020253	0.89844902160664	0.9230304202888577	0.8818949134675327	0.8949431434116213	0.9020239626452922	0.8858014558019124	0.8592674916688355	0.913009550070415	0.8532353251168834	0.9674317564866527	0.9682201762052063	0.9625476550508136	0.9446994284691826	0.9217923991480353	0.9108545761585704	0.9342701867399832	0.9060163302043182	0.9086899670316001	0.9018269337524754	0.9097692139253013	0.9095422048351586	0.9037817309563357	0.8891367314531206	0.8876829270777739	0.8835642368008886	0.874001382414872	0.8489041741466817	0.939601023861704	0.8033296282230036	0.8686544073536835	0.8733992877189175	0.8198810404761205	0.7823297494385966	0.8093841786074971	0.8265908324299951	0.9014616557144974	0.9444126629860446	0.743502241382408	0.8464581789841733	0.8561925231634671	0.8607798273318773	0.9041332851689667	0.8589116093000094	0.8721329959338259	0.890157785958433	0.8989427995052564	0.8951595431626076	0.9019249347585329	0.8547548697944014	0.7994807638745859	0.8565038875133317	0.8670492899891299	0.8657416380784304	0.8866905523998226	0.8924375950650552	0.8771895578362074
e55kamba	0.9214968018889074	0.8741752762146684	0.9099043578200233	0.9118307522892641	0.9204992294929205	0.9174679805784947	0.9130676557829496	0.9062717298979064	0.7143160833116519	0.7122513106761601	0.6969599391229875	0.9183309812930955	0.6696604921511355	0.7815650693404254	0.7050915114850369	1.0	0.9375956667463897	0.9403891304862514	0.9065293426638554	0.7844614344943993	0.738609355250788	0.8038519319798957	0.7838347934595385	0.7796739837599005	0.7841178615510058	0.7882433489121901	0.7992643948418771	0.7676875629017559	0.7672813242340224	0.838694662309737	0.7883483900730591	0.8764957900181766	0.8029456909190253	0.7850575714044215	0.8043103163114713	0.7835921996388364	0.8280645027722775	0.7754390245107221	0.717107911542998	0.7025296171343888	0.7929080054124215	0.7596920150894012	0.7033029462233436	0.7089749516803215	0.7963436240520109	0.725701359422271	0.7303326311507081	0.7537166174944239	0.8238094858738301	0.798454579175354	0.848167182881345	0.8389359052429171	0.8167952911515132	0.8153555322657663	0.8472429855430402	0.794977036520739	0.8056411664186277	0.8388567333917518	0.7924407551953497	0.7288891213554419	0.6874890440225746	0.7332589197524464	0.6892534943790323	0.7255214061430991	0.7685481134604127	0.6950061575915221	0.7194979672412476	0.6515536771030614	0.6745870139841162	0.690552670422293	0.6281240293782367	0.6736299416855973	0.8524789437567116	0.8520746863959743	0.8482756068928742	0.8506142882668382	0.7975357341036146	0.8518486739877262	0.8069034764839795	0.8479402523017282	0.8472826672397009	0.8334273501795255	0.8293176930293489	0.7958278267415008	0.8046787817415524	0.7941352468682016	0.8143601706736154	0.7092091188704571	0.6537824826047193	0.8436454235105775	0.8358495456355305	0.8349143560156032	0.8413129661876851	0.7727041183865629	0.7265015001992918	0.8228069295427611	0.7670500544199107	0.7662923814741364	0.8002992595233263	0.7799190922679368	0.8403625289282965	0.8061008142531135	0.758514832706284	0.7549780320003433	0.7856065955713715	0.7723417157592023	0.8272798575355945	0.8451172748406818	0.8497383119160739	0.7147952885989011	0.8032217551074833	0.7853579412891698	0.7778194490329563	0.8018058646088926
e55kambakitu	0.8784939079580051	0.8244093384623613	0.8742497635219929	0.8689600019675302	0.8701710891548559	0.860098418624477	0.8646468544186228	0.8462659844041476	0.6940913691094148	0.7160629298591071	0.6970734191772778	0.8761789391926254	0.5737509070338497	0.8030357992073659	0.706807805132283	0.9375956667463897	1.0	0.9932349362996098	0.8392198150077637	0.7763182004130681	0.7388287628636079	0.7816014248555426	0.7894510854243613	0.7781156589461842	0.7922131769255177	0.7883793244692442	0.7837668594155318	0.7366750099519158	0.7516740054767158	0.8354687739754968	0.7806246113261613	0.8201808721537267	0.7858185090573633	0.780184307747646	0.7871212793131466	0.7701857981985736	0.8488535717134301	0.7661000638565637	0.7037537299013537	0.6984866577480638	0.7672060252830801	0.7506469148027379	0.6991899454198598	0.693034851693814	0.7395483785282004	0.7192533991339177	0.7218258352001081	0.7411435388220314	0.8252164134631746	0.809385476754481	0.8507061127923682	0.842861778590674	0.8279290380311712	0.8333679997643383	0.850609560411352	0.7876203647751487	0.8163406641271319	0.8464377242597922	0.7867363653007282	0.6985983622723303	0.6623856274606377	0.722141357983211	0.6798129107052355	0.7110482942038289	0.7691537236784493	0.6877157415982397	0.705374583971493	0.6490153841939007	0.6730360870132168	0.6850710948071016	0.6286846666768043	0.6652433064234844	0.8716581543171459	0.8622345562789498	0.8696674814515135	0.8825559556465116	0.7848280641774499	0.8798581410014255	0.8000432121552692	0.8764754099867644	0.8740402572936838	0.8638466996197921	0.8592651142969687	0.7964976580167664	0.8251279074670584	0.8021732205935553	0.801524002062183	0.7196557021896057	0.6466489984604116	0.883283410992138	0.8808913548176712	0.8920645622048559	0.8955088380390048	0.814616115735004	0.7230716402905438	0.8664275480748898	0.7800712137994975	0.8205822637380109	0.8382841345781512	0.8139309093311952	0.8842484969623244	0.7945818019212069	0.7461624457010024	0.7544292687310121	0.7869325361469419	0.7617478539970903	0.8312526514526968	0.8055433103800019	0.8660427963956848	0.6824042223306915	0.7901086639408165	0.7808128956927625	0.7769250996052138	0.7973624117064135
e55kambamach	0.8739022431709966	0.8150800064955868	0.8800857088244227	0.8717834415706608	0.8713090506989415	0.8613604611531317	0.8677986984168581	0.8450456100088122	0.702574694909707	0.7264524156904046	0.7082196282962188	0.8752386503634317	0.5905419422213113	0.8105930199259043	0.7175380513012904	0.9403891304862514	0.9932349362996098	1.0	0.835563120775922	0.7822742420055506	0.7435136876001295	0.7887247365499342	0.7880005630821109	0.784877518031553	0.794302147000409	0.795096914475026	0.7891643235126536	0.7414955706759614	0.7576049628960133	0.8360318648021465	0.7880792007123907	0.811123792037347	0.7884558154048242	0.7773243635309769	0.7815588000649478	0.7790723668520214	0.8437392463705303	0.7727259543924564	0.6963980237648236	0.7003213435854317	0.7586396132833548	0.7486037944141934	0.7063480661465747	0.7074478266283106	0.7444491192552088	0.7241774604170644	0.7285517330058405	0.7529500226108149	0.8316442400606845	0.8143424734513756	0.8497726838626167	0.843324236257902	0.824089417514554	0.8268875926803209	0.8513774059600271	0.7974879419771171	0.813447012635456	0.8405385971389175	0.7899268861118041	0.704169133638758	0.668337572671568	0.725592518807184	0.6915327531343621	0.7205549805088333	0.7671718269320408	0.7031314014525141	0.7149626631802858	0.6593624578850914	0.684266834495975	0.6971531964921408	0.6417860657354773	0.6777924949152964	0.8857676500773206	0.869385561376947	0.8873820339562306	0.8944045969510646	0.8013017178943524	0.8866293379041819	0.8110136406368247	0.8804256409438022	0.8801973611020778	0.8686636208549242	0.8638204981882865	0.7952399527292165	0.8233731312082943	0.8074294410989102	0.8110706120213244	0.7236188677171415	0.6495334937000556	0.8786697288394446	0.8769730948288145	0.8887333818230961	0.8848466970874225	0.8208057998123486	0.7321264246676199	0.8599513310529042	0.7789493215413683	0.8164621398140101	0.8346708512198584	0.8208691185835769	0.8762833237304812	0.8011844273859027	0.7535097246079179	0.7551817904277486	0.7858811584493592	0.7700648616655057	0.8304245945880012	0.8037865541999383	0.8610543987295685	0.6811907720308713	0.7992327999411014	0.7850488382109336	0.7791159698563366	0.8007894958459891
e56daiso	0.9213357418768234	0.9492377677001526	0.9339962770088709	0.9402470262724119	0.9417619259383649	0.9414304513485818	0.9390269274329777	0.9513075588992668	0.8415600159615119	0.8351782655010251	0.8141137070988399	0.9394041580154441	0.8371399225321156	0.8687047891659744	0.8297263795875115	0.9065293426638554	0.8392198150077637	0.835563120775922	1.0	0.8704578671070914	0.8352903957830009	0.890041646200742	0.8682917544277781	0.886811462988907	0.8813370082553957	0.8825001342345852	0.8939497809820557	0.8904883703774065	0.8883601387478165	0.9150889924458434	0.9060111604352584	0.878324703856998	0.8645858625199287	0.8719409879957666	0.9111198668072704	0.8747235028293192	0.8765285461529427	0.8132561970324355	0.7533272752489917	0.7750838449723301	0.8229349142301684	0.837533061868028	0.7921756813154046	0.7859813211922023	0.8080830826656793	0.8430394578358933	0.8579503902447505	0.8547212696633999	0.8605870491434243	0.8445439000683287	0.8776327641173444	0.8842367805552244	0.8640143610280644	0.862627883657223	0.8782450433337221	0.8568783506627348	0.8536551199653566	0.8861653310873017	0.8649991140807519	0.8381015768628823	0.7853642587425156	0.8158734034596322	0.7798165368768321	0.805833535078155	0.8182645506200817	0.774100794782757	0.779191056207684	0.8009541327059422	0.8058538983281158	0.8064491086800754	0.7399866944656727	0.747574521556308	0.8810019399317148	0.8980283534827218	0.8704731692900957	0.8719015555019601	0.8246311740791485	0.8764817292389656	0.8638485601483578	0.8587617575330043	0.8539762836232233	0.8531507698541632	0.8317514343399827	0.8439285526987527	0.8180082079587075	0.8870200644132931	0.8284809814637829	0.7632158682547858	0.7672053591381733	0.8541724301252397	0.86093112510625	0.8530825351995898	0.8730934136036167	0.8399779442562405	0.8569671514732614	0.8540323103730726	0.8474395754776216	0.8267391109330398	0.851027296586837	0.8739322083378207	0.8824119122869588	0.8447691231213063	0.8261458156851772	0.7983345525484726	0.8226981110592176	0.8205825136100361	0.8507979105017007	0.8651683792774636	0.8506673059512136	0.8114604277431513	0.8376212118538713	0.8282936162468915	0.8325668777795945	0.8532073066394376
e621bmachame	0.8288569217390727	0.8646852615116702	0.7937494687006758	0.8010324724706662	0.8098069483944206	0.8090974185224399	0.8060159942066532	0.8426295278284887	0.983737922902683	0.9058480143681241	0.8933489713750555	0.8103125822171027	0.8651428046761386	0.9099254652156098	0.9052133118173182	0.7844614344943993	0.7763182004130681	0.7822742420055506	0.8704578671070914	1.0	0.9787965748256995	0.9722318199235694	0.9843968454302323	0.9658751226787152	0.9823475049348357	0.973084873570065	0.9682054356734019	0.9647629176662763	0.967374979985247	0.9626895515788626	0.9707936319365789	0.8069387036585662	0.9521639428738671	0.9352455605671963	0.9464911521553374	0.9421913517937703	0.9560385618422216	0.9233780144553675	0.80706663553545	0.9141516731468239	0.8676494677136362	0.9446344445100999	0.930283058026188	0.9295173691092076	0.8466239500476097	0.9312500230559978	0.919833087523312	0.934932161899183	0.9313690424401041	0.916512985267986	0.9214625837576489	0.9120318545287929	0.9185679512158675	0.9306830220758875	0.9244007482649284	0.9079777169247307	0.9251465628630426	0.9330399255215654	0.9439956178187173	0.9195573032824124	0.901941371430217	0.9347988144621037	0.909902231593276	0.9073128960437511	0.9001607283530061	0.8999287477714035	0.8595924286535214	0.9171209515471808	0.923692324326376	0.9403599190022777	0.863922591723176	0.8850790904501367	0.9213933125213192	0.9403247585119472	0.9139946015712261	0.9171170408607051	0.8633059037086381	0.927257221979991	0.95583397111822	0.9252547697506848	0.9234848726045715	0.9367737872869099	0.914172001793312	0.9348943242663245	0.908427574149454	0.9585164259718809	0.897524756114507	0.905644152869172	0.9012234488180196	0.9039597969639798	0.8474027948885142	0.8354849310712226	0.872575888706343	0.8724516184710417	0.944632996087817	0.8178129777105142	0.9103090995919366	0.9009829510539447	0.9077450381974813	0.9022669303473294	0.871127852938613	0.9048107743256296	0.9044942911224805	0.9064769393106475	0.9129328926549988	0.9071716315636332	0.896000611194288	0.8742830661033938	0.8962191968636168	0.8956573703008326	0.9134925266486883	0.913636179519114	0.9230736799763759	0.9202198996535246
e621csiha	0.8241628051505657	0.8472051054801223	0.7682681154638256	0.7710961089335511	0.7758744328851948	0.7749077709348666	0.7742310370082589	0.8105948592727921	0.9817565152889741	0.9003606534619412	0.8913492417772975	0.777662553681188	0.8633901072281269	0.8957829635530468	0.9042731307319243	0.738609355250788	0.7388287628636079	0.7435136876001295	0.8352903957830009	0.9787965748256995	1.0	0.9485985871134143	0.969840814873551	0.9483703368149575	0.9641084855390807	0.9549395509814519	0.9565988641700598	0.9565748439438159	0.9657234664880868	0.9417759390654482	0.958333494284785	0.7883088108361268	0.9394410176776833	0.9362999947075692	0.9375001736948246	0.9218315347995991	0.9425078024688653	0.9198710686601191	0.801254240758821	0.9282932345836307	0.8598862459564541	0.9380758745105368	0.9399058456170127	0.9284737941164272	0.8347793332218991	0.9325533939140238	0.9197006281223838	0.9231833852262677	0.9152467094788647	0.893193074137286	0.9001576265285935	0.8935219850322726	0.9101707757337297	0.9244309748353094	0.9057200159763381	0.910074870385145	0.9259528321568499	0.922423792323833	0.9473693004637693	0.9277332730696223	0.9135358185349032	0.950616190486052	0.9314688066557577	0.9272920086625214	0.9216164788090615	0.9191200443341919	0.8823250870375868	0.9247830209038626	0.9329836272849794	0.9450066793819838	0.8816511657813334	0.9018777882192748	0.9117501193914127	0.9284783843966468	0.9086149711543032	0.9110373187475647	0.8547852408967203	0.918953424443783	0.9420608186263218	0.9173653159392724	0.9273477434277064	0.9391326566525531	0.9123426506960157	0.9349137449595385	0.9002479178872169	0.9366070609096977	0.9065969352675532	0.9246528256367745	0.9354976903657054	0.9086460057811491	0.8291212579801074	0.8108630865147275	0.8627657377300557	0.8580568473751713	0.9519892822805115	0.7999136548840854	0.9069364720934121	0.8907118490173956	0.8882263440639654	0.8928653328499669	0.8575884485066173	0.9035785050114074	0.917425505406343	0.9160959063383591	0.916334446904227	0.9031832179451789	0.8895825244139043	0.8556370637811835	0.8948962051206398	0.9108551603868973	0.9075960032174866	0.9231747605750318	0.9250109899379763	0.9133489863608819
e621dkibosho	0.8524160838847727	0.8502328025272122	0.7993539940110239	0.8083740857434565	0.813659118553506	0.8107054989850804	0.8062319156203911	0.8370622320319413	0.9554578790643082	0.8874298606092298	0.8793808753378256	0.8088299297062898	0.8606462706186482	0.887354360953022	0.8874101196991397	0.8038519319798957	0.7816014248555426	0.7887247365499342	0.890041646200742	0.9722318199235694	0.9485985871134143	1.0	0.9710717168241765	0.9416601192937563	0.9502046065020376	0.9556106347827439	0.963301348400868	0.973240361185954	0.9681150262375325	0.979028738261878	0.9564488966366561	0.8389802094429613	0.9504522367575275	0.937543977841576	0.9486029468768863	0.9604699499330438	0.9483324566365986	0.9154666728633984	0.819908163695885	0.9000009411899755	0.8743396863589136	0.9408145583505275	0.9104713713157373	0.9142816648801048	0.851250046063843	0.9252492472789147	0.920823089280183	0.9218739615712879	0.9395085888335405	0.9286063976129387	0.9369044877642343	0.933649010689486	0.9296278014406819	0.9316212237440997	0.9415624453066108	0.9212932588908797	0.936722504875566	0.9427476596751654	0.9303504292680762	0.9206114227182758	0.8926196073711364	0.9244315634374785	0.8995418080022284	0.9024171617370611	0.9053340072143485	0.8925588898697241	0.8707213369988084	0.8874797871519471	0.9029299765795229	0.9200627874963424	0.8482818625330995	0.8720415599737091	0.8996533625006276	0.9265472500584083	0.892365975791869	0.8947101732188643	0.8776998203787534	0.9183936021848575	0.9411923347907334	0.9110491491932595	0.9090874013128841	0.9155653404746638	0.9073899658847162	0.9193624541941984	0.8899800217976116	0.9260971260774198	0.894468765116133	0.878200907207993	0.8875069990347942	0.8964910375972507	0.8113302865471038	0.7965329125215549	0.8361403266815535	0.8331876070366817	0.9333312010622334	0.7729678194776505	0.8505878299669523	0.8451206559104308	0.857095474565393	0.8677912580987368	0.8481586358514258	0.9192350233112873	0.9199787811357805	0.9047390300762347	0.9128185365931759	0.9150598488725695	0.9040615260325977	0.8945639663378157	0.9018506951937811	0.8957137631625239	0.9225162960637279	0.9123325831656377	0.9324175362317423	0.9356900568815741
e622akimochi	0.8282858217024596	0.8716912179264751	0.7894056028064905	0.7988521390110546	0.8103397081022612	0.8076162538145136	0.8029485080474338	0.842216587054359	0.9650432273866694	0.90447306110421	0.8891045082236599	0.8105200936566046	0.8483856668566263	0.9171641863901543	0.8998355597663381	0.7838347934595385	0.7894510854243613	0.7880005630821109	0.8682917544277781	0.9843968454302323	0.969840814873551	0.9710717168241765	1.0	0.9663639595399042	0.9829150568107519	0.9753449409766621	0.9629028091827202	0.9648991040037505	0.9685275751061532	0.9775908407513505	0.9640074126131855	0.8049599397561528	0.9569447560618773	0.9415409669991411	0.9478795069862596	0.9497384896244006	0.9739478579629552	0.92072508927669	0.8152757401115149	0.9167212761129903	0.8762961871392535	0.9469671532281734	0.930803440156927	0.9225018938926864	0.8468891820360569	0.9296740139072769	0.9211536066676381	0.933429990034133	0.9395723427149112	0.9300224246945734	0.9322997121453442	0.9219336819170445	0.9352754812826923	0.9475007733969194	0.9356584030105698	0.9069321049115734	0.944166798696836	0.9479465176923646	0.9485482512438278	0.9192559126534432	0.9065338769708948	0.9348632639283493	0.9060994543560935	0.9057384368369557	0.9165936457251321	0.8987320436004064	0.8561835412325299	0.9075567965669503	0.9176410654819226	0.9370420208924206	0.8606610837931984	0.8829070565413082	0.9108963978070044	0.93493230466998	0.9031743974035016	0.9134726103263997	0.8547984879401224	0.9261637790536639	0.9486469463858418	0.9306165784598497	0.9280729696265257	0.9379523755292163	0.9149946513273254	0.9358649826404116	0.9122264349293161	0.9494455962028913	0.8759836391463127	0.9105457471572839	0.9068926721291921	0.9048683835540265	0.8488075166177144	0.8421525972553487	0.8806544675248352	0.8696963838043817	0.945343535353298	0.822906576358828	0.9103735273698276	0.9142492117875158	0.9178080305237202	0.8953917134861404	0.8783795604884198	0.9099277009743741	0.9149906995414142	0.9180118171924257	0.9291906876963453	0.9082212768794283	0.9051953311708342	0.8721629319939436	0.9130573003379564	0.9039523826676874	0.9088889104699848	0.9199548893231836	0.9357425638870314	0.9304444573525973
e622clema	0.8223764893459904	0.8853564624314681	0.829090849013718	0.8354866122606452	0.8436512977039884	0.8428294097177002	0.8412181753781302	0.8752147182616794	0.9574735257193979	0.9462200571318719	0.9415272881361338	0.845514179531642	0.8956226846910704	0.9546935492351598	0.9370160671206872	0.7796739837599005	0.7781156589461842	0.784877518031553	0.886811462988907	0.9658751226787152	0.9483703368149575	0.9416601192937563	0.9663639595399042	1.0	0.9876847151880627	0.985379138613761	0.9571450559397398	0.9562687937989617	0.9633717766450068	0.9580713602985182	0.9660194198825985	0.7931918446107558	0.9505029036831869	0.9501021696224609	0.9498762053175319	0.9578355937940283	0.955227384306578	0.9132097361771214	0.7771406524527616	0.9004557593631513	0.8385454458063152	0.9215353526191021	0.9219992698343707	0.9219044643353473	0.8329114325305956	0.9543373798001205	0.9533698202554652	0.9699665152603387	0.9417125740317102	0.9328496179073175	0.9289496093358689	0.9261640666477503	0.9325297141406048	0.9289122093712838	0.9275214612733326	0.917925262095566	0.9221081825470235	0.9186624076307747	0.9462005893929144	0.9344691074379996	0.9079426450895994	0.9253991448287976	0.906039257821123	0.9049476831680027	0.897483731346373	0.9070372564439105	0.8708350553399389	0.9431862307745196	0.9460184822703499	0.9513982332069064	0.897737303008217	0.9013213087389946	0.9475257205768602	0.9665537664456612	0.9426059255338126	0.9482714431460489	0.9016741974742745	0.9494316023217709	0.9533639529213356	0.9497254927155668	0.94093689345644	0.9379808716073734	0.9206817460337537	0.9403483868523052	0.913607243505491	0.9788299289910704	0.8746715014694265	0.9065698659814685	0.8993754850934182	0.8945596255164371	0.8713803070948358	0.879830282451734	0.8958920015227708	0.9287292321510141	0.9628792131206566	0.8385078375636418	0.9183693422288385	0.9227051370728657	0.9280814831085648	0.9457277651851415	0.9072172256464104	0.9128781074024044	0.9134429810068186	0.91213225120237	0.9247149144959754	0.9190520342343722	0.9090043921109583	0.8678701342996574	0.9019262090102704	0.9009345553344728	0.9030055504119262	0.9169222396743488	0.9254074555429979	0.9196500220707713
e622cmamba	0.8270700471254888	0.8838828636463862	0.8168132954953898	0.8206966430562386	0.8299139888370609	0.8284343711194072	0.8277431807875255	0.8622009413512168	0.9655180580442922	0.9310477343820115	0.9206402121619409	0.8317713359820511	0.8720444465020015	0.9378640869579208	0.9252095890280412	0.7841178615510058	0.7922131769255177	0.794302147000409	0.8813370082553957	0.9823475049348357	0.9641084855390807	0.9502046065020376	0.9829150568107519	0.9876847151880627	1.0	0.984111352964181	0.9655395452943337	0.9537982989165342	0.9630017652495668	0.9626120080587298	0.9759139392064362	0.79421160819008	0.9563867819047304	0.9475671443074112	0.9528721606593822	0.948970372079784	0.9644963052350534	0.9292573921853773	0.7915413818009991	0.9105471770107801	0.8584176027517871	0.9360698572434268	0.9345878120702316	0.9283708627549889	0.8401468871106177	0.9465589752724954	0.9409997238762452	0.9589159020606218	0.9345234624346814	0.9298481666841381	0.9277253610828947	0.9239051573522753	0.9369860481841895	0.9430833520492404	0.9313866213127215	0.9186770167422366	0.9374297951613427	0.9325781859888217	0.9521235456804059	0.9292302428354485	0.9117112539461149	0.9363556323838818	0.9117054269186006	0.909486967956751	0.9129462926093846	0.9075348848772705	0.8676965084379146	0.9320548839869832	0.9351651088341	0.9477743569657736	0.8866972007552582	0.8967107571049165	0.9392061527074307	0.956700512984992	0.9331597093243464	0.9386077195741493	0.8789517767127613	0.9492529881623083	0.9588204609622571	0.9459811000516143	0.9410126027186468	0.9468899485925999	0.9266661826757332	0.9401956585824768	0.9210334335141455	0.9719828690011479	0.8807228944661787	0.9216895992935463	0.913870447313847	0.9156839254289035	0.8781921471999165	0.8803565871363547	0.9043726925947747	0.9194814546105465	0.9583690963810028	0.849240868170303	0.9292128800952834	0.9286820966543115	0.9334593422409734	0.9383468594880106	0.9082719048717661	0.9146469888899582	0.9152453215473022	0.916850763686341	0.926506309474602	0.9131167452964327	0.90909676261528	0.8686958019126919	0.9128568270256674	0.9038845092791993	0.9101636030203228	0.9168741728646528	0.9315532442974118	0.9250510096847498
e622cvunjo	0.8323263053423846	0.8718764811604225	0.819932557867476	0.822988018575379	0.8315884942391936	0.8289178515719406	0.8280365060672719	0.858598426201565	0.953267405503675	0.9376712665807352	0.9257195750623638	0.8288168689035462	0.8861113340005558	0.9407036418289342	0.9289336901157658	0.7882433489121901	0.7883793244692442	0.795096914475026	0.8825001342345852	0.973084873570065	0.9549395509814519	0.9556106347827439	0.9753449409766621	0.985379138613761	0.984111352964181	1.0	0.972800717746441	0.967264213576977	0.9751670203303555	0.9679212397561012	0.9730723015217211	0.8024860965249692	0.9673897698893265	0.9554149203679483	0.9555158793393104	0.9597903159368244	0.9669390091395444	0.9200988695839195	0.7923367505881034	0.9099525719267293	0.8551214621725775	0.9354805178001993	0.9361871558434762	0.9254237526256246	0.8405665577558918	0.9573555471655726	0.9573297461425699	0.9578946952530913	0.9533233692642766	0.9459007172280646	0.940375879209311	0.9420900726763765	0.9450243007181537	0.9425398830543039	0.939064516759664	0.9305845059636063	0.9404073394828281	0.9345839497464778	0.9501530915418864	0.9381479538409183	0.9150827535925071	0.9371384593256621	0.9150980914304472	0.9133761461388705	0.9055388569815334	0.9150406044705769	0.8721210403129049	0.9374490504193457	0.9452731400658922	0.9506567320679498	0.8968905596780872	0.9043612331040689	0.9373505508395622	0.9565197333534144	0.940133695644055	0.940885691743517	0.8985559406217144	0.948417663040099	0.9527000650646653	0.9468469489552785	0.9465865989531461	0.9437686179829623	0.9261604520622126	0.9346950589436623	0.9049920862563887	0.9573127364192026	0.875747588439928	0.9013528734841381	0.9024275714619777	0.9019658653730465	0.850588387946871	0.8500409445518016	0.8742321817379612	0.9004172431971464	0.9580036729607214	0.821534178633885	0.8973377760224405	0.8978218802006783	0.9030930689272385	0.9258227079918904	0.8815167995212724	0.9204829367642617	0.9242619404284048	0.9146422659702294	0.9278167320998453	0.9223330104155393	0.9123645324576397	0.8750292316615907	0.9114705168801289	0.9067354426969987	0.907561631689225	0.9260064281277913	0.9334080013630058	0.9299803533792191
e623akiseri	0.8515310528230313	0.8671816338701169	0.8142279169387914	0.8160638575703465	0.8272536461214895	0.8229977927374319	0.825144557113242	0.8533218076389809	0.9516119940704824	0.9154291856057979	0.9120910366227186	0.8234065874854068	0.8926133848199693	0.9072132198381772	0.9156012912823663	0.7992643948418771	0.7837668594155318	0.7891643235126536	0.8939497809820557	0.9682054356734019	0.9565988641700598	0.963301348400868	0.9629028091827202	0.9571450559397398	0.9655395452943337	0.972800717746441	1.0	0.977325075608286	0.9856974691250292	0.960435971614775	0.972065663789459	0.8346127571788721	0.9597808834181639	0.9486490123077166	0.9518097256080316	0.9487404812755221	0.9561537592577394	0.9356440077633884	0.8031887754429153	0.9025214839633557	0.8714687120213023	0.9492546627707295	0.9348040874804285	0.9275482565853994	0.8580692442235902	0.9502196298232778	0.9521012178810047	0.9575930112543671	0.9503086795402632	0.9436077355045552	0.9419105735315583	0.947028225185238	0.9395625898254417	0.9459362746531071	0.9476645123107025	0.9337501820263254	0.9375141929302359	0.9471907701359426	0.9551017706214195	0.9473139699794817	0.9213403410440265	0.9415977784568145	0.9230720098002622	0.9218817705668471	0.9236598754478182	0.9130978679827051	0.8860240262149549	0.9183785007155096	0.9244927725251303	0.9417946547500341	0.8770027355622715	0.8990637664747413	0.9268375558440446	0.9472220008063237	0.9190198123967249	0.9155092752703423	0.902631501061524	0.9394164881162979	0.9622464281666805	0.9330588958940624	0.936867147210639	0.940831769471231	0.9234465909808786	0.9331086815846207	0.8986611903636763	0.9366994811102153	0.8820697132154293	0.9086997211027982	0.9111211740775571	0.9045959952242988	0.8327849952908374	0.817422210461145	0.8518045825301415	0.864129240903881	0.9551754167955596	0.8014199164321083	0.880391751813993	0.8622025715384029	0.8670339774980349	0.9001420555088322	0.8605511373599622	0.9257976279212294	0.9290589291237094	0.916143733224218	0.9243481204462063	0.921125770306029	0.9132786314339946	0.8892712945596956	0.9056826301898464	0.9218311636766151	0.9140734081935944	0.9168190433742975	0.928751688326304	0.9318833315459096
e623dkeni	0.8261167853330865	0.8553831799943366	0.7884744863009755	0.800446787400861	0.8048004254764668	0.801999252177153	0.79961699551559	0.8370175628816174	0.9596078738369929	0.8927726415811029	0.8901093106623744	0.8018472002222181	0.8923145308548971	0.8849959437826378	0.8902813959146881	0.7676875629017559	0.7366750099519158	0.7414955706759614	0.8904883703774065	0.9647629176662763	0.9565748439438159	0.973240361185954	0.9648991040037505	0.9562687937989617	0.9537982989165342	0.967264213576977	0.977325075608286	1.0	0.989745592434776	0.9631655062689164	0.9647876888958687	0.8391286322946117	0.9540074837073712	0.9468470508208258	0.9577226140908884	0.9533824571111231	0.9384330041754328	0.9066923940913953	0.7976565950264758	0.8898432048727407	0.8688622711913054	0.9373318501898542	0.9167574857775614	0.9161706178879389	0.8459046348843593	0.9321219211810762	0.9349623588815501	0.9393479595734818	0.9365071775960145	0.9207815993207463	0.926340134469144	0.9262664443182013	0.9189119897639261	0.9221452862233818	0.9292480701245602	0.9101539276424514	0.9164971673133019	0.9289878730925691	0.9421458268483583	0.9419664480716035	0.910987334972936	0.9320996812052497	0.9089895112965587	0.9117150052250894	0.9047127055028797	0.8954965439748617	0.868160461793395	0.9103941747873066	0.9207915428056227	0.9327137328248586	0.8578594145829853	0.87914418778341	0.8917952269639496	0.9217945815520683	0.8856922389999452	0.8865025976543545	0.86691117036388	0.9031986282726435	0.9379115451068806	0.8983823078333351	0.9033770603661951	0.9090507995418928	0.8847441590849833	0.9189342693219461	0.8787179792068109	0.9255889383840926	0.875301023854245	0.8839776181669946	0.9073336726264802	0.8668955948437765	0.8028574276879238	0.7825828813612531	0.8247571548405318	0.8281378165040423	0.9508642910997999	0.7679660600307269	0.8661581647386882	0.8470430044857299	0.8572331338009246	0.8698773012519015	0.8372469985777554	0.9059833377233125	0.9148662689822846	0.8909903652707026	0.9037368557117518	0.899397833639346	0.8879060717902516	0.8752945486157292	0.8767882160748705	0.9151249856653526	0.9022000603161907	0.9072720938017276	0.9177652004795883	0.9148141694806688
e623mkuu	0.8261134035574162	0.8588164315166439	0.7959972127397599	0.8022873882596753	0.8068914815777074	0.8024771510205138	0.803191526397573	0.8401126792174738	0.959897210511265	0.9211964126813822	0.9172543475914461	0.805725050295656	0.9045477774878395	0.908045036245518	0.9185168389398174	0.7672813242340224	0.7516740054767158	0.7576049628960133	0.8883601387478165	0.967374979985247	0.9657234664880868	0.9681150262375325	0.9685275751061532	0.9633717766450068	0.9630017652495668	0.9751670203303555	0.9856974691250292	0.989745592434776	1.0	0.964396334971974	0.9690527827673986	0.8187903602025453	0.9579580095468232	0.9535516812447922	0.9552230136648637	0.9606254124735376	0.9553389323621418	0.9249480998155513	0.7930573790667276	0.9085690543200237	0.8642728412229019	0.9468460579917383	0.9402961439171732	0.935304473733822	0.8450751742194261	0.9549463851461955	0.957372367233571	0.9538244596347293	0.9484531941976087	0.9374345311104167	0.9320704099246412	0.9385977123293219	0.9335279042441958	0.9404754061659316	0.9373594428216225	0.9269385552378617	0.9336712949881275	0.9422818588979206	0.9571099580859842	0.9528294463522704	0.9285725972463177	0.9504992106527581	0.9344644497088643	0.9328305037446608	0.9203314139159746	0.9232533531165319	0.890958215563328	0.9336357242306255	0.9416800253239196	0.9527642893455304	0.8951191809469187	0.9094524331869548	0.9107808044069524	0.9364868468422403	0.907043068319028	0.9080628062377539	0.8903110799692252	0.9268594252171009	0.9502437563792705	0.9216937992393988	0.9287505255624828	0.9305669836906879	0.9091182016696556	0.9336313598761692	0.8959655647013764	0.9339729448083423	0.8769171490020905	0.9037685759929203	0.9241610312632219	0.8844514942304735	0.8155561029241146	0.8007724691173961	0.837972189829628	0.8581371631131199	0.9685560407409367	0.7826880872564189	0.8802755106805897	0.8615202457378728	0.8684061014388103	0.8899794140935471	0.8461875666569452	0.920722007394591	0.9315982137343846	0.9113997940153709	0.919686095945981	0.9192574133992074	0.9055226240803208	0.8743882924460357	0.8916223959252131	0.9312024400386709	0.9101941620548694	0.9225443194388879	0.9332121662034965	0.9313964257345424
e64kahe	0.8915104205016193	0.8933421712927293	0.848299684246063	0.8576582041057066	0.8634044613449191	0.8600847874805101	0.8576390636754259	0.8779597320537376	0.9366875081340013	0.8974449128666626	0.8823813333780512	0.8601546759572124	0.8451892130199038	0.917214164650765	0.8918360177420649	0.838694662309737	0.8354687739754968	0.8360318648021465	0.9150889924458434	0.9626895515788626	0.9417759390654482	0.979028738261878	0.9775908407513505	0.9580713602985182	0.9626120080587298	0.9679212397561012	0.960435971614775	0.9631655062689164	0.964396334971974	1.0	0.9641656166603846	0.8525698999804414	0.9561613449579591	0.9472641785019296	0.9574130110516209	0.9599683681124362	0.9675410281179782	0.9121062768997283	0.8247345650889075	0.8948533952239948	0.88029552358314	0.9319159763490902	0.9048329454040458	0.8930342258558389	0.854258087624787	0.9260519460700825	0.9257671449960165	0.926371662672033	0.9447473738318769	0.9335654085882183	0.9489604116791918	0.9470276952865089	0.9482300378513264	0.9476747244887341	0.9530587804576259	0.9259456582595933	0.9520059317966508	0.9536829443445614	0.9382334318655127	0.917142950593886	0.8912570090150663	0.9204740950594562	0.8844740577512634	0.8998109503079789	0.9214767323389588	0.8848556158347783	0.8690806269671391	0.8814490247825363	0.8949007074687007	0.9107338807403397	0.8384024296689744	0.8598604200393989	0.9229781286941102	0.9461986572232343	0.917923590207706	0.9228710055034302	0.8910074121363949	0.938481955727571	0.9432110573749345	0.9347191683272302	0.9334260077618332	0.9301917184128349	0.9160267519996025	0.9279455655966854	0.9029855911590616	0.9389786935780401	0.890422767079334	0.8852812677890977	0.8870008110403074	0.9172897743582564	0.859213382077042	0.8521096178272703	0.8896384368378549	0.8679045888753479	0.9358577597743288	0.8307153353019368	0.8802257976903265	0.886530038186808	0.8953033280715524	0.9000298280812354	0.8942150479034752	0.9298124704411964	0.9262893360663909	0.9171431346606794	0.9322483610984154	0.9181852280839331	0.9231920755697524	0.9102579442538601	0.9341141871362126	0.9044108513028688	0.9178955227035513	0.9237971530530245	0.9381215410677683	0.94230498169507
e65gweno	0.8462059433192626	0.887289615553551	0.8388613064687467	0.8392586109771917	0.8440775615954037	0.8433721243431035	0.8456594017165622	0.86937746367446	0.9597502770510872	0.9102350988188187	0.8954077623438661	0.8400065828829446	0.8771997588015771	0.9088767174180072	0.9105207370007422	0.7883483900730591	0.7806246113261613	0.7880792007123907	0.9060111604352584	0.9707936319365789	0.958333494284785	0.9564488966366561	0.9640074126131855	0.9660194198825985	0.9759139392064362	0.9730723015217211	0.972065663789459	0.9647876888958687	0.9690527827673986	0.9641656166603846	1.0	0.8110865727492449	0.9376510083516498	0.926544253335904	0.9494387976241422	0.933308681359396	0.9395117680909084	0.8993720121061287	0.7985228153889964	0.8916462712580341	0.8667507715210476	0.9276344345499309	0.9190069134243537	0.9080284663681546	0.8432079042415673	0.9300415952167373	0.9304731118993734	0.9372993599419199	0.9198349162049119	0.9028344103606558	0.9118945083802674	0.9207306303694317	0.9180842749164582	0.925907879875456	0.915750114247916	0.9185323453593118	0.9233662158806691	0.9318683770577415	0.9363320273721911	0.9244629445845769	0.8968075800991444	0.9194665934328935	0.8892723397476365	0.8987764538010433	0.8988774008057338	0.8825985538694934	0.8522092577173173	0.9082321962292778	0.9120924675764712	0.9229981937977597	0.8491201949420621	0.8618545867044717	0.9181090497302445	0.932339151362875	0.922330291495563	0.9145651795801131	0.8618459755642541	0.9211873631544447	0.9461669569313725	0.9096355443321436	0.9182422060966002	0.9238976383379458	0.8957590819711325	0.9027559397071797	0.8711494410467464	0.9400805387461961	0.8665515606064934	0.8819395511391531	0.8998898866934586	0.8912930647771538	0.8546415294791256	0.8410174566425149	0.8705243995140395	0.8748689302930838	0.9476826910111573	0.8265258120636584	0.9007878743425083	0.8774433356654449	0.8852674798460154	0.9177562880517036	0.8729949023241982	0.9007342333186391	0.9068812464344587	0.8867983296468147	0.898170422883283	0.8926328364286185	0.8866343003184004	0.8737474789205932	0.8953372134847049	0.8898028798339266	0.8923317346780696	0.90528442298807	0.9138040423541258	0.9169014890935271
e701elwana	0.9033593087747799	0.8252185955805932	0.8233788194199273	0.8366383953563946	0.8330015357105927	0.8303003063302891	0.825526806257955	0.8352780827198325	0.7772456410285381	0.703983263039774	0.7005171379775242	0.8333571694084194	0.7017233672102727	0.7500264413372174	0.6991087525187013	0.8764957900181766	0.8201808721537267	0.811123792037347	0.878324703856998	0.8069387036585662	0.7883088108361268	0.8389802094429613	0.8049599397561528	0.7931918446107558	0.79421160819008	0.8024860965249692	0.8346127571788721	0.8391286322946117	0.8187903602025453	0.8525698999804414	0.8110865727492449	1.0	0.8290783380247723	0.8375424744414831	0.8443641074774446	0.8127034980684485	0.8288461869606985	0.8090424198941666	0.8688636473905794	0.7656941035574691	0.914368089012954	0.8289730710904886	0.7644513045856026	0.7585836804214712	0.8903159078506448	0.7505294408047831	0.7609752462812142	0.7782262758907772	0.8199939655066035	0.7949293871059145	0.8691663329598959	0.8633278706792356	0.837880927524862	0.8392198646559892	0.8632335536134225	0.8367041278886013	0.8300188688027708	0.87091668067989	0.8364831198054592	0.8064379243598823	0.7750596148657579	0.8081875750197115	0.7639568286745131	0.803559718851121	0.8279543054195925	0.7569655020121532	0.8048273244837615	0.6934487087206006	0.7209420649897482	0.7330651271251603	0.6680783162139744	0.7257537507174657	0.8078971049116477	0.834844664752926	0.7884932914193892	0.7940727034473098	0.8023946001358137	0.8338045182588585	0.8269935706976684	0.8233837280076118	0.8277775874198027	0.8307759253739108	0.8296888422697417	0.8473086114777728	0.8262116805274481	0.7906562768538561	0.864799471025051	0.7563522688405296	0.7488781525723505	0.836060453056504	0.7768798757761693	0.75068315968393	0.782436897972253	0.7149472398934263	0.7898403583983813	0.7517484659361158	0.7460398609201635	0.7332846392001205	0.7587565447570498	0.7525577389212288	0.7932581587877284	0.8587349398466311	0.8214771516352989	0.8029732512048455	0.8201503054752339	0.8117672432441086	0.8622391863387663	0.920406435940355	0.8578900894519511	0.8119316800128694	0.8527276101746313	0.8286958281281491	0.8233015321885643	0.84056043457368
e71aupperpokomo	0.8420007859592515	0.8425135701218943	0.7885942399671032	0.7964320275305972	0.8021105657388768	0.7989935481672491	0.7937412743062224	0.829106451731253	0.9331096484707935	0.9180243689679906	0.9115729582981467	0.7985152236450994	0.8761393242620921	0.9078945455642277	0.9106939149968254	0.8029456909190253	0.7858185090573633	0.7884558154048242	0.8645858625199287	0.9521639428738671	0.9394410176776833	0.9504522367575275	0.9569447560618773	0.9505029036831869	0.9563867819047304	0.9673897698893265	0.9597808834181639	0.9540074837073712	0.9579580095468232	0.9561613449579591	0.9376510083516498	0.8290783380247723	1.0	0.9722090999415833	0.9651772115637354	0.9615881570476746	0.9671348534742447	0.9392134080139013	0.8108375105163671	0.9268635371597891	0.8701893590026336	0.95002364830076	0.9397819968849954	0.9352459545978511	0.8509205119097253	0.9576394249489953	0.9542673972205974	0.9492289858320624	0.9645272106074498	0.9609723391016619	0.9606142466407636	0.9577548882989243	0.9642640196590676	0.9583161183890934	0.9587496361131086	0.9440664000435681	0.9592854240643921	0.9436714014361337	0.9593626084602855	0.9469843564175224	0.9322293524351377	0.9518012743454043	0.9301275225130674	0.9305981462896767	0.9264977624987433	0.9334204417685565	0.9002481981256385	0.922643426754515	0.9388815039507967	0.950332727784585	0.907469080683452	0.9244905112222062	0.9172408028448754	0.9462914254644675	0.9125248263873011	0.9143840256738933	0.9221786852069478	0.9460025643199267	0.9479461459184131	0.9472296734832586	0.9417542575720015	0.9378579981173054	0.9349897889342816	0.9450373152993469	0.9170028617841738	0.9278742926447351	0.8931646857531378	0.9083388533837495	0.9123508594665941	0.8994417720320316	0.8021686200294401	0.8013279824888712	0.8338100670265248	0.8581724574482144	0.9489732929721486	0.7644447855361842	0.8487678638228643	0.852884175211468	0.8649207194116143	0.8763564828622102	0.8523157990585196	0.9414837188069056	0.9448531232206498	0.9378855324666168	0.9459692852737804	0.9379879277716956	0.9248382043215733	0.8989633950873265	0.9260622476248598	0.9362035655247903	0.9328968788396893	0.9346907852385203	0.9489616976861556	0.9396955257712161
e72agiryama	0.8506836229760049	0.8556590902630127	0.7983789107056966	0.8096180898981532	0.8111221776736818	0.8058782923633756	0.8013108310372519	0.8375252358514309	0.9239720630450037	0.9243521247668536	0.9249960870050905	0.810058733369371	0.8845332658543062	0.9228804258573557	0.9178138897556082	0.7850575714044215	0.780184307747646	0.7773243635309769	0.8719409879957666	0.9352455605671963	0.9362999947075692	0.937543977841576	0.9415409669991411	0.9501021696224609	0.9475671443074112	0.9554149203679483	0.9486490123077166	0.9468470508208258	0.9535516812447922	0.9472641785019296	0.926544253335904	0.8375424744414831	0.9722090999415833	1.0	0.9763882791578598	0.9665608227190916	0.9554184784644038	0.932216677060559	0.8068786739602959	0.9252956135541852	0.8564399853651296	0.9409084817913609	0.9230422550040855	0.9270566894850283	0.8437895497452671	0.9562665951054684	0.958820903005821	0.9523603189104194	0.9549522098832506	0.951546920089252	0.9578072564025327	0.9586595665942552	0.9694602788286315	0.9586129550959144	0.9592662038135501	0.9499283383790811	0.9564868956283527	0.9392571298972847	0.9617546426851968	0.9534760667580627	0.9241857970631902	0.9507249049812986	0.9404771641812876	0.9463493410198299	0.937039226448299	0.9433477672281578	0.9204271426943286	0.9333164713161437	0.9467734389311866	0.9509916522591499	0.9175668454383767	0.9299705633756301	0.9215553781567115	0.9554374036693384	0.9088169736948636	0.9189700229657248	0.9273028245534439	0.9536390082354279	0.9433511731827051	0.9448814454539184	0.9420247894878347	0.9417619111744993	0.9415554479938278	0.9520952150344749	0.9293176036502072	0.9387815177373908	0.8984014013104556	0.9283967648640213	0.9292517080241226	0.9012908314807523	0.8154522090914412	0.8239124045634859	0.8530288853062975	0.8801659927386255	0.9655297072165304	0.7771664060704876	0.8544049884605727	0.8682025845150515	0.869730571375256	0.8989355378910293	0.882459364509115	0.9446982285266377	0.9474273315514474	0.9452382441533599	0.9527494800718634	0.9445987199579758	0.9367836825922089	0.8940217684851725	0.9293531546598469	0.9396598882648659	0.9305135053385146	0.9363893249871836	0.9533656979509871	0.9400555541351564
e73digo	0.8586779941987372	0.8938429294658893	0.8427224487837764	0.8531001177862981	0.8511371666916021	0.8489310587115546	0.846327690987369	0.8766184065722648	0.9354862251065438	0.9136578520474763	0.9045001821609104	0.8527861469696579	0.8829731520078677	0.9173018718372743	0.9099277565785096	0.8043103163114713	0.7871212793131466	0.7815588000649478	0.9111198668072704	0.9464911521553374	0.9375001736948246	0.9486029468768863	0.9478795069862596	0.9498762053175319	0.9528721606593822	0.9555158793393104	0.9518097256080316	0.9577226140908884	0.9552230136648637	0.9574130110516209	0.9494387976241422	0.8443641074774446	0.9651772115637354	0.9763882791578598	1.0	0.9433662566407698	0.9431009326495137	0.8899861273261415	0.7869558360984915	0.8801260655952511	0.85661499597454	0.914839950630748	0.8940863231182307	0.8854166278707644	0.8124172023566943	0.9458562702975527	0.9460692044796742	0.9240045818641778	0.9291321920356737	0.9219168588037161	0.9280232741195159	0.9290164727453735	0.933590931501884	0.9271465981803405	0.9263127484542318	0.9121203116328948	0.9261991999255621	0.9231565659845398	0.9350877572699524	0.915943873090687	0.8782747903399523	0.9119266266237891	0.888083144828291	0.8967575040472487	0.8906321760810194	0.8844087858899007	0.8557046359219029	0.9183898553085346	0.9266108232159549	0.9248408934652014	0.8761411432638225	0.8745479447864823	0.9170586835498875	0.9461890387409029	0.9053308395697574	0.9121654327013189	0.8728853617567436	0.9262439759285007	0.9152989831330866	0.920826075652025	0.910305599298855	0.9173605447649658	0.8969162099002037	0.9174875603156231	0.8797554645019477	0.9404237549465914	0.8880654988543565	0.8669125897046158	0.8837358563249176	0.9027810558456953	0.8536524006596561	0.8425329407679146	0.8779446555470294	0.8818136347310466	0.9421392933236223	0.82022222882882	0.8876890119293496	0.8764463448441103	0.890505994756648	0.9099666668735645	0.8965135942770633	0.8963096184542932	0.9016473628574265	0.8883434068263852	0.9006506832027161	0.8888764740593303	0.88776571818606	0.8698104646710303	0.8923554891788735	0.8978012426607883	0.8912236586524245	0.8923397045068094	0.9098201147075474	0.901270848030069
e74adawida	0.8265100905595484	0.838150168534735	0.7780886688623765	0.7922174396317702	0.7971157263815934	0.7901608540999113	0.7861515315759146	0.8253719772173165	0.9231405895347811	0.9376613970718128	0.9355617643917555	0.7946952252052392	0.895878815144482	0.930731559257735	0.9298758779391494	0.7835921996388364	0.7701857981985736	0.7790723668520214	0.8747235028293192	0.9421913517937703	0.9218315347995991	0.9604699499330438	0.9497384896244006	0.9578355937940283	0.948970372079784	0.9597903159368244	0.9487404812755221	0.9533824571111231	0.9606254124735376	0.9599683681124362	0.933308681359396	0.8127034980684485	0.9615881570476746	0.9665608227190916	0.9433662566407698	1.0	0.9536542723610354	0.9376231529121065	0.7980819677622153	0.9224237767087082	0.8435508218406038	0.9395590046770235	0.9195382074367356	0.9519861442575273	0.8490609494327397	0.9536712716177678	0.9595934935028941	0.9673856502638662	0.9620758558568407	0.9627384424251522	0.9573902569058972	0.9609698898263923	0.9653856553869744	0.9542910744965167	0.9635300760846925	0.9528615387854004	0.9523405541570072	0.9409444955806918	0.9567795705219866	0.9527598841279286	0.9294632599360281	0.9429176084135051	0.9439213214995253	0.9405946784479928	0.9262234486123585	0.9465317550775305	0.9100863959729673	0.937406360435357	0.951237374944719	0.9640888637811139	0.9223774730022122	0.935416609039446	0.9205183556970463	0.9516885426231373	0.9088000409786837	0.9172566434701237	0.9375875933960015	0.947727899694436	0.9609157249629279	0.9408410087341091	0.9361462000189883	0.9354899676170546	0.9352349844608483	0.9396919621298488	0.932678828416751	0.945783048952759	0.8734298010933024	0.9234358136428179	0.9124378715909411	0.8676029770506464	0.7923783160933039	0.815631648595699	0.8267473362810858	0.8806973141178991	0.9670264796892756	0.7521697426994549	0.8410810186720125	0.8649961423992096	0.871853070618157	0.8908746093851633	0.8684729061111967	0.9468753656653245	0.9492632188976515	0.9424343419168705	0.950509292682945	0.9571549988821644	0.9350092518757291	0.8917108446255683	0.92114738832325	0.9286619471047689	0.938136372958051	0.9325548198083138	0.9565385615246071	0.949799635056598
e74atuveta	0.8624602810970831	0.8676925840026297	0.8140099764343263	0.8190264781829519	0.8276332827083309	0.8220026844191647	0.8179226173691225	0.8517142228483331	0.9278206960261979	0.9183329233567022	0.8996558753842755	0.8278867833582397	0.8331956475292936	0.9379074180741505	0.909762744680653	0.8280645027722775	0.8488535717134301	0.8437392463705303	0.8765285461529427	0.9560385618422216	0.9425078024688653	0.9483324566365986	0.9739478579629552	0.955227384306578	0.9644963052350534	0.9669390091395444	0.9561537592577394	0.9384330041754328	0.9553389323621418	0.9675410281179782	0.9395117680909084	0.8288461869606985	0.9671348534742447	0.9554184784644038	0.9431009326495137	0.9536542723610354	1.0	0.942446707610047	0.8370626223275899	0.9375048951329452	0.890187336627029	0.9654298606720425	0.9385809957778055	0.9254847862285944	0.8625754716154695	0.939631092072583	0.935975176461576	0.9384816514177907	0.9690777680771853	0.965696994097797	0.9725209574795116	0.9678517490193596	0.9729954623296233	0.9825937635339567	0.9696407688094967	0.9420234713239801	0.9718658607529304	0.9768272898381233	0.9627651573810585	0.9301406068923902	0.9170831132392139	0.9456819310207656	0.9186565177657473	0.919998668834315	0.928402457529704	0.920272552878356	0.8875815217650208	0.9117467643955084	0.9254655680810661	0.9379018016182197	0.8897506894587641	0.9116587594613965	0.9298184522469104	0.9541179543046017	0.9240392520575853	0.9364131581499884	0.9093837316349299	0.9610759095373108	0.9587931111098815	0.965822359634214	0.961423887125187	0.9635828483717015	0.959930534120855	0.958087254415808	0.9419212916727142	0.9460551022085194	0.8848237082515512	0.9119120667659765	0.900041347053404	0.9267489441454836	0.8550748186983393	0.8620200878730256	0.889950139180597	0.8909976080398212	0.9478335669539416	0.8305050886344028	0.8874576652247486	0.9066176452159411	0.9125157851472987	0.9022591465620378	0.888625785882423	0.9391391965557696	0.9367888203520242	0.943704491753081	0.9546915286341621	0.9409541006804526	0.9468857350556646	0.9040292297352284	0.948669536033149	0.9173326566879392	0.9338402985437544	0.94661300224836	0.9536009587912374	0.9559926051247831
f12bende	0.8209937849622752	0.7851837603488452	0.7274993713682412	0.7313898048659367	0.7463520635410799	0.7392516467022097	0.7380178197633186	0.7732614520648565	0.9090186722581507	0.8821453343143415	0.8857564499810502	0.7445005842759558	0.83392858209306	0.8679513787036907	0.879197048406687	0.7754390245107221	0.7661000638565637	0.7727259543924564	0.8132561970324355	0.9233780144553675	0.9198710686601191	0.9154666728633984	0.92072508927669	0.9132097361771214	0.9292573921853773	0.9200988695839195	0.9356440077633884	0.9066923940913953	0.9249480998155513	0.9121062768997283	0.8993720121061287	0.8090424198941666	0.9392134080139013	0.932216677060559	0.8899861273261415	0.9376231529121065	0.942446707610047	1.0	0.8226035554438899	0.9473133412995455	0.8899744877037805	0.9572518963299448	0.9502456132241807	0.9553369401957243	0.8832211313815175	0.9080981306853138	0.9063045908009449	0.9462919344417915	0.9290782683020318	0.9275048998392843	0.9459039445559155	0.9419569549472222	0.9516765700975446	0.9563918771421202	0.9561747161845655	0.9557443852622258	0.9518232512828007	0.9405958156884344	0.9653346994460857	0.9540291140124108	0.9581575150088187	0.9712389776141084	0.9617442633597098	0.9640819406963254	0.961676055300131	0.9579673855446011	0.9556732766155227	0.8829916811915252	0.9021298221208582	0.9300201539480296	0.9029361775957274	0.9536060037421914	0.8877165266874417	0.9136195409835524	0.8767063295707244	0.8804410052134102	0.9345678265762517	0.9425425955364268	0.9702165098932994	0.9299076244443322	0.9379507272138677	0.9384315796637837	0.9573242594687325	0.9572120144248829	0.9624505096419846	0.9021078968061439	0.9110623477992121	0.9623661281364201	0.9449880774578315	0.8888063991137843	0.7870278990565628	0.7903477052682588	0.8055690987840501	0.8479425571066589	0.9430381563190049	0.739002755676364	0.8329919232035555	0.8312542273441225	0.8457815507632606	0.8424086461598614	0.8216810463201439	0.9693482576018414	0.962173143703712	0.9634350788642885	0.9613139801148687	0.9672892671440194	0.9579859406517292	0.9104221652968398	0.9395001627401958	0.9531056778266238	0.969744828226745	0.9541249021655323	0.9674318807727409	0.964507632251574
f21ntuzu	0.8006383977572309	0.7119737549954614	0.6619448870840421	0.6728414562583209	0.6852298135932752	0.6836527856757973	0.6723131011513878	0.6989719529096821	0.7977028652744313	0.7347079495983291	0.7120601024477573	0.6761072564656934	0.6858228815570457	0.7522425796525329	0.7365511824958946	0.717107911542998	0.7037537299013537	0.6963980237648236	0.7533272752489917	0.80706663553545	0.801254240758821	0.819908163695885	0.8152757401115149	0.7771406524527616	0.7915413818009991	0.7923367505881034	0.8031887754429153	0.7976565950264758	0.7930573790667276	0.8247345650889075	0.7985228153889964	0.8688636473905794	0.8108375105163671	0.8068786739602959	0.7869558360984915	0.7980819677622153	0.8370626223275899	0.8226035554438899	1.0	0.8640511004687761	0.9500692094507301	0.8695491537488261	0.8130559899543203	0.8010413158379643	0.9474301865611975	0.7563304712938406	0.7537304893143487	0.7812142068688824	0.8118993028838545	0.7833589264725268	0.8547173024287403	0.8398108060187404	0.8444401974432407	0.8550422026867738	0.8464679632115576	0.8477837690857302	0.856673899848909	0.8716272841207189	0.8285705227887477	0.8327934972382663	0.8238639830253984	0.834859358989728	0.7902365546418709	0.8199332988987457	0.8411180121396474	0.7984762380494783	0.8106391243295686	0.719853727615644	0.74523156137506	0.765687187392262	0.7014728635454661	0.7638776266389921	0.7383062422767193	0.7738331335364999	0.7350688273316626	0.7374810600907156	0.7856839334238764	0.78675728660702	0.8334206959560134	0.7829062328839763	0.794086453345899	0.7975200494776435	0.8185593651188087	0.8257189605799254	0.8082885767045727	0.7690670299339384	0.7895735863513293	0.7873936179624559	0.8016863177114769	0.7683569101615807	0.6611850249534813	0.6603164106178046	0.7054613984295133	0.6612765315952555	0.8005611095270322	0.64028960009516	0.6844078082254809	0.7050855763842644	0.7124714934883875	0.6981703428499243	0.7055262323154009	0.8715841162939573	0.847956321018502	0.8624281103049052	0.8528962331500818	0.8426987152623017	0.8528792564842554	0.9183364874734294	0.8626128473523342	0.8231824173790674	0.8613654424732754	0.8676030542351644	0.8569020041052846	0.8693041039112017
f21sukuma	0.7972541511866715	0.7572179089385646	0.6748425827628298	0.6821188457115986	0.6952221899976854	0.6923601448039461	0.6836817130134226	0.7326746810635721	0.9196971659010277	0.8925125208817877	0.8824102402376754	0.6904717651077972	0.8438405454940181	0.8732090281998908	0.8931898622411393	0.7025296171343888	0.6984866577480638	0.7003213435854317	0.7750838449723301	0.9141516731468239	0.9282932345836307	0.9000009411899755	0.9167212761129903	0.9004557593631513	0.9105471770107801	0.9099525719267293	0.9025214839633557	0.8898432048727407	0.9085690543200237	0.8948533952239948	0.8916462712580341	0.7656941035574691	0.9268635371597891	0.9252956135541852	0.8801260655952511	0.9224237767087082	0.9375048951329452	0.9473133412995455	0.8640511004687761	1.0	0.880197055800018	0.9743975649454757	0.9664289077130356	0.9587940612775933	0.8808014054843868	0.9120812580899758	0.902523698855429	0.9207090675547036	0.917873281667707	0.8999454216317089	0.9316645404603133	0.9260521459430643	0.9464291337749261	0.9542913418945911	0.9263658628348325	0.9548225283819417	0.9550441142425918	0.9454221492043842	0.9515079768659697	0.9602024388806328	0.9695130648553796	0.9760557679775654	0.9605708725300289	0.9630207679988634	0.9445149459458614	0.9647708458496738	0.9413372575212802	0.9035835475190691	0.9253363549768215	0.9414145219125905	0.9092591402429949	0.9510777227974495	0.8463135809347313	0.8830116801423772	0.8455212537849499	0.8499591407565502	0.9058400801893658	0.9020075697608521	0.9480171165081378	0.9049542964412756	0.9150613884723947	0.9180055388701795	0.937227633885025	0.9468924065605249	0.9304083405922002	0.8850471944854676	0.8739524901319763	0.9356231241352327	0.9507334386422078	0.846139870565849	0.7125528768526801	0.7230903487269961	0.7598175409523145	0.7952148953990198	0.9456811598603462	0.6806514795327365	0.7940576305753622	0.812391938045024	0.8105130796468487	0.8124728206559921	0.772537680608593	0.9491193270441697	0.965486324013717	0.9723949848483154	0.9666418673397477	0.9700486793965428	0.9451441258510335	0.9088466594084765	0.9360294088741715	0.9535299765795177	0.9585175218179822	0.9753444977012241	0.9747554327106158	0.9677152827816656
f22nyamwezi	0.8351004277691652	0.7759330114524817	0.727349671597804	0.735914942525437	0.7472365977604585	0.7440300695198008	0.7380500544576107	0.7657807057000896	0.8506903867338097	0.770542293445669	0.7543945510643092	0.7452031128360527	0.7314231263188296	0.7835106351607872	0.768589159154851	0.7929080054124215	0.7672060252830801	0.7586396132833548	0.8229349142301684	0.8676494677136362	0.8598862459564541	0.8743396863589136	0.8762961871392535	0.8385454458063152	0.8584176027517871	0.8551214621725775	0.8714687120213023	0.8688622711913054	0.8642728412229019	0.88029552358314	0.8667507715210476	0.914368089012954	0.8701893590026336	0.8564399853651296	0.85661499597454	0.8435508218406038	0.890187336627029	0.8899744877037805	0.9500692094507301	0.880197055800018	1.0	0.910534444159904	0.8657790435865292	0.850611120878114	0.9410969825933561	0.8020202333715093	0.8014355808416318	0.8318098472684131	0.860317642753304	0.830890608279522	0.8968224602211352	0.8879399638072741	0.8852610179451721	0.9012054718668262	0.8919878851962095	0.8851431312453866	0.89850485091363	0.9219805874147082	0.890623326862653	0.876941786922144	0.8683508076656727	0.887619169291138	0.8393789330374481	0.8723804267173325	0.8899253826299205	0.8328514997701733	0.8505203641058494	0.7589851591448802	0.7867300688751364	0.8080916715349107	0.7544198372485739	0.8217263207630716	0.7937782183077912	0.826822974821261	0.7926397432169059	0.7940352763159301	0.8111891598601859	0.8417992934085188	0.8816956261951513	0.8346552095049746	0.851770479693701	0.8582324124854068	0.8638178087065038	0.8759438924871172	0.858597549665002	0.8137318443011857	0.8571991905134079	0.8335080430908124	0.8521583364584343	0.8275348037027648	0.7528705134841015	0.7395957661478412	0.76731750801166	0.7349492470268831	0.8515377112576799	0.7158260141815467	0.7785295767905004	0.7576456759135235	0.7914774076183784	0.753769837644725	0.7613789857714025	0.904903654036607	0.8856351446667305	0.8785310784880785	0.881679350987316	0.8677907728343152	0.8903541118774452	0.9314829929799645	0.896456254164965	0.8733946828011085	0.896627102569835	0.9019444994883743	0.8965981671421455	0.9061888628007196
f23sumbwa	0.8282568656956235	0.7977127291239479	0.7264662329831088	0.7344779589798901	0.7436894080486013	0.7400172139214939	0.7336146803611436	0.7792128013034082	0.9388221328118262	0.8807072779123466	0.8714649870309082	0.73992453591025	0.8465605707338998	0.8732538311586175	0.8792011228171448	0.7596920150894012	0.7506469148027379	0.7486037944141934	0.837533061868028	0.9446344445100999	0.9380758745105368	0.9408145583505275	0.9469671532281734	0.9215353526191021	0.9360698572434268	0.9354805178001993	0.9492546627707295	0.9373318501898542	0.9468460579917383	0.9319159763490902	0.9276344345499309	0.8289730710904886	0.95002364830076	0.9409084817913609	0.914839950630748	0.9395590046770235	0.9654298606720425	0.9572518963299448	0.8695491537488261	0.9743975649454757	0.910534444159904	1.0	0.9650400988968746	0.9577098700593178	0.8967042076892403	0.9165869731560857	0.9124680570885917	0.9334615812828673	0.944129404827568	0.9348355421287812	0.960965295831904	0.9603926572486756	0.9593209828280667	0.9764993123419	0.9570222414090989	0.9547845360843922	0.9621864663995224	0.9789463624343568	0.9660695876435248	0.9617838184844049	0.9620589500416469	0.9736562261285241	0.9489214275178064	0.9533529566962745	0.9429021538180188	0.944809696870061	0.9261322189338365	0.9003489913950325	0.9169784240074205	0.9389259396884039	0.8845996718817939	0.9295442221225254	0.8667310123857422	0.903316418320148	0.8572078736736863	0.8620315747339059	0.9045839655301269	0.9184883984643113	0.968143254012823	0.9175039356163447	0.9230995165006105	0.9353442048268769	0.9443432869246348	0.9588434774663948	0.9363090432865455	0.9050201861923866	0.8832263538565878	0.9264287202434527	0.9390247268767186	0.874504042740001	0.7571561501567641	0.7562573366089008	0.7903414080031035	0.8070832384291126	0.9552888167471839	0.7283748098092103	0.8241454224958699	0.8281522086924441	0.8321361189164428	0.8342104845589304	0.7963325916562616	0.9507557236311189	0.9574484596551796	0.9548186845466526	0.9568504107123954	0.9598946564027372	0.9512683320123525	0.9284425825986741	0.9330415521470191	0.9546615414197854	0.959476244190381	0.9605807832546455	0.9673046939317675	0.97203530931148
f24kimbu	0.7791493866724448	0.7700492163644304	0.7044301964650691	0.7033966367891407	0.7119500785571847	0.7091941184582999	0.7076486063956015	0.7531865679068922	0.9363673948128367	0.8967992122795027	0.8929707878380821	0.7106963429661335	0.8643198107156259	0.8693938210693745	0.893378741396113	0.7033029462233436	0.6991899454198598	0.7063480661465747	0.7921756813154046	0.930283058026188	0.9399058456170127	0.9104713713157373	0.930803440156927	0.9219992698343707	0.9345878120702316	0.9361871558434762	0.9348040874804285	0.9167574857775614	0.9402961439171732	0.9048329454040458	0.9190069134243537	0.7644513045856026	0.9397819968849954	0.9230422550040855	0.8940863231182307	0.9195382074367356	0.9385809957778055	0.9502456132241807	0.8130559899543203	0.9664289077130356	0.8657790435865292	0.9650400988968746	1.0	0.9578724093433497	0.8593614211314535	0.9308573565128676	0.9236785139766511	0.932012823382954	0.9107773617970119	0.9025098674006937	0.9157148975246322	0.9193123844095714	0.9249900250096957	0.9382495374241939	0.9113646961883702	0.9377367552803986	0.9348747133520469	0.9340401880970145	0.9524239011459794	0.9550269721909557	0.9751523925711569	0.9853719093436436	0.964609888150542	0.9628880006853848	0.9324071572966234	0.9614402633821488	0.9359207422656238	0.9121333908151608	0.9312596933834478	0.945813509601978	0.91765959214499	0.9497863924055281	0.8605919201133908	0.8908859068408173	0.861458173341055	0.86070382644748	0.8944942437633515	0.9112909052599015	0.9446175938769751	0.9156021949666227	0.923934320026397	0.9228703828526097	0.9286457045082881	0.9538804592143825	0.9216351185282753	0.8884800483973337	0.8911416388521277	0.9197256399774802	0.9454166278089823	0.8689168132941235	0.7477049954641619	0.730391735434922	0.766499488888245	0.8130900019714822	0.9550060090845277	0.7154476793859414	0.8316463224429965	0.8196329951375944	0.8236097175064734	0.8316116379648207	0.7667332493410485	0.9365457237885588	0.9554478169233308	0.9424459585317743	0.9422838114531125	0.9521495466617338	0.9334469503643481	0.8889332621136079	0.9117833848285636	0.9586052991878496	0.9441870150171664	0.9566645403213552	0.9610504624602819	0.9570871520249243
f25bungu	0.7451035321172272	0.7604735357389889	0.6759328037358442	0.6837697929456736	0.697180823251477	0.6914776849460557	0.6879722786073403	0.7428505172510654	0.9264409637491086	0.910525090562585	0.9206107025481524	0.6957726311427183	0.8910181683418632	0.8715946255824897	0.9110046073779442	0.7089749516803215	0.693034851693814	0.7074478266283106	0.7859813211922023	0.9295173691092076	0.9284737941164272	0.9142816648801048	0.9225018938926864	0.9219044643353473	0.9283708627549889	0.9254237526256246	0.9275482565853994	0.9161706178879389	0.935304473733822	0.8930342258558389	0.9080284663681546	0.7585836804214712	0.9352459545978511	0.9270566894850283	0.8854166278707644	0.9519861442575273	0.9254847862285944	0.9553369401957243	0.8010413158379643	0.9587940612775933	0.850611120878114	0.9577098700593178	0.9578724093433497	1.0	0.8676121379715112	0.929199176672718	0.9229171500334354	0.9581020253309585	0.9415676569347999	0.9329758915481708	0.925911230632261	0.927864638001368	0.9369793640840057	0.9444865491803295	0.9318332413251075	0.9424937462917901	0.9326113382846195	0.9288457508901711	0.9565511005963583	0.9613429012818433	0.9621996296412256	0.9666336618532796	0.9743861090203766	0.9623534598264185	0.9289083853792771	0.9734242284117676	0.9274328245194796	0.9336882550170449	0.9494390292499423	0.9743343998542249	0.9378733024896514	0.9717267545932307	0.8767116442148254	0.9041809750259636	0.8709016574061452	0.8725646532733071	0.9163281179056754	0.9153772932595494	0.9689677198924471	0.9140997934553045	0.9225088184564344	0.9323683586041773	0.9360618407084517	0.9341343268004795	0.9328697732787119	0.9025675526904049	0.8573009503560752	0.9520160816217422	0.9478747055495289	0.8232104016814894	0.7205828319149563	0.740637153576392	0.749169287549092	0.8298317016660262	0.961536623874976	0.6754568224147071	0.8180860894314435	0.8190426833353516	0.8238474709317007	0.8335740681396283	0.7798683072289727	0.9341330836164703	0.9463228357476838	0.9489449646882959	0.9427364874936034	0.9576732642546756	0.9170354503213174	0.8671966926671948	0.8957182773571021	0.94085395511988	0.940866161033168	0.9393740279415272	0.9555892249706996	0.9415273216209351
f31nyiramba	0.8312179261034681	0.764571185220527	0.7150832281158643	0.7250542163403931	0.7445036320002313	0.743875709771798	0.7325352092254062	0.7677271944285394	0.8333576040100478	0.7807593228253296	0.7743787342465397	0.7355177174789312	0.7643328269382653	0.7866531414107483	0.7800146091680948	0.7963436240520109	0.7395483785282004	0.7444491192552088	0.8080830826656793	0.8466239500476097	0.8347793332218991	0.851250046063843	0.8468891820360569	0.8329114325305956	0.8401468871106177	0.8405665577558918	0.8580692442235902	0.8459046348843593	0.8450751742194261	0.854258087624787	0.8432079042415673	0.8903159078506448	0.8509205119097253	0.8437895497452671	0.8124172023566943	0.8490609494327397	0.8625754716154695	0.8832211313815175	0.9474301865611975	0.8808014054843868	0.9410969825933561	0.8967042076892403	0.8593614211314535	0.8676121379715112	1.0	0.7998930690794154	0.8023222362463054	0.8557639036533636	0.8634080996679819	0.834437673420328	0.8939387291120365	0.8813811515868488	0.8768476832141896	0.8864968759068388	0.8928081505274396	0.8909592369921044	0.8809411106223162	0.8988121869119843	0.8777773936289806	0.8884789387073732	0.8787323554180317	0.8824738967519523	0.8489216036071964	0.8780552662080046	0.8879337477963792	0.8559572090219741	0.8693478750245237	0.7641944985911951	0.7890108936394538	0.8183279495627187	0.7545858753071769	0.8252735070621062	0.8023639787065829	0.831027177576001	0.7983686734056247	0.7948575031507409	0.852851981759637	0.8433160103117571	0.8956756655544549	0.8350121409206563	0.8520718647195703	0.8492386808273795	0.8662232766981548	0.8723295041806016	0.8631359782849437	0.8144615727697915	0.8322374361019084	0.8505728156106825	0.8486853135739365	0.792121056250788	0.7021056077585636	0.7055061728647857	0.7312962182067284	0.7172024534840381	0.8516013456038468	0.6758016851808699	0.7372750212957232	0.737936669397081	0.752062748429495	0.7436734351963618	0.7402107679063711	0.9158530076242685	0.891964403366825	0.8953343451508532	0.8934495101913738	0.8921703406479968	0.8975444719306332	0.9424737741815483	0.8938906959955708	0.8735769656520137	0.9075658127010543	0.906611954053292	0.8957269252464699	0.9061095954685087
f32nyaturucha	0.7906840888532815	0.8358300681457279	0.7741823384331601	0.7779887768130407	0.7836079008365138	0.7805698936170945	0.7787824521014229	0.8212137202282432	0.9333561001041478	0.9770166547699195	0.9770067595236056	0.7821991557948283	0.9345872518571858	0.9391325704934101	0.9751460352022532	0.725701359422271	0.7192533991339177	0.7241774604170644	0.8430394578358933	0.9312500230559978	0.9325533939140238	0.9252492472789147	0.9296740139072769	0.9543373798001205	0.9465589752724954	0.9573555471655726	0.9502196298232778	0.9321219211810762	0.9549463851461955	0.9260519460700825	0.9300415952167373	0.7505294408047831	0.9576394249489953	0.9562665951054684	0.9458562702975527	0.9536712716177678	0.939631092072583	0.9080981306853138	0.7563304712938406	0.9120812580899758	0.8020202333715093	0.9165869731560857	0.9308573565128676	0.929199176672718	0.7998930690794154	1.0	0.9954243354509723	0.9655825138606444	0.9473209337635116	0.949065104162656	0.92526908186383	0.9289549304520303	0.9394815085562502	0.9297846212273334	0.9247740986703081	0.9286412172972961	0.9318495401391207	0.9022732543101549	0.9219179736575779	0.9492906399321089	0.919707825329474	0.936188532286374	0.9289743470674078	0.9162719343035935	0.8987809448716745	0.9353464307955537	0.8910639846061282	0.9690841613855711	0.9734519259034526	0.9720189744985501	0.9547446106363894	0.9396836729437312	0.9161342479280434	0.9477094062345967	0.9120124896844946	0.9131487673392862	0.9243744026474622	0.9320981081845214	0.923113730298991	0.9322746765629147	0.9208936363771081	0.9095801989919927	0.909694535225614	0.9180031017203548	0.8773668969287299	0.9345797718053745	0.8398843354630687	0.8933816093914043	0.9098161612696599	0.8678254254848806	0.7772146359258059	0.7881188922537832	0.8221852910185684	0.8837993597420989	0.9595840846076655	0.7340179317936348	0.8397512486307129	0.8405294159211538	0.8449784888506198	0.8954470203339476	0.8499234060410146	0.9097324605439221	0.9267405673046285	0.9271765467268692	0.9257980149076318	0.9272001953416924	0.8902547733925124	0.8441381323826093	0.8875433252297968	0.9168568556301692	0.8909890534158157	0.9109896274179098	0.9244377902130122	0.9092814808685957
f32nyaturuwil	0.7987253623841906	0.8386745528725382	0.7859779520071577	0.7894986907754868	0.7928210385326383	0.7883401555384941	0.7879448700220948	0.8264397476387372	0.9207660708379152	0.9782978745633053	0.9745798517026141	0.7900700249570224	0.9362568699864496	0.9447778481393166	0.9735419840310021	0.7303326311507081	0.7218258352001081	0.7285517330058405	0.8579503902447505	0.919833087523312	0.9197006281223838	0.920823089280183	0.9211536066676381	0.9533698202554652	0.9409997238762452	0.9573297461425699	0.9521012178810047	0.9349623588815501	0.957372367233571	0.9257671449960165	0.9304731118993734	0.7609752462812142	0.9542673972205974	0.958820903005821	0.9460692044796742	0.9595934935028941	0.935975176461576	0.9063045908009449	0.7537304893143487	0.902523698855429	0.8014355808416318	0.9124680570885917	0.9236785139766511	0.9229171500334354	0.8023222362463054	0.9954243354509723	1.0	0.968990552666603	0.9468712168421584	0.9520581574632403	0.9289533547632775	0.9374407882931256	0.9429128368164988	0.9298868219525281	0.9294641149423326	0.9377686994766128	0.9319886773145041	0.9039827642410182	0.9262857389221297	0.952779082131037	0.9196162623479673	0.932391171182121	0.9310133449599365	0.9201835453616815	0.8981590675597684	0.9374881770627959	0.8950200976835604	0.9688810343838223	0.9731019503927311	0.968713303264684	0.955376726696984	0.9380117154324613	0.9178032722962985	0.9484114442450311	0.9127987771066087	0.9129681632941872	0.9303551301005721	0.9341743261157516	0.9227052650154018	0.9277200088839545	0.9184369239867031	0.9078082477691541	0.9071517489250139	0.9132607319419354	0.8732400294504453	0.9328930921113288	0.8364522980409999	0.8880925814584162	0.9053197684742765	0.8609437333396033	0.7798003643192083	0.7939225456756023	0.8192498687909034	0.888361055730223	0.9649501660470654	0.7398585814253227	0.8341229310053306	0.8368463330920828	0.8416909309444555	0.9019819326968989	0.8525413430013016	0.9144880535535904	0.930787405239126	0.9204669594819331	0.9221588707250089	0.926975811091096	0.8942228584887544	0.8455674603055696	0.8854536500323583	0.9178347545743057	0.8914087805898044	0.9086417040482537	0.9220961736721253	0.9108056263914127
f33langi	0.7944432788941	0.8360091052236449	0.7721269985547414	0.7799259652203449	0.793533620661443	0.7892684926178887	0.786554039723265	0.8292079597202362	0.9322739128898212	0.959380722544435	0.9690168751826416	0.7907833133556532	0.9242585236556513	0.93547313475039	0.9557846512767862	0.7537166174944239	0.7411435388220314	0.7529500226108149	0.8547212696633999	0.934932161899183	0.9231833852262677	0.9218739615712879	0.933429990034133	0.9699665152603387	0.9589159020606218	0.9578946952530913	0.9575930112543671	0.9393479595734818	0.9538244596347293	0.926371662672033	0.9372993599419199	0.7782262758907772	0.9492289858320624	0.9523603189104194	0.9240045818641778	0.9673856502638662	0.9384816514177907	0.9462919344417915	0.7812142068688824	0.9207090675547036	0.8318098472684131	0.9334615812828673	0.932012823382954	0.9581020253309585	0.8557639036533636	0.9655825138606444	0.968990552666603	1.0	0.958337559689628	0.9549341400633156	0.9468890107845578	0.9440347442396678	0.9504277245232918	0.943909902221904	0.952721283719055	0.9453548139273059	0.9335547582101452	0.9190249606432906	0.9511917314928175	0.9715199639421508	0.9443003361462589	0.9443615106819085	0.9419966267383	0.9385215770736698	0.9297692156828739	0.9487760877966278	0.9189901904340106	0.9481061528253186	0.9541268434898172	0.9709109951639807	0.9309677994726557	0.9466239431468284	0.9267160460126903	0.9541132376758109	0.9160011820818723	0.9176093752806348	0.9488489102892869	0.9452167662443094	0.9678748679018706	0.9382975242118061	0.9328809231244061	0.92596650280925	0.9297155994933758	0.9355096684220574	0.9214841375495486	0.9514220825094455	0.851813221894353	0.9408157762712995	0.9322188972697648	0.8514458733443342	0.7943644825440166	0.818543405086446	0.8286954462053135	0.8933484482069384	0.9750058600346506	0.7475939622148712	0.8535894773348965	0.862731871519246	0.8681581738673927	0.8995800167979084	0.8634984019630212	0.9415924865263318	0.9449867344302487	0.9475366024795405	0.9506531413999634	0.9524442132101058	0.9223908376208002	0.8748901902475306	0.9082071930988345	0.932891353783054	0.9285823728697574	0.931976102787836	0.9461236426433983	0.934930011494821
g23sambaa	0.83098295101885	0.8371337771801485	0.7929551368368774	0.80088834026446	0.8139513753404404	0.806929882834614	0.8008188960594952	0.8363417742537392	0.9047437349757989	0.928942265589062	0.9298391773904183	0.8083220942633627	0.8716795742380233	0.922922472057976	0.9246497817219048	0.8238094858738301	0.8252164134631746	0.8316442400606845	0.8605870491434243	0.9313690424401041	0.9152467094788647	0.9395085888335405	0.9395723427149112	0.9417125740317102	0.9345234624346814	0.9533233692642766	0.9503086795402632	0.9365071775960145	0.9484531941976087	0.9447473738318769	0.9198349162049119	0.8199939655066035	0.9645272106074498	0.9549522098832506	0.9291321920356737	0.9620758558568407	0.9690777680771853	0.9290782683020318	0.8118993028838545	0.917873281667707	0.860317642753304	0.944129404827568	0.9107773617970119	0.9415676569347999	0.8634080996679819	0.9473209337635116	0.9468712168421584	0.958337559689628	1.0	0.9896636425916655	0.9825803736074723	0.9763000447471625	0.974427250943492	0.9701620407184919	0.9822071074714883	0.948002611807073	0.9584738005779001	0.9552060339107966	0.9442336117974676	0.9455131027303425	0.9073389302655863	0.928057785471868	0.915151734394	0.9141664879462061	0.9189374807680268	0.9270773771679937	0.8932398023127359	0.9153460125896905	0.9319053124095725	0.9471448153348877	0.9013909353000895	0.9248398820449866	0.9295759048583069	0.9544561241258384	0.9274023771219377	0.9322665171047342	0.9458588885651406	0.9516029993693311	0.9567807824697909	0.9517135415061535	0.9501321525169569	0.9454013388331101	0.9510874346974503	0.9253379433382801	0.913597882189234	0.9255813170710918	0.8568957549970974	0.9066097674915218	0.8917203160728805	0.8707124356973944	0.7931035814474595	0.8186466441994975	0.8337860117260608	0.8655584749923508	0.9425448707224207	0.7498015837492537	0.82553192323333	0.8461426995277557	0.8547780413383314	0.8743789511967157	0.8567953793709792	0.9380842855165553	0.9346484603695534	0.9408100045363884	0.948674557906565	0.9448072366674027	0.9257074157267546	0.8870757699302964	0.9263736917089217	0.9046453139199118	0.9245603880150887	0.9374529920139646	0.9438235802601265	0.9378098233850003
g24bondei	0.8048798515572241	0.8201583915238077	0.7772441092047492	0.7830291409901454	0.793836286389024	0.7851812664394129	0.7808871169127892	0.8168140473681064	0.8865118296260192	0.9285711067096456	0.9287876855531686	0.7884177201830017	0.8631337050773448	0.9210058087753007	0.9208975203294832	0.798454579175354	0.809385476754481	0.8143424734513756	0.8445439000683287	0.916512985267986	0.893193074137286	0.9286063976129387	0.9300224246945734	0.9328496179073175	0.9298481666841381	0.9459007172280646	0.9436077355045552	0.9207815993207463	0.9374345311104167	0.9335654085882183	0.9028344103606558	0.7949293871059145	0.9609723391016619	0.951546920089252	0.9219168588037161	0.9627384424251522	0.965696994097797	0.9275048998392843	0.7833589264725268	0.8999454216317089	0.830890608279522	0.9348355421287812	0.9025098674006937	0.9329758915481708	0.834437673420328	0.949065104162656	0.9520581574632403	0.9549341400633156	0.9896636425916655	1.0	0.9745828182331331	0.9742075310323686	0.9724867938926027	0.966042900205208	0.9766643365082609	0.9393658107156316	0.952971123460475	0.9422455799218036	0.934880559686422	0.9296469397081477	0.8970348792807876	0.915944628791231	0.9123084131546373	0.900789952192522	0.9033588170148371	0.9244778261761336	0.8817849545448717	0.9216179843185174	0.934068111407877	0.948261278983852	0.9148045141215324	0.9256750687809262	0.9224210547818016	0.9474395218400682	0.9129647643350526	0.9215032396135128	0.9407215013307747	0.9514068894211357	0.9459356185768453	0.9486406305009328	0.9378951388333632	0.9383176790017091	0.9472706749490414	0.9164177381670361	0.9085929124040496	0.9212143479587931	0.8355500856561007	0.9009428880751079	0.8790509632368856	0.8700749440565595	0.7875473281386429	0.8184369885570625	0.8246347288031898	0.8772093428448723	0.9386636218548318	0.7469004471962118	0.8168445693421176	0.8442496965410432	0.8489107350168197	0.8791985240348626	0.8537921831832322	0.9260773632933266	0.9232788261046079	0.9289919445975664	0.9347411606714494	0.9343287475948581	0.914719147602434	0.860873570424727	0.9081568055209305	0.8936695934891057	0.9091752573189313	0.9099073966951748	0.92976936625166	0.9240879413865208
g31zigua	0.875376286363955	0.8394811980483442	0.8047325851606053	0.8146077411438606	0.8239677690053127	0.8169416702825366	0.809497746338899	0.8408720527566788	0.8946488404504851	0.9038069708158583	0.8988650353256102	0.8184819368165948	0.8377479960208318	0.9128601414976282	0.8972988095583637	0.848167182881345	0.8507061127923682	0.8497726838626167	0.8776327641173444	0.9214625837576489	0.9001576265285935	0.9369044877642343	0.9322997121453442	0.9289496093358689	0.9277253610828947	0.940375879209311	0.9419105735315583	0.926340134469144	0.9320704099246412	0.9489604116791918	0.9118945083802674	0.8691663329598959	0.9606142466407636	0.9578072564025327	0.9280232741195159	0.9573902569058972	0.9725209574795116	0.9459039445559155	0.8547173024287403	0.9316645404603133	0.8968224602211352	0.960965295831904	0.9157148975246322	0.925911230632261	0.8939387291120365	0.92526908186383	0.9289533547632775	0.9468890107845578	0.9825803736074723	0.9745828182331331	1.0	0.9910393102394569	0.9869364897887437	0.9836493653815293	0.9957199751983471	0.966575051515294	0.9730600273675803	0.9751790682825193	0.9498770373100042	0.9498911809120176	0.9220185681635903	0.9394079855480888	0.9147574181283716	0.9281760681212474	0.9408152344702952	0.9252716076144739	0.9206943372881058	0.8822825560510025	0.9054905796886207	0.9213374189977244	0.8765871158873357	0.9147357469726151	0.9137715685052795	0.946965064584165	0.9045975473348845	0.9125521906558264	0.9520690567760414	0.9553753371572599	0.9586966498600724	0.950775450615556	0.9469968598935528	0.943002754016114	0.9624174456349244	0.9466195913994472	0.9386670675079994	0.9186190733103301	0.8860027619853392	0.9083752959875181	0.8952474889167227	0.8911969960292982	0.8011888323881535	0.8209594630186835	0.8401404971761359	0.8493362505426006	0.9380823459539891	0.7617656174052572	0.8120977501660666	0.8413517671320547	0.8534044608362749	0.8611165959114906	0.8632006511209015	0.9644003920318847	0.9546617477697252	0.9546538340525964	0.9670043805384158	0.9617849125566151	0.9627325818903443	0.935584520179449	0.960921601865616	0.9240463563574659	0.9586851959465903	0.9582155308472744	0.9635513797030744	0.9651246658811663
g32doe	0.8742940671919524	0.8319054712694876	0.808550885829041	0.8131709437358694	0.8176151278171395	0.8097575133955642	0.8068995596545162	0.8327202124996573	0.8826274363162737	0.9003776112872719	0.8963467050277625	0.8113881383177508	0.842341927874557	0.9040626988027681	0.8927140727446612	0.8389359052429171	0.842861778590674	0.843324236257902	0.8842367805552244	0.9120318545287929	0.8935219850322726	0.933649010689486	0.9219336819170445	0.9261640666477503	0.9239051573522753	0.9420900726763765	0.947028225185238	0.9262664443182013	0.9385977123293219	0.9470276952865089	0.9207306303694317	0.8633278706792356	0.9577548882989243	0.9586595665942552	0.9290164727453735	0.9609698898263923	0.9678517490193596	0.9419569549472222	0.8398108060187404	0.9260521459430643	0.8879399638072741	0.9603926572486756	0.9193123844095714	0.927864638001368	0.8813811515868488	0.9289549304520303	0.9374407882931256	0.9440347442396678	0.9763000447471625	0.9742075310323686	0.9910393102394569	1.0	0.9894766578595926	0.9847840232363301	0.9889551575918218	0.9740373084852194	0.9748356818492461	0.9765402743323446	0.9534854869556841	0.9496349978212798	0.9243777320951471	0.9408218437024944	0.9217314436088616	0.9331645637159135	0.9391220700282015	0.929508002005089	0.922804180425437	0.8888465440099685	0.9093653049037506	0.9222189805901148	0.8872378613441368	0.9177961262086082	0.9131182671163416	0.9428156397064302	0.9086663074398089	0.912078894052304	0.9551919563341819	0.9595479518100822	0.9583602323350658	0.9504095229664571	0.9528788284330764	0.9479476540797368	0.9644944155691935	0.9411395726425614	0.9319730685321791	0.9070581763042032	0.8766187347877324	0.9056249001931496	0.9000430577101259	0.8941784495491264	0.7953459625643	0.8155914735802001	0.8273113247587268	0.8545545273745462	0.9437808476344027	0.759013899324637	0.8037875531682629	0.825782965600503	0.8351844523306159	0.8706473647854693	0.8531040150660664	0.9643722078243019	0.9578846696018982	0.9468712951745427	0.9583842539617101	0.9606108131127268	0.9621694395112648	0.931130132649744	0.955033394931695	0.9275641787256886	0.9481363246154635	0.9491859697050096	0.9612013135333343	0.9666337917188808
g32kwere	0.86629702464331	0.83526505149464	0.7879618735277787	0.7950314706918971	0.8040200838884155	0.796466081844607	0.7915581472671581	0.822265066591229	0.8908244975005456	0.9160498018818997	0.9104928484718007	0.7981779929228033	0.8449531761974786	0.9163264132411995	0.9095669600418543	0.8167952911515132	0.8279290380311712	0.824089417514554	0.8640143610280644	0.9185679512158675	0.9101707757337297	0.9296278014406819	0.9352754812826923	0.9325297141406048	0.9369860481841895	0.9450243007181537	0.9395625898254417	0.9189119897639261	0.9335279042441958	0.9482300378513264	0.9180842749164582	0.837880927524862	0.9642640196590676	0.9694602788286315	0.933590931501884	0.9653856553869744	0.9729954623296233	0.9516765700975446	0.8444401974432407	0.9464291337749261	0.8852610179451721	0.9593209828280667	0.9249900250096957	0.9369793640840057	0.8768476832141896	0.9394815085562502	0.9429128368164988	0.9504277245232918	0.974427250943492	0.9724867938926027	0.9869364897887437	0.9894766578595926	1.0	0.9919145355104744	0.9883273079020302	0.9774051493826899	0.9906167350707977	0.9721824477361583	0.9606178825944106	0.9569464603560238	0.9348645961726729	0.9519836643878731	0.9350846346112907	0.942849776623616	0.9598234797922531	0.9433419490262721	0.93020776545943	0.9029769927463107	0.9228378973569689	0.9366836257254305	0.9055021433080319	0.9331410481624453	0.9142723261542176	0.9457367031662092	0.9094771599792955	0.9169902718060982	0.9510803179624587	0.9622479662151375	0.9594651526937751	0.9549476778144569	0.9572207325505612	0.9522284581492464	0.9691019595088114	0.9453382188594043	0.9433312803386437	0.916362894719871	0.876456585250238	0.9361235988592819	0.9253953259269548	0.9000338372173662	0.7961762085663769	0.8259019038664639	0.8430160162594756	0.8682587355832035	0.9495713057853128	0.7589294510136151	0.8157310075750138	0.8482901777482523	0.852481345881031	0.8780435428147166	0.8720375377363745	0.9710603854304684	0.968617428654079	0.9697380930101789	0.976825687743296	0.9665797465424126	0.9631083325680547	0.9211403472906229	0.9687321569415136	0.937894802984215	0.9504692849799441	0.9582740559693781	0.9744214896199636	0.9688084611497745
g33zaramo	0.8613690476251294	0.834532445059021	0.7783857384666308	0.7844311903273161	0.7926976151691707	0.7852605300152261	0.7810238824590513	0.8165461205656009	0.9036613823924141	0.9034875773286382	0.8942502448796174	0.789874521996641	0.8303580575836602	0.9067790757767316	0.899068130881761	0.8153555322657663	0.8333679997643383	0.8268875926803209	0.862627883657223	0.9306830220758875	0.9244309748353094	0.9316212237440997	0.9475007733969194	0.9289122093712838	0.9430833520492404	0.9425398830543039	0.9459362746531071	0.9221452862233818	0.9404754061659316	0.9476747244887341	0.925907879875456	0.8392198646559892	0.9583161183890934	0.9586129550959144	0.9271465981803405	0.9542910744965167	0.9825937635339567	0.9563918771421202	0.8550422026867738	0.9542913418945911	0.9012054718668262	0.9764993123419	0.9382495374241939	0.9444865491803295	0.8864968759068388	0.9297846212273334	0.9298868219525281	0.943909902221904	0.9701620407184919	0.966042900205208	0.9836493653815293	0.9847840232363301	0.9919145355104744	1.0	0.9853639001763457	0.9684216438101693	0.9890293770200376	0.9874328928523343	0.965824098865557	0.9542393127517742	0.9406249401331145	0.9595866796873016	0.936733090835738	0.9453923588944665	0.9615568930972593	0.9407122716979249	0.9241246760417422	0.8978528630843519	0.9155769672386082	0.9351579985675941	0.8930585895276641	0.9279444511887166	0.9062200750230831	0.9369361638301107	0.8996304289192145	0.9085825926543707	0.9311566622448141	0.955791643443746	0.9660301209538327	0.9513193624979465	0.9564521744157087	0.9581216353044368	0.9687378470506239	0.952072874460274	0.9494312770250559	0.9156469040920268	0.8741933075238131	0.9393085130968326	0.9307669047867656	0.9036894777640927	0.800992100272419	0.8241114123852383	0.8470447889179863	0.8577450486345626	0.9512527157132592	0.7696153174323694	0.8330611191677852	0.8583078003586468	0.8624594831092476	0.8693206692864681	0.8630789492337091	0.9642997387404759	0.9629530793320665	0.9667379622044183	0.9734083942917665	0.9610434266430338	0.9632361353816591	0.9228412912565409	0.9667654178185111	0.9402824167194194	0.9525200204343117	0.9610296948148509	0.9728645798998706	0.971758795833499
g34nguungulu	0.8758861412775575	0.8404982406360608	0.800633499120702	0.8103561875012626	0.8204354364513755	0.8122116546256857	0.8065795632941452	0.8360057701398943	0.8940910643130238	0.9027493664652211	0.9001512158022805	0.8145255860095517	0.8385999192496107	0.9082151217635817	0.8978660843842375	0.8472429855430402	0.850609560411352	0.8513774059600271	0.8782450433337221	0.9244007482649284	0.9057200159763381	0.9415624453066108	0.9356584030105698	0.9275214612733326	0.9313866213127215	0.939064516759664	0.9476645123107025	0.9292480701245602	0.9373594428216225	0.9530587804576259	0.915750114247916	0.8632335536134225	0.9587496361131086	0.9592662038135501	0.9263127484542318	0.9635300760846925	0.9696407688094967	0.9561747161845655	0.8464679632115576	0.9263658628348325	0.8919878851962095	0.9570222414090989	0.9113646961883702	0.9318332413251075	0.8928081505274396	0.9247740986703081	0.9294641149423326	0.952721283719055	0.9822071074714883	0.9766643365082609	0.9957199751983471	0.9889551575918218	0.9883273079020302	0.9853639001763457	1.0	0.967677877190255	0.9767272446278622	0.9723694677430474	0.9539844235229951	0.9519602561455441	0.9215189290829994	0.9414062037471095	0.9218409227206771	0.9335536359621961	0.9532038512274105	0.9306049777711466	0.9246565399782157	0.8826480818702933	0.9032491202200308	0.9246279592278703	0.8769907880902492	0.9164059996230807	0.9188645279392677	0.9488406596764758	0.908496370300372	0.9154847214341383	0.9536444844554749	0.9595202439747399	0.9656478530223929	0.9484732579509872	0.9495406334514936	0.9460057281315517	0.9626674277780637	0.9422788898386567	0.9422373725877499	0.9195014878617374	0.8842588595004686	0.927117946161289	0.9088971641197896	0.8939452016731725	0.8038906169144782	0.8269687219377383	0.8456121649719257	0.8549233693925616	0.9418034025335718	0.7625728262043372	0.816165398809364	0.8438277312833518	0.8537629759745247	0.8652515008543412	0.8714238699456208	0.9691461859576933	0.957503159588343	0.9596684764401882	0.9689668200472221	0.9615439468966702	0.9604441064329754	0.9292369146911709	0.9609535138738845	0.9267885358525009	0.9582688157367346	0.9537546412169644	0.9645200242201901	0.9643600430819342
g35luguru	0.8775717488149456	0.8072900884136162	0.7793457250448117	0.7796984910444408	0.7843280647301885	0.7782158231188889	0.777398569926831	0.7994682316154792	0.8962265895557883	0.9130230095057714	0.9016409909263653	0.7765949324671461	0.8544571277053968	0.9025869433695162	0.9094226619988688	0.794977036520739	0.7876203647751487	0.7974879419771171	0.8568783506627348	0.9079777169247307	0.910074870385145	0.9212932588908797	0.9069321049115734	0.917925262095566	0.9186770167422366	0.9305845059636063	0.9337501820263254	0.9101539276424514	0.9269385552378617	0.9259456582595933	0.9185323453593118	0.8367041278886013	0.9440664000435681	0.9499283383790811	0.9121203116328948	0.9528615387854004	0.9420234713239801	0.9557443852622258	0.8477837690857302	0.9548225283819417	0.8851431312453866	0.9547845360843922	0.9377367552803986	0.9424937462917901	0.8909592369921044	0.9286412172972961	0.9377686994766128	0.9453548139273059	0.948002611807073	0.9393658107156316	0.966575051515294	0.9740373084852194	0.9774051493826899	0.9684216438101693	0.967677877190255	1.0	0.9787802844361005	0.9601077298877135	0.958606079036373	0.9679090993375998	0.9519433277168515	0.96323941691043	0.9557424284233568	0.9666572159552306	0.9584985913759153	0.9639575055564348	0.9587920618362857	0.9029533672552494	0.9257438242039606	0.9344610421967229	0.9144268701130382	0.9439813249756436	0.911321157818501	0.93427699454564	0.9116064810999006	0.9065374674687814	0.9611179643233075	0.9535170025801646	0.9624472543956993	0.9365140892963402	0.947728542130331	0.9438875989567271	0.9635627312948789	0.9405199302003205	0.9286965767693846	0.9016116192771301	0.9050645309463008	0.9287434862169255	0.9320411015369453	0.8908245476181358	0.7739216143570911	0.7951290539772543	0.8088996328862548	0.8514488994873158	0.954356353593946	0.7376533815137942	0.795596742534162	0.8136835184763139	0.8209052323368397	0.8710668225023833	0.8394684380589695	0.9805524440937161	0.9846408203484132	0.9620001628868097	0.9644902667017106	0.9745254420151805	0.9651920125626001	0.9321965653290354	0.9598308941320556	0.9450178854827345	0.9708761958291257	0.9689069119903049	0.9719357869785781	0.9741049311330802
g36kami	0.8770579712993241	0.8256005808866945	0.7746927884592237	0.7778979344864698	0.7849452925540146	0.7788705692448398	0.7746700822434403	0.8026961458516075	0.9002146459402758	0.9029587656434096	0.8878218767323459	0.7785819276129295	0.8247462530951253	0.9009631775098625	0.8982036542759326	0.8056411664186277	0.8163406641271319	0.813447012635456	0.8536551199653566	0.9251465628630426	0.9259528321568499	0.936722504875566	0.944166798696836	0.9221081825470235	0.9374297951613427	0.9404073394828281	0.9375141929302359	0.9164971673133019	0.9336712949881275	0.9520059317966508	0.9233662158806691	0.8300188688027708	0.9592854240643921	0.9564868956283527	0.9261991999255621	0.9523405541570072	0.9718658607529304	0.9518232512828007	0.856673899848909	0.9550441142425918	0.89850485091363	0.9621864663995224	0.9348747133520469	0.9326113382846195	0.8809411106223162	0.9318495401391207	0.9319886773145041	0.9335547582101452	0.9584738005779001	0.952971123460475	0.9730600273675803	0.9748356818492461	0.9906167350707977	0.9890293770200376	0.9767272446278622	0.9787802844361005	1.0	0.9745896277206552	0.9553067850293175	0.9530778368310047	0.9401104851131771	0.9604699408128464	0.937131041902374	0.948264211429	0.9704437936944514	0.9433659160709058	0.9311669542015069	0.8901146696908483	0.9118425871042449	0.9278400003955978	0.8950722402892253	0.9252568401281716	0.9034154604296621	0.9315598832955884	0.9039651189034561	0.9068768360964188	0.931316527576224	0.9511888799990524	0.9531577910086396	0.9436962082136007	0.9525046392247322	0.946844142826463	0.9613794935529167	0.9412880463087935	0.9315821281633356	0.9009756940621941	0.8836749586011752	0.9360763019652303	0.9372451879849846	0.9117225655422718	0.7878605304709188	0.810061287194183	0.8396393992543725	0.847750815459502	0.9431444657946485	0.7543033140019509	0.8129994561046061	0.83857770089677	0.8435296665340954	0.8637878613630148	0.8580011055126894	0.9731494184361176	0.9768177244217187	0.9708967699488885	0.9747775358362611	0.9592488516868324	0.9581886890367031	0.923399058013405	0.9736382167094709	0.9410709749343651	0.9536232609538534	0.9636211762076783	0.9761574160466361	0.9725445590989521
g37kutu	0.8847931074352228	0.8449597258443821	0.7988776941824273	0.8051700509867732	0.8132940671968776	0.8065370859956705	0.8033294558478743	0.8335817436827937	0.9064695433104688	0.8758952019001244	0.8604776398528304	0.8116426886478741	0.8144556944140783	0.8924779917614284	0.8727696337020253	0.8388567333917518	0.8464377242597922	0.8405385971389175	0.8861653310873017	0.9330399255215654	0.922423792323833	0.9427476596751654	0.9479465176923646	0.9186624076307747	0.9325781859888217	0.9345839497464778	0.9471907701359426	0.9289878730925691	0.9422818588979206	0.9536829443445614	0.9318683770577415	0.87091668067989	0.9436714014361337	0.9392571298972847	0.9231565659845398	0.9409444955806918	0.9768272898381233	0.9405958156884344	0.8716272841207189	0.9454221492043842	0.9219805874147082	0.9789463624343568	0.9340401880970145	0.9288457508901711	0.8988121869119843	0.9022732543101549	0.9039827642410182	0.9190249606432906	0.9552060339107966	0.9422455799218036	0.9751790682825193	0.9765402743323446	0.9721824477361583	0.9874328928523343	0.9723694677430474	0.9601077298877135	0.9745896277206552	1.0	0.9640503983898584	0.9398575571383386	0.9298708617406463	0.9501197905780379	0.9207827961964197	0.9360261737463813	0.9460582238372081	0.9184399019796905	0.9103956975726195	0.8704656566583538	0.8912429855925623	0.9110578162613213	0.8545913343835458	0.8984202076207287	0.897003026077015	0.9249042439623351	0.8896672879901859	0.8974801752285629	0.9077129996617499	0.9408329414921363	0.9623377309261678	0.9394364666338892	0.9465445402344396	0.9548322834669125	0.9576407832073928	0.95022403308488	0.938853660354793	0.9064958845753166	0.8909184181556472	0.9068275746986952	0.9036467662254151	0.9055237147057389	0.8145514397142387	0.8194696435040534	0.8448357816773973	0.835340429226937	0.9378342373766486	0.791057255532447	0.8407993077335842	0.8544515225734569	0.8627348544368302	0.8592960415681213	0.8500208999026623	0.9535612385640895	0.9518775459657755	0.9429025704541161	0.9549681755142826	0.9497254438431211	0.9636491585157911	0.9394376533393854	0.9602830282819875	0.9313579078233846	0.9544254297079124	0.9583633374229579	0.9634568123057046	0.9743521884509522
g39saghala	0.846638597669197	0.8487261790844983	0.7867026023004029	0.7942693106462019	0.8026693178809339	0.7962383950424388	0.7952507777523813	0.8305877364326082	0.9307288757710802	0.9043047066440729	0.8982868782354309	0.803390166006038	0.8631692993126807	0.9119072584419334	0.89844902160664	0.7924407551953497	0.7867363653007282	0.7899268861118041	0.8649991140807519	0.9439956178187173	0.9473693004637693	0.9303504292680762	0.9485482512438278	0.9462005893929144	0.9521235456804059	0.9501530915418864	0.9551017706214195	0.9421458268483583	0.9571099580859842	0.9382334318655127	0.9363320273721911	0.8364831198054592	0.9593626084602855	0.9617546426851968	0.9350877572699524	0.9567795705219866	0.9627651573810585	0.9653346994460857	0.8285705227887477	0.9515079768659697	0.890623326862653	0.9660695876435248	0.9524239011459794	0.9565511005963583	0.8777773936289806	0.9219179736575779	0.9262857389221297	0.9511917314928175	0.9442336117974676	0.934880559686422	0.9498770373100042	0.9534854869556841	0.9606178825944106	0.965824098865557	0.9539844235229951	0.958606079036373	0.9553067850293175	0.9640503983898584	1.0	0.9562686292825736	0.9515490335224304	0.9696186277893925	0.9668389326573432	0.965847205438992	0.9507342426219139	0.9586453255619621	0.9350082445612222	0.9212081446492637	0.936318365793587	0.9521778614453893	0.9092073814318289	0.9437847942658951	0.9207822856098958	0.9423254981396568	0.9089338963388877	0.9173425601067277	0.9181654363231673	0.9566709009176504	0.9772056917977684	0.9483286603898318	0.9566406013284683	0.9686631964999819	0.9596736567646911	0.9690730739527731	0.9602508900018429	0.9379472977697544	0.9192139596076147	0.9509298007396729	0.9401324591630564	0.901635760989214	0.8376899606109273	0.8360106366128164	0.8498997541623354	0.8826046066702097	0.9723686724152876	0.8077289082590396	0.8907820340367129	0.8913683838997242	0.8943938828671609	0.8979677261047558	0.8641797418162062	0.955041825687944	0.9569512788817842	0.9493590187593289	0.9561975464674605	0.9567392709398165	0.9562331257632719	0.9064308259160385	0.935501067522316	0.9555812337696536	0.9553595365208383	0.9537455477009469	0.9653456738908603	0.9629918096782739
g51pogoro	0.8137439272152591	0.7964398279802963	0.7241897093407474	0.7343483109822424	0.7460592040359891	0.7423772641761904	0.7370543914204812	0.7827153381343841	0.9268878331481792	0.9234378932127321	0.9281828652524314	0.7397281670379233	0.9098953176211219	0.8867582018271598	0.9230304202888577	0.7288891213554419	0.6985983622723303	0.704169133638758	0.8381015768628823	0.9195573032824124	0.9277332730696223	0.9206114227182758	0.9192559126534432	0.9344691074379996	0.9292302428354485	0.9381479538409183	0.9473139699794817	0.9419664480716035	0.9528294463522704	0.917142950593886	0.9244629445845769	0.8064379243598823	0.9469843564175224	0.9534760667580627	0.915943873090687	0.9527598841279286	0.9301406068923902	0.9540291140124108	0.8327934972382663	0.9602024388806328	0.876941786922144	0.9617838184844049	0.9550269721909557	0.9613429012818433	0.8884789387073732	0.9492906399321089	0.952779082131037	0.9715199639421508	0.9455131027303425	0.9296469397081477	0.9498911809120176	0.9496349978212798	0.9569464603560238	0.9542393127517742	0.9519602561455441	0.9679090993375998	0.9530778368310047	0.9398575571383386	0.9562686292825736	1.0	0.9805205082677781	0.9784057851662271	0.9628076769359593	0.9712011350000813	0.9597076527331853	0.9659079330989555	0.9575187837625132	0.924279967844112	0.9389937876704384	0.9542023741939545	0.920414371743416	0.9538950946776482	0.872699199903115	0.9130078811928295	0.8700345426656303	0.8669055613287245	0.941355437534296	0.915420764548671	0.9576252784953309	0.9055468432014124	0.918022771306693	0.9076969597821273	0.9224989747677987	0.9406685846980832	0.9139969355516434	0.9012624359495166	0.8655532287690174	0.9398122017542871	0.9641860957895506	0.8362078021300282	0.7248817686440837	0.736494039254182	0.7690769972465995	0.81461190372333	0.9691308920470691	0.6786881356984286	0.7947785070671171	0.7939981671017471	0.8017233703975479	0.8354270358570378	0.7985113804751947	0.9654006810881982	0.9773740181391504	0.966318286924935	0.966331992276176	0.9708977819164437	0.9434849313168152	0.9159949831212155	0.9272483885782283	0.9746025179037671	0.9532435863981669	0.9691277719997621	0.9699185495618744	0.961929712967005
g52ndamba	0.7784423341923864	0.7463969655517054	0.6680923853442992	0.6756786403053258	0.6865664548395872	0.6831877533259455	0.6789184987981072	0.7283273870276074	0.9112555687750115	0.8857465881030107	0.8883950628518096	0.6827642136811264	0.8690660948910469	0.8483812869003436	0.8818949134675327	0.6874890440225746	0.6623856274606377	0.668337572671568	0.7853642587425156	0.901941371430217	0.9135358185349032	0.8926196073711364	0.9065338769708948	0.9079426450895994	0.9117112539461149	0.9150827535925071	0.9213403410440265	0.910987334972936	0.9285725972463177	0.8912570090150663	0.8968075800991444	0.7750596148657579	0.9322293524351377	0.9241857970631902	0.8782747903399523	0.9294632599360281	0.9170831132392139	0.9581575150088187	0.8238639830253984	0.9695130648553796	0.8683508076656727	0.9620589500416469	0.9751523925711569	0.9621996296412256	0.8787323554180317	0.919707825329474	0.9196162623479673	0.9443003361462589	0.9073389302655863	0.8970348792807876	0.9220185681635903	0.9243777320951471	0.9348645961726729	0.9406249401331145	0.9215189290829994	0.9519433277168515	0.9401104851131771	0.9298708617406463	0.9515490335224304	0.9805205082677781	1.0	0.9865671487381381	0.9715620480862268	0.98017176697046	0.9577770454849489	0.970047566941432	0.9633807224036808	0.8970188361613162	0.9174227321368691	0.9395315205453204	0.9122141089982428	0.9560472468953369	0.8338208342724396	0.8745012493632963	0.8299637027051353	0.8279586408269902	0.9187537759730033	0.8931490527392909	0.945523440432178	0.8946772843984555	0.906751174815903	0.8975603333097218	0.9149853164752895	0.9481340479647493	0.9245914916622839	0.867018963720244	0.8635847309056084	0.9401396773348025	0.9629558043923124	0.8260982294747948	0.6909949667760418	0.6918719781923854	0.7242344589818293	0.7776941821562541	0.9528551590947284	0.6521452707055111	0.777872643921776	0.7775983161569747	0.7834652884511626	0.7934743471343917	0.7459869781455564	0.960584937645294	0.9778510984536501	0.9619080441565881	0.9611607126823182	0.9683928801956286	0.9449975730670663	0.9097302121708627	0.9210324488121909	0.9860816842112001	0.9561602549030248	0.9651767058720112	0.970675856631796	0.9640678315422487
g61sangu	0.8208479931187944	0.7864679710197455	0.715870783618015	0.721218115737538	0.7271899691110898	0.7229036214069551	0.7202593845442508	0.7641985874248767	0.9364395598696248	0.8979037498038721	0.8967672920138807	0.7262662396886865	0.8667047363739514	0.8733207412447936	0.8949431434116213	0.7332589197524464	0.722141357983211	0.725592518807184	0.8158734034596322	0.9347988144621037	0.950616190486052	0.9244315634374785	0.9348632639283493	0.9253991448287976	0.9363556323838818	0.9371384593256621	0.9415977784568145	0.9320996812052497	0.9504992106527581	0.9204740950594562	0.9194665934328935	0.8081875750197115	0.9518012743454043	0.9507249049812986	0.9119266266237891	0.9429176084135051	0.9456819310207656	0.9712389776141084	0.834859358989728	0.9760557679775654	0.887619169291138	0.9736562261285241	0.9853719093436436	0.9666336618532796	0.8824738967519523	0.936188532286374	0.932391171182121	0.9443615106819085	0.928057785471868	0.915944628791231	0.9394079855480888	0.9408218437024944	0.9519836643878731	0.9595866796873016	0.9414062037471095	0.96323941691043	0.9604699408128464	0.9501197905780379	0.9696186277893925	0.9784057851662271	0.9865671487381381	1.0	0.982673706954352	0.9874093501831437	0.9686803990094023	0.9775919065173686	0.9671488528804836	0.9138758262816675	0.9342634329489783	0.9505883426840641	0.9227161321280369	0.961556347665867	0.8753037280402565	0.9098971446773815	0.8721095234465829	0.8735481503958	0.9216914654517026	0.929037144959902	0.9588623610318474	0.9248157941912684	0.939316332758963	0.9354210533034604	0.9453787023852788	0.9695655002331924	0.9466806060708939	0.8976220371625673	0.9112239190941341	0.9527511557996234	0.9710067220470803	0.8832110937056403	0.7518090467027954	0.7462007019151335	0.785452712425479	0.8189096344597214	0.9652854799712397	0.7138482455563613	0.8246663650088312	0.8212107915345719	0.8264283283099569	0.8359743034658773	0.7976870324289128	0.9684754218131827	0.9802760466541895	0.9693191814624036	0.9686307507236596	0.9723419177501764	0.9584426524255393	0.918174131201746	0.9407227184358221	0.9826454528864509	0.9677976974460228	0.9765355318335842	0.9804101784569664	0.973046176788604
g62hehe	0.773497706519719	0.754887101863775	0.6809306095077844	0.6857637690877928	0.6911676247523186	0.6836396666078279	0.6834060072596329	0.7300754327503081	0.9150835714305806	0.9055090558067079	0.9072576998552347	0.690937243663032	0.8769771861769549	0.8748224605064273	0.9020239626452922	0.6892534943790323	0.6798129107052355	0.6915327531343621	0.7798165368768321	0.909902231593276	0.9314688066557577	0.8995418080022284	0.9060994543560935	0.906039257821123	0.9117054269186006	0.9150980914304472	0.9230720098002622	0.9089895112965587	0.9344644497088643	0.8844740577512634	0.8892723397476365	0.7639568286745131	0.9301275225130674	0.9404771641812876	0.888083144828291	0.9439213214995253	0.9186565177657473	0.9617442633597098	0.7902365546418709	0.9605708725300289	0.8393789330374481	0.9489214275178064	0.964609888150542	0.9743861090203766	0.8489216036071964	0.9289743470674078	0.9310133449599365	0.9419966267383	0.915151734394	0.9123084131546373	0.9147574181283716	0.9217314436088616	0.9350846346112907	0.936733090835738	0.9218409227206771	0.9557424284233568	0.937131041902374	0.9207827961964197	0.9668389326573432	0.9628076769359593	0.9715620480862268	0.982673706954352	1.0	0.987808488667109	0.9454167274221564	0.9923142600822298	0.9613599524958354	0.932917925296881	0.9517330416126715	0.9650816912125333	0.9531053249757546	0.9813508076609164	0.874491523736018	0.9028921225269954	0.8644833115610643	0.8682939950467959	0.9192300058908409	0.9226586503350765	0.9508809632779489	0.9131365029616321	0.9258414999266009	0.933252124846123	0.9394769181309058	0.9515193196246785	0.9383609276182827	0.8917327003750367	0.8932777871088408	0.9562122321016392	0.9594273678550037	0.852091782729841	0.7297548644389759	0.7354580736800672	0.7537570154740778	0.8304079059969406	0.9679238699121543	0.6922294134169096	0.8149746230456854	0.817061992972852	0.815524658290505	0.838954834525246	0.7828770195028049	0.948219609995047	0.9650046413820449	0.9523616348457083	0.9467128424218124	0.9618833742616365	0.9343571491003634	0.8678959140083187	0.903048953807802	0.9637040117979672	0.9492435500190289	0.9468100570236514	0.9604996034850372	0.9477694766279631
g63bena	0.8135770053247339	0.768982486976117	0.7061242968201987	0.7124635437831726	0.7160653012172513	0.7096257658489146	0.7082780182644238	0.749103076258441	0.9106471107045127	0.8897534296898134	0.8899281473369409	0.7148812768795917	0.8609187610152481	0.8658903490874152	0.8858014558019124	0.7255214061430991	0.7110482942038289	0.7205549805088333	0.805833535078155	0.9073128960437511	0.9272920086625214	0.9024171617370611	0.9057384368369557	0.9049476831680027	0.909486967956751	0.9133761461388705	0.9218817705668471	0.9117150052250894	0.9328305037446608	0.8998109503079789	0.8987764538010433	0.803559718851121	0.9305981462896767	0.9463493410198299	0.8967575040472487	0.9405946784479928	0.919998668834315	0.9640819406963254	0.8199332988987457	0.9630207679988634	0.8723804267173325	0.9533529566962745	0.9628880006853848	0.9623534598264185	0.8780552662080046	0.9162719343035935	0.9201835453616815	0.9385215770736698	0.9141664879462061	0.900789952192522	0.9281760681212474	0.9331645637159135	0.942849776623616	0.9453923588944665	0.9335536359621961	0.9666572159552306	0.948264211429	0.9360261737463813	0.965847205438992	0.9712011350000813	0.98017176697046	0.9874093501831437	0.987808488667109	1.0	0.9663129186829106	0.9827789902443401	0.9769981863997561	0.9011543539512706	0.9251318523831018	0.9418291849059922	0.922894709750627	0.9646134381874409	0.8686276671536989	0.9008293068120736	0.8622376288880723	0.8628586243622278	0.9283636186746335	0.9219639389584802	0.9518220759073133	0.9109355355679375	0.9291489074645362	0.9269260308449081	0.9382987665958377	0.9565879219374963	0.9424974686290236	0.8820178848980907	0.9058196202226363	0.9527431565167908	0.9642121118264851	0.8566234530396072	0.7339567475507189	0.7370385789261642	0.7606190928311694	0.811654993526402	0.9629310289783828	0.69465290582186	0.8035020595173936	0.8043185392803893	0.8100463686898722	0.8246146130213192	0.7862863798595364	0.9692319703005099	0.9806451830525403	0.9617216952651522	0.9615406677923396	0.9706893715052649	0.9549245088711295	0.907699287249944	0.9316821369805233	0.9772113470870798	0.9661975650793503	0.96806769350003	0.9746937529044378	0.9665156020021426
g64pangwa	0.8584787159658649	0.7956923606112161	0.7317721969655907	0.7375715975149868	0.7471622455385106	0.7409948198919943	0.7384971319121838	0.7686656413510575	0.8876564554819089	0.8590750863246019	0.8658715623258609	0.7431436766555816	0.8132252973429938	0.8479412852631476	0.8592674916688355	0.7685481134604127	0.7691537236784493	0.7671718269320408	0.8182645506200817	0.9001607283530061	0.9216164788090615	0.9053340072143485	0.9165936457251321	0.897483731346373	0.9129462926093846	0.9055388569815334	0.9236598754478182	0.9047127055028797	0.9203314139159746	0.9214767323389588	0.8988774008057338	0.8279543054195925	0.9264977624987433	0.937039226448299	0.8906321760810194	0.9262234486123585	0.928402457529704	0.961676055300131	0.8411180121396474	0.9445149459458614	0.8899253826299205	0.9429021538180188	0.9324071572966234	0.9289083853792771	0.8879337477963792	0.8987809448716745	0.8981590675597684	0.9297692156828739	0.9189374807680268	0.9033588170148371	0.9408152344702952	0.9391220700282015	0.9598234797922531	0.9615568930972593	0.9532038512274105	0.9584985913759153	0.9704437936944514	0.9460582238372081	0.9507342426219139	0.9597076527331853	0.9577770454849489	0.9686803990094023	0.9454167274221564	0.9663129186829106	1.0	0.9441688142401842	0.9632470326689571	0.8498726619257709	0.8745353837625127	0.9043643714285483	0.8645670235606095	0.9200024646943251	0.8704362445068158	0.9021468145923686	0.8647882702217676	0.8674070081843445	0.9231834124808603	0.9262596144970018	0.9461754370894762	0.9175946233118287	0.9374815062290209	0.9245493549390951	0.9411253209010947	0.9440691106448525	0.9407892090022459	0.8685134533971672	0.8934116528935648	0.9670809114760388	0.967924802973517	0.8892693256682406	0.7569247906735802	0.7662060775636546	0.8062300274797386	0.8027950536488246	0.9347318987360245	0.7138618030956154	0.7952748387324261	0.8092512725059426	0.8105817182611272	0.8192327950920929	0.8274611288209757	0.9788408464210335	0.9822822221836274	0.9772531334046302	0.9790315163970471	0.9580528482794206	0.95916188282457	0.9236237499407176	0.967763726210333	0.9652852775871769	0.9580331701290451	0.9647103480916213	0.9777153429516785	0.9670160895096812
g65kinga	0.777575334014261	0.750022199366922	0.6866617800349116	0.6901279526494432	0.6952984262646661	0.6886316152224345	0.686306705951095	0.730588312148909	0.9050860984138337	0.9169622869445451	0.918495450805546	0.6923378736344958	0.8784062989559857	0.885801848362731	0.913009550070415	0.6950061575915221	0.6877157415982397	0.7031314014525141	0.774100794782757	0.8999287477714035	0.9191200443341919	0.8925588898697241	0.8987320436004064	0.9070372564439105	0.9075348848772705	0.9150406044705769	0.9130978679827051	0.8954965439748617	0.9232533531165319	0.8848556158347783	0.8825985538694934	0.7569655020121532	0.9334204417685565	0.9433477672281578	0.8844087858899007	0.9465317550775305	0.920272552878356	0.9579673855446011	0.7984762380494783	0.9647708458496738	0.8328514997701733	0.944809696870061	0.9614402633821488	0.9734242284117676	0.8559572090219741	0.9353464307955537	0.9374881770627959	0.9487760877966278	0.9270773771679937	0.9244778261761336	0.9252716076144739	0.929508002005089	0.9433419490262721	0.9407122716979249	0.9306049777711466	0.9639575055564348	0.9433659160709058	0.9184399019796905	0.9586453255619621	0.9659079330989555	0.970047566941432	0.9775919065173686	0.9923142600822298	0.9827789902443401	0.9441688142401842	1.0	0.9658206497307171	0.9355666546903305	0.95496007132317	0.9677977487521545	0.9594088176001235	0.9850928709831301	0.8815197049208249	0.9088738509423208	0.8749253630507948	0.8766340053640537	0.9406989003749657	0.9281415849789186	0.9502278587200493	0.9190944520619064	0.9290767123562458	0.9293593938566049	0.9436079483645455	0.9461437972111337	0.932760319793558	0.892108176240784	0.8839037122440091	0.9536848853767923	0.9571458030313807	0.8456007243756191	0.7200595715346317	0.735767700867598	0.7519014761380951	0.8337613487303719	0.9689070182037698	0.68000306948993	0.7985401387716222	0.8105042677766638	0.807922714937894	0.8396904842844136	0.7837232992968258	0.9553656228973287	0.971503830490092	0.9635668296867077	0.9564004476903716	0.9721907238901343	0.9387903743214936	0.8754192792491242	0.9126297094951458	0.9594622645978876	0.9541252423273171	0.9558910931056516	0.9648606136082589	0.9518140095499632
g66wanji	0.8146754608866775	0.7409506435267346	0.7063146907885661	0.7100553251461832	0.7116178910750676	0.7058833360289493	0.7028238422655974	0.7365921905578067	0.8686956283006486	0.8559402511790939	0.8714626958269855	0.7080435666840763	0.829536518512315	0.8309591747203442	0.8532353251168834	0.7194979672412476	0.705374583971493	0.7149626631802858	0.779191056207684	0.8595924286535214	0.8823250870375868	0.8707213369988084	0.8561835412325299	0.8708350553399389	0.8676965084379146	0.8721210403129049	0.8860240262149549	0.868160461793395	0.890958215563328	0.8690806269671391	0.8522092577173173	0.8048273244837615	0.9002481981256385	0.9204271426943286	0.8557046359219029	0.9100863959729673	0.8875815217650208	0.9556732766155227	0.8106391243295686	0.9413372575212802	0.8505203641058494	0.9261322189338365	0.9359207422656238	0.9274328245194796	0.8693478750245237	0.8910639846061282	0.8950200976835604	0.9189901904340106	0.8932398023127359	0.8817849545448717	0.9206943372881058	0.922804180425437	0.93020776545943	0.9241246760417422	0.9246565399782157	0.9587920618362857	0.9311669542015069	0.9103956975726195	0.9350082445612222	0.9575187837625132	0.9633807224036808	0.9671488528804836	0.9613599524958354	0.9769981863997561	0.9632470326689571	0.9658206497307171	1.0	0.8537840645879422	0.8828684976391872	0.9001915310884164	0.8974227734832957	0.9467550424852903	0.8447440596964628	0.8802433748127307	0.8358277017873101	0.8369978466595784	0.9466621781562492	0.9123282510971534	0.9236272600652802	0.8977205181872384	0.9110992306150387	0.895919302272622	0.9335534340655365	0.945222282245024	0.931475342786282	0.845006105816676	0.9068107482611523	0.9349011590628793	0.9467232726190058	0.8519546542893636	0.7111901432763453	0.7096501294015812	0.7350680007305463	0.7840676111046153	0.933600063924525	0.6571103728005333	0.7482578419677273	0.7521449085062861	0.757683991280904	0.7908474059517984	0.7641054604089366	0.9743903318712627	0.9784753855973909	0.959630623553638	0.9564224865406004	0.970906070450833	0.9594873032777609	0.913820289950237	0.9312739410200261	0.9682825681881112	0.9672342795087169	0.961223168598672	0.9679682393752095	0.9609778812572664
jd62rundi	0.7270529686624414	0.8067605042256676	0.7247268528982463	0.7307594080085225	0.7345327506002778	0.7309304733500994	0.73093952091653	0.7803638855950426	0.9300275530708032	0.9704743267989969	0.9618401814782734	0.73649226922876	0.9320407887452135	0.9395096285966998	0.9674317564866527	0.6515536771030614	0.6490153841939007	0.6593624578850914	0.8009541327059422	0.9171209515471808	0.9247830209038626	0.8874797871519471	0.9075567965669503	0.9431862307745196	0.9320548839869832	0.9374490504193457	0.9183785007155096	0.9103941747873066	0.9336357242306255	0.8814490247825363	0.9082321962292778	0.6934487087206006	0.922643426754515	0.9333164713161437	0.9183898553085346	0.937406360435357	0.9117467643955084	0.8829916811915252	0.719853727615644	0.9035835475190691	0.7589851591448802	0.9003489913950325	0.9121333908151608	0.9336882550170449	0.7641944985911951	0.9690841613855711	0.9688810343838223	0.9481061528253186	0.9153460125896905	0.9216179843185174	0.8822825560510025	0.8888465440099685	0.9029769927463107	0.8978528630843519	0.8826480818702933	0.9029533672552494	0.8901146696908483	0.8704656566583538	0.9212081446492637	0.924279967844112	0.8970188361613162	0.9138758262816675	0.932917925296881	0.9011543539512706	0.8498726619257709	0.9355666546903305	0.8537840645879422	1.0	0.9946175857368014	0.9861321988481399	0.9688306344181751	0.941341673067282	0.9040650175448055	0.925855131694802	0.8943827087679255	0.9000152887748244	0.8815164386522412	0.9054424250846588	0.9170176049006927	0.9010685971203378	0.8902526706538724	0.9051205966523093	0.8865255943406986	0.8950502522645059	0.862643341678378	0.9427237865067961	0.8158782167234393	0.8880360303894342	0.8956790359775709	0.8213548816356331	0.7686480324435284	0.7902289596383625	0.8037058809045057	0.8998351269306871	0.9633366238642191	0.7391702169858984	0.8635754372032152	0.8660351058433788	0.8600992780049904	0.9114588780608824	0.8341504457790702	0.8610179511242169	0.8861166296135962	0.8890329206646851	0.8828856875873017	0.8963251350580355	0.8486022486932301	0.7821958720430432	0.8278925179822608	0.8841009419286491	0.8602281358983309	0.8744574714566248	0.884218031813923	0.8670528678028092
jd64shubi	0.7454893514861035	0.8061474169750322	0.7306273019661275	0.7366865650412845	0.7399402763866938	0.7353946032301344	0.7342701521210254	0.7834615723087747	0.9347544492357708	0.9717815262191771	0.9653027681483763	0.7411077945736793	0.9297152916959409	0.9404237479109694	0.9682201762052063	0.6745870139841162	0.6730360870132168	0.684266834495975	0.8058538983281158	0.923692324326376	0.9329836272849794	0.9029299765795229	0.9176410654819226	0.9460184822703499	0.9351651088341	0.9452731400658922	0.9244927725251303	0.9207915428056227	0.9416800253239196	0.8949007074687007	0.9120924675764712	0.7209420649897482	0.9388815039507967	0.9467734389311866	0.9266108232159549	0.951237374944719	0.9254655680810661	0.9021298221208582	0.74523156137506	0.9253363549768215	0.7867300688751364	0.9169784240074205	0.9312596933834478	0.9494390292499423	0.7890108936394538	0.9734519259034526	0.9731019503927311	0.9541268434898172	0.9319053124095725	0.934068111407877	0.9054905796886207	0.9093653049037506	0.9228378973569689	0.9155769672386082	0.9032491202200308	0.9257438242039606	0.9118425871042449	0.8912429855925623	0.936318365793587	0.9389937876704384	0.9174227321368691	0.9342634329489783	0.9517330416126715	0.9251318523831018	0.8745353837625127	0.95496007132317	0.8828684976391872	0.9946175857368014	1.0	0.9921114644607323	0.9784483917260275	0.9605018140623608	0.908327678300692	0.9328439266886959	0.9010419520094536	0.9074276277703285	0.8999148541729329	0.9195333276072697	0.9278626372067931	0.9175260455082357	0.908255172639193	0.9207410234905636	0.9090590904082303	0.9135630586568673	0.8845730622819864	0.940452596200123	0.8449926202470642	0.9001923353643357	0.9108603261799151	0.8369675486922362	0.768897845646841	0.7876600078124771	0.8018464735684565	0.8942380345164614	0.9724881249429674	0.7343858377680589	0.8578452169717453	0.8647099652733492	0.8630029792944879	0.9036619660523171	0.8344480120302189	0.8868571639755171	0.912982035249988	0.9089856713348506	0.9053334204460453	0.9185913039874581	0.8739060447359382	0.8073909694429136	0.8555096853716837	0.9029534952417039	0.889992298413639	0.9020861227602494	0.9123732597586177	0.8933866065811192
jd65hangaza	0.7516858247583548	0.8053965417306183	0.7190514602820047	0.727129475102592	0.7359965956850861	0.7311419935277816	0.7290333172599943	0.7805774724165282	0.9462251279765465	0.9638885833189641	0.9637666324031405	0.735929376480788	0.9289925260438424	0.9306055276581949	0.9625476550508136	0.690552670422293	0.6850710948071016	0.6971531964921408	0.8064491086800754	0.9403599190022777	0.9450066793819838	0.9200627874963424	0.9370420208924206	0.9513982332069064	0.9477743569657736	0.9506567320679498	0.9417946547500341	0.9327137328248586	0.9527642893455304	0.9107338807403397	0.9229981937977597	0.7330651271251603	0.950332727784585	0.9509916522591499	0.9248408934652014	0.9640888637811139	0.9379018016182197	0.9300201539480296	0.765687187392262	0.9414145219125905	0.8080916715349107	0.9389259396884039	0.945813509601978	0.9743343998542249	0.8183279495627187	0.9720189744985501	0.968713303264684	0.9709109951639807	0.9471448153348877	0.948261278983852	0.9213374189977244	0.9222189805901148	0.9366836257254305	0.9351579985675941	0.9246279592278703	0.9344610421967229	0.9278400003955978	0.9110578162613213	0.9521778614453893	0.9542023741939545	0.9395315205453204	0.9505883426840641	0.9650816912125333	0.9418291849059922	0.9043643714285483	0.9677977487521545	0.9001915310884164	0.9861321988481399	0.9921114644607323	1.0	0.970190429641364	0.9694370927822125	0.9108696094523873	0.9361972876030064	0.900077131722011	0.9057525087018115	0.9141706557536949	0.9266323387256199	0.9542402762190478	0.926646872264422	0.9202700661642317	0.9327013847954364	0.9229105318073422	0.9281957374177898	0.9079422059284569	0.9436418810066272	0.8507067057832812	0.9334530539660136	0.934078301837369	0.8411348158894443	0.7641614017029652	0.7839820006535104	0.7994631328723337	0.8837900548764491	0.9800698620814229	0.7264934400534004	0.8605316274286495	0.8676786699223188	0.8648635565897671	0.8928647855674285	0.8317083901868112	0.9088940482727799	0.9308447119611359	0.9346598380523125	0.9295119907157295	0.9382484372969901	0.8923126451913632	0.8304711172083759	0.8756181659508813	0.9247549746744382	0.9110437459566597	0.9172709280350404	0.9331453450080388	0.9146435785403609
jd66kiha	0.6917339807362233	0.735121237218893	0.6689187605008967	0.669744266838481	0.6722554920644264	0.6654462390321694	0.6658261062057725	0.716921302878731	0.8767625119318228	0.9507973991906117	0.9528847575101944	0.6746618148909983	0.9008668401302325	0.9007883719332268	0.9446994284691826	0.6281240293782367	0.6286846666768043	0.6417860657354773	0.7399866944656727	0.863922591723176	0.8816511657813334	0.8482818625330995	0.8606610837931984	0.897737303008217	0.8866972007552582	0.8968905596780872	0.8770027355622715	0.8578594145829853	0.8951191809469187	0.8384024296689744	0.8491201949420621	0.6680783162139744	0.907469080683452	0.9175668454383767	0.8761411432638225	0.9223774730022122	0.8897506894587641	0.9029361775957274	0.7014728635454661	0.9092591402429949	0.7544198372485739	0.8845996718817939	0.91765959214499	0.9378733024896514	0.7545858753071769	0.9547446106363894	0.955376726696984	0.9309677994726557	0.9013909353000895	0.9148045141215324	0.8765871158873357	0.8872378613441368	0.9055021433080319	0.8930585895276641	0.8769907880902492	0.9144268701130382	0.8950722402892253	0.8545913343835458	0.9092073814318289	0.920414371743416	0.9122141089982428	0.9227161321280369	0.9531053249757546	0.922894709750627	0.8645670235606095	0.9594088176001235	0.8974227734832957	0.9688306344181751	0.9784483917260275	0.970190429641364	1.0	0.9804820471262338	0.8683827684350128	0.895106819829787	0.8620839860868705	0.8686458056202571	0.9031590343848583	0.9005851048608622	0.8929959139921131	0.8957754972047768	0.8871775689434802	0.8908660600191135	0.8990900929601583	0.8920702594850738	0.871739024484274	0.885923796844078	0.8184886291278555	0.8921997656888139	0.9015866218897098	0.804463297140624	0.7117625676526227	0.7415640351357123	0.7394211769284166	0.8729543236859562	0.9459086240347562	0.664538602434253	0.7979772145294537	0.8025414707519979	0.8079702077789285	0.8554033315828004	0.7810210768052531	0.8802651962609311	0.9078569948968074	0.9022879816722105	0.8915405110932235	0.9126900794488626	0.861820020051436	0.7733872300987094	0.8354334899462914	0.896241993204643	0.8732222839327586	0.8829384998704443	0.9005951511859858	0.8768744631024177
jd67kivinza	0.7289533146889094	0.7336012951942971	0.6623873104001263	0.6664719146734389	0.6761905569968373	0.6687116012172034	0.6662155578991992	0.7187142945254995	0.8926591322640622	0.9259027585470139	0.9354755751926401	0.6765770830864865	0.886526784360242	0.8826011793266598	0.9217923991480353	0.6736299416855973	0.6652433064234844	0.6777924949152964	0.747574521556308	0.8850790904501367	0.9018777882192748	0.8720415599737091	0.8829070565413082	0.9013213087389946	0.8967107571049165	0.9043612331040689	0.8990637664747413	0.87914418778341	0.9094524331869548	0.8598604200393989	0.8618545867044717	0.7257537507174657	0.9244905112222062	0.9299705633756301	0.8745479447864823	0.935416609039446	0.9116587594613965	0.9536060037421914	0.7638776266389921	0.9510777227974495	0.8217263207630716	0.9295442221225254	0.9497863924055281	0.9717267545932307	0.8252735070621062	0.9396836729437312	0.9380117154324613	0.9466239431468284	0.9248398820449866	0.9256750687809262	0.9147357469726151	0.9177961262086082	0.9331410481624453	0.9279444511887166	0.9164059996230807	0.9439813249756436	0.9252568401281716	0.8984202076207287	0.9437847942658951	0.9538950946776482	0.9560472468953369	0.961556347665867	0.9813508076609164	0.9646134381874409	0.9200024646943251	0.9850928709831301	0.9467550424852903	0.941341673067282	0.9605018140623608	0.9694370927822125	0.9804820471262338	1.0	0.8678154043203974	0.8992510156268118	0.8604983911884129	0.8662434462318643	0.9307029533067024	0.9160715480399233	0.9339308438552122	0.9126822687550189	0.915126265457189	0.9170981280816735	0.9342994113692834	0.9314976989140882	0.921604618847007	0.8841716937642454	0.8616239295111139	0.9391596689752981	0.9399149915883752	0.8206303435781557	0.7109752925181023	0.7333474950936013	0.7352581186853112	0.8450625584922297	0.9567145555610035	0.6580025385667261	0.7975268563562701	0.8000036422945218	0.8090076705638007	0.8296622504760965	0.771945615933172	0.9300244012458176	0.9489851748541518	0.9477457483951707	0.9396721963395419	0.9567359761057478	0.9148169795533222	0.8385691295540496	0.8869939083238882	0.9405690303504415	0.9284046127859609	0.9344273839249454	0.9476517903893408	0.9275420512466572
je11runyoro	0.8791193822173335	0.8893103622016383	0.8812739570044561	0.8770791836305747	0.8795657349640166	0.8751025640829391	0.8810889508480672	0.8869527738659758	0.891264602575465	0.9170270573969581	0.9084038314328392	0.8841567141153054	0.8291111868563351	0.950022309940068	0.9108545761585704	0.8524789437567116	0.8716581543171459	0.8857676500773206	0.8810019399317148	0.9213933125213192	0.9117501193914127	0.8996533625006276	0.9108963978070044	0.9475257205768602	0.9392061527074307	0.9373505508395622	0.9268375558440446	0.8917952269639496	0.9107808044069524	0.9229781286941102	0.9181090497302445	0.8078971049116477	0.9172408028448754	0.9215553781567115	0.9170586835498875	0.9205183556970463	0.9298184522469104	0.8877165266874417	0.7383062422767193	0.8463135809347313	0.7937782183077912	0.8667310123857422	0.8605919201133908	0.8767116442148254	0.8023639787065829	0.9161342479280434	0.9178032722962985	0.9267160460126903	0.9295759048583069	0.9224210547818016	0.9137715685052795	0.9131182671163416	0.9142723261542176	0.9062200750230831	0.9188645279392677	0.911321157818501	0.9034154604296621	0.897003026077015	0.9207822856098958	0.872699199903115	0.8338208342724396	0.8753037280402565	0.874491523736018	0.8686276671536989	0.8704362445068158	0.8815197049208249	0.8447440596964628	0.9040650175448055	0.908327678300692	0.9108696094523873	0.8683827684350128	0.8678154043203974	1.0	0.991142450628358	0.9917924319446461	0.9942846408363961	0.9156023076157941	0.977327717780484	0.9370912206929941	0.9722694114835616	0.9647844641627185	0.9648188718114256	0.9432261998583306	0.9164115623567313	0.9053817789332994	0.9627341596942554	0.8989043747673123	0.8828601492990429	0.8339290881117457	0.9368866631886741	0.9169484210539282	0.9333677084928298	0.9379613422820583	0.9566411733128727	0.9145738850280959	0.8911132495691434	0.912147209054109	0.9287160612802313	0.9283593584835286	0.969603550278124	0.9512466568712067	0.8921148491424205	0.8790405003743498	0.8833855825584923	0.8942805912403846	0.8904734128452511	0.896431019048572	0.8463723122510225	0.9015250590776633	0.8381398060332381	0.8854343094184188	0.8803928152408221	0.8806708572746771	0.8810297307580519
je12rutooro	0.8854127629452653	0.8992156653130502	0.8733668527320875	0.8765744047194924	0.8798225493613515	0.8753288832092773	0.8766053864311734	0.8955266074283019	0.9162395882084496	0.9408259570449755	0.9362491436087214	0.8840413015114259	0.8646528578664188	0.9641738864064622	0.9342701867399832	0.8520746863959743	0.8622345562789498	0.869385561376947	0.8980283534827218	0.9403247585119472	0.9284783843966468	0.9265472500584083	0.93493230466998	0.9665537664456612	0.956700512984992	0.9565197333534144	0.9472220008063237	0.9217945815520683	0.9364868468422403	0.9461986572232343	0.932339151362875	0.834844664752926	0.9462914254644675	0.9554374036693384	0.9461890387409029	0.9516885426231373	0.9541179543046017	0.9136195409835524	0.7738331335364999	0.8830116801423772	0.826822974821261	0.903316418320148	0.8908859068408173	0.9041809750259636	0.831027177576001	0.9477094062345967	0.9484114442450311	0.9541132376758109	0.9544561241258384	0.9474395218400682	0.946965064584165	0.9428156397064302	0.9457367031662092	0.9369361638301107	0.9488406596764758	0.93427699454564	0.9315598832955884	0.9249042439623351	0.9423254981396568	0.9130078811928295	0.8745012493632963	0.9098971446773815	0.9028921225269954	0.9008293068120736	0.9021468145923686	0.9088738509423208	0.8802433748127307	0.925855131694802	0.9328439266886959	0.9361972876030064	0.895106819829787	0.8992510156268118	0.991142450628358	1.0	0.9784728585098591	0.9854690716816128	0.9381115778705666	0.9845269569131063	0.9527405820798717	0.9812861165233003	0.9705292833125742	0.9675117824949209	0.9556847188600349	0.9458907991851279	0.9298774347825222	0.9761490257747788	0.9082663093213015	0.9051673200295999	0.8686618328569979	0.9360144155786849	0.8997901264024709	0.9157852436836016	0.9292297637635413	0.9480513416811793	0.9424097908309094	0.8672660097643852	0.907213427525601	0.9257145369587079	0.928877037126348	0.9594586493932555	0.9495069694090814	0.9224044927876339	0.9119770606343721	0.919295041888889	0.9308159478276175	0.9249275854211109	0.9268628627352341	0.8814342967213774	0.9276214860076545	0.882733039248916	0.9148716122735248	0.9137220041782881	0.9178692488383585	0.914554270124393
je13runyankore	0.8739517962686904	0.873949542155475	0.8760104690333845	0.8664166934338676	0.8692572600200171	0.8655091386575035	0.8724291298353554	0.8735528447956045	0.8806467531915595	0.912368953581962	0.9002672140580604	0.870633346023047	0.8191363939656895	0.9388075628395816	0.9060163302043182	0.8482756068928742	0.8696674814515135	0.8873820339562306	0.8704731692900957	0.9139946015712261	0.9086149711543032	0.892365975791869	0.9031743974035016	0.9426059255338126	0.9331597093243464	0.940133695644055	0.9190198123967249	0.8856922389999452	0.907043068319028	0.917923590207706	0.922330291495563	0.7884932914193892	0.9125248263873011	0.9088169736948636	0.9053308395697574	0.9088000409786837	0.9240392520575853	0.8767063295707244	0.7350688273316626	0.8455212537849499	0.7926397432169059	0.8572078736736863	0.861458173341055	0.8709016574061452	0.7983686734056247	0.9120124896844946	0.9127987771066087	0.9160011820818723	0.9274023771219377	0.9129647643350526	0.9045975473348845	0.9086663074398089	0.9094771599792955	0.8996304289192145	0.908496370300372	0.9116064810999006	0.9039651189034561	0.8896672879901859	0.9089338963388877	0.8700345426656303	0.8299637027051353	0.8721095234465829	0.8644833115610643	0.8622376288880723	0.8647882702217676	0.8749253630507948	0.8358277017873101	0.8943827087679255	0.9010419520094536	0.900077131722011	0.8620839860868705	0.8604983911884129	0.9917924319446461	0.9784728585098591	1.0	0.9948963650346371	0.9097517572376679	0.9698944671748493	0.9271184363273418	0.9645438037535196	0.9673716738067677	0.9573982686704575	0.9366456246867194	0.8983664624665229	0.885702138654484	0.9424787455004399	0.8841591698888314	0.8693105277438644	0.8320819000913974	0.929209488540259	0.9003937657779628	0.9174640842976228	0.9241794057860714	0.9432060831596373	0.902489694326351	0.8739020097204568	0.8927229286787587	0.9051827424539373	0.9073546921111181	0.9583501035511756	0.9312585221525	0.8888538387450111	0.8781856410251757	0.8761395668939586	0.8871632853790521	0.8837293272000394	0.8867365719408808	0.8405111628811897	0.9013839546886667	0.8268981760066452	0.875089456549483	0.885111307505944	0.8776258075236013	0.878545794216318
je14rukiga	0.8697897518985245	0.8855838884580179	0.8780975828600016	0.8726166340223359	0.8755023833256348	0.8703965496260977	0.875691314779683	0.8827199784686737	0.8824242630249484	0.9164996589180346	0.906232757274198	0.8803238719783222	0.8148605614948612	0.9522439717095056	0.9086899670316001	0.8506142882668382	0.8825559556465116	0.8944045969510646	0.8719015555019601	0.9171170408607051	0.9110373187475647	0.8947101732188643	0.9134726103263997	0.9482714431460489	0.9386077195741493	0.940885691743517	0.9155092752703423	0.8865025976543545	0.9080628062377539	0.9228710055034302	0.9145651795801131	0.7940727034473098	0.9143840256738933	0.9189700229657248	0.9121654327013189	0.9172566434701237	0.9364131581499884	0.8804410052134102	0.7374810600907156	0.8499591407565502	0.7940352763159301	0.8620315747339059	0.86070382644748	0.8725646532733071	0.7948575031507409	0.9131487673392862	0.9129681632941872	0.9176093752806348	0.9322665171047342	0.9215032396135128	0.9125521906558264	0.912078894052304	0.9169902718060982	0.9085825926543707	0.9154847214341383	0.9065374674687814	0.9068768360964188	0.8974801752285629	0.9173425601067277	0.8669055613287245	0.8279586408269902	0.8735481503958	0.8682939950467959	0.8628586243622278	0.8674070081843445	0.8766340053640537	0.8369978466595784	0.9000152887748244	0.9074276277703285	0.9057525087018115	0.8686458056202571	0.8662434462318643	0.9942846408363961	0.9854690716816128	0.9948963650346371	1.0	0.9058805713927219	0.9771577024008017	0.9277479787629402	0.9750967249485709	0.9714150025958197	0.9664461676790002	0.9457281522081609	0.9120307318481456	0.9056017277965434	0.9563986085586259	0.889614144487861	0.8770063166483737	0.8315681587784021	0.9374762548100855	0.9184885191539895	0.9381505754211966	0.9434767361167883	0.9592468966594958	0.9084055995090242	0.892533454691403	0.9111297208640171	0.9334591398017339	0.9335916563401717	0.9668168629484037	0.9516684403127113	0.8878327446150652	0.8759687957427718	0.8818066506105561	0.8946455291593551	0.8872931429599596	0.8953787651122818	0.8371409573382609	0.9063416412167717	0.8286614852136215	0.8784200580433252	0.886806224394985	0.884097904507177	0.8819630108429791
je15luganda	0.8452845828136257	0.7811906963328655	0.7737523495057561	0.7762009955409054	0.7837722553203472	0.7778819808844837	0.7760208613221699	0.7961074926640851	0.8488075076681366	0.9072801032739185	0.919140595972747	0.7775407686658594	0.8554703971955452	0.8927428138432444	0.9018269337524754	0.7975357341036146	0.7848280641774499	0.8013017178943524	0.8246311740791485	0.8633059037086381	0.8547852408967203	0.8776998203787534	0.8547984879401224	0.9016741974742745	0.8789517767127613	0.8985559406217144	0.902631501061524	0.86691117036388	0.8903110799692252	0.8910074121363949	0.8618459755642541	0.8023946001358137	0.9221786852069478	0.9273028245534439	0.8728853617567436	0.9375875933960015	0.9093837316349299	0.9345678265762517	0.7856839334238764	0.9058400801893658	0.8111891598601859	0.9045839655301269	0.8944942437633515	0.9163281179056754	0.852851981759637	0.9243744026474622	0.9303551301005721	0.9488489102892869	0.9458588885651406	0.9407215013307747	0.9520690567760414	0.9551919563341819	0.9510803179624587	0.9311566622448141	0.9536444844554749	0.9611179643233075	0.931316527576224	0.9077129996617499	0.9181654363231673	0.941355437534296	0.9187537759730033	0.9216914654517026	0.9192300058908409	0.9283636186746335	0.9231834124808603	0.9406989003749657	0.9466621781562492	0.8815164386522412	0.8999148541729329	0.9141706557536949	0.9031590343848583	0.9307029533067024	0.9156023076157941	0.9381115778705666	0.9097517572376679	0.9058805713927219	1.0	0.9493222359898749	0.940509271915411	0.9419084485346486	0.9397330091193349	0.913809943188995	0.9482314555646867	0.9271236413484969	0.919369497082676	0.889301263415758	0.8717711289269221	0.907233799925112	0.8845502626376608	0.8573155777417197	0.747170385370336	0.7780227729457208	0.7849249903604518	0.8479578437640637	0.9215483004302633	0.6979274309227224	0.7535144054805335	0.782182231784271	0.7884628417691737	0.8488728719042224	0.8247940646803976	0.9626117199975447	0.9519518169298921	0.9517575791334496	0.9523965871819645	0.9699214357123903	0.9489066769816326	0.9119483259830422	0.9324268618946234	0.9196466171280896	0.9429555546723747	0.9373813611204393	0.940112779933266	0.9403179748779292
je16lusoga	0.8838279675778791	0.8662965480809448	0.8544086021672577	0.8505864044731148	0.8530424037886685	0.8459365940679757	0.8494299733754405	0.8642460873596237	0.8955565076591714	0.9180443105886098	0.9157885628153192	0.8554963937756942	0.8290334622548005	0.9411094680979065	0.9097692139253013	0.8518486739877262	0.8798581410014255	0.8866293379041819	0.8764817292389656	0.927257221979991	0.918953424443783	0.9183936021848575	0.9261637790536639	0.9494316023217709	0.9492529881623083	0.948417663040099	0.9394164881162979	0.9031986282726435	0.9268594252171009	0.938481955727571	0.9211873631544447	0.8338045182588585	0.9460025643199267	0.9536390082354279	0.9262439759285007	0.947727899694436	0.9610759095373108	0.9425425955364268	0.78675728660702	0.9020075697608521	0.8417992934085188	0.9184883984643113	0.9112909052599015	0.9153772932595494	0.8433160103117571	0.9320981081845214	0.9341743261157516	0.9452167662443094	0.9516029993693311	0.9514068894211357	0.9553753371572599	0.9595479518100822	0.9622479662151375	0.955791643443746	0.9595202439747399	0.9535170025801646	0.9511888799990524	0.9408329414921363	0.9566709009176504	0.915420764548671	0.8931490527392909	0.929037144959902	0.9226586503350765	0.9219639389584802	0.9262596144970018	0.9281415849789186	0.9123282510971534	0.9054424250846588	0.9195333276072697	0.9266323387256199	0.9005851048608622	0.9160715480399233	0.977327717780484	0.9845269569131063	0.9698944671748493	0.9771577024008017	0.9493222359898749	1.0	0.9598126139722302	0.9895795119453308	0.9868184718925587	0.9820620501882646	0.984401132412372	0.9572504765398	0.9567321432410221	0.9519334551127073	0.9221531717010849	0.9259204113686775	0.8877070083020608	0.9550747233470237	0.8908802441299398	0.9069203953249529	0.9135355344579864	0.9408603779591547	0.9413564784962402	0.8577828825912011	0.8859782435369039	0.9092064538584989	0.9106468159825863	0.9445837325989508	0.9299644862235528	0.9474728038259106	0.9338830308973088	0.9355219200636339	0.945037182421639	0.9445555972833359	0.9545917226476551	0.8942261802971795	0.9510729867127785	0.8965375411607474	0.9373594727198381	0.9315262256450733	0.9418618298331461	0.9414350642441706
je17gwere	0.8510113577661563	0.8384934663948086	0.7809663636483856	0.7868316744325635	0.8018452878938179	0.7967594858000454	0.7966466515201206	0.8273185365385727	0.9378886882945126	0.9107571327000442	0.9090242037242	0.7996382468374814	0.8673577565696363	0.912128758647593	0.9095422048351586	0.8069034764839795	0.8000432121552692	0.8110136406368247	0.8638485601483578	0.95583397111822	0.9420608186263218	0.9411923347907334	0.9486469463858418	0.9533639529213356	0.9588204609622571	0.9527000650646653	0.9622464281666805	0.9379115451068806	0.9502437563792705	0.9432110573749345	0.9461669569313725	0.8269935706976684	0.9479461459184131	0.9433511731827051	0.9152989831330866	0.9609157249629279	0.9587931111098815	0.9702165098932994	0.8334206959560134	0.9480171165081378	0.8816956261951513	0.968143254012823	0.9446175938769751	0.9689677198924471	0.8956756655544549	0.923113730298991	0.9227052650154018	0.9678748679018706	0.9567807824697909	0.9459356185768453	0.9586966498600724	0.9583602323350658	0.9594651526937751	0.9660301209538327	0.9656478530223929	0.9624472543956993	0.9531577910086396	0.9623377309261678	0.9772056917977684	0.9576252784953309	0.945523440432178	0.9588623610318474	0.9508809632779489	0.9518220759073133	0.9461754370894762	0.9502278587200493	0.9236272600652802	0.9170176049006927	0.9278626372067931	0.9542402762190478	0.8929959139921131	0.9339308438552122	0.9370912206929941	0.9527405820798717	0.9271184363273418	0.9277479787629402	0.940509271915411	0.9598126139722302	1.0	0.9529086718614749	0.9595260803456941	0.9683337412674405	0.9653221394475573	0.9589722847342079	0.9585814341974458	0.9490156975396182	0.9029619258910067	0.957107452410035	0.9314227919277267	0.8944756586149839	0.8247341028908803	0.8385560437001819	0.8499297378211993	0.8823764152098871	0.963031611665008	0.7923844841223346	0.8741483468615245	0.8830979261486344	0.884888640695656	0.9007183856134273	0.8666863415106012	0.9576248452260625	0.952181182980337	0.9568664941664614	0.9601523338050717	0.9663459824116091	0.9546333276249511	0.9198509186415893	0.9408641680822136	0.9363838366498618	0.9614188819138518	0.9525833614807974	0.9600937887450478	0.9629390051882668
je21runyambo	0.8712326970874008	0.8612232752566049	0.841109263233365	0.8388449615025578	0.8439558339395085	0.8381765070164638	0.8399935354389868	0.859841980571739	0.8929851815442676	0.9126212135352632	0.913431750308385	0.8491373132840943	0.8221007275284932	0.937748317336725	0.9037817309563357	0.8479402523017282	0.8764754099867644	0.8804256409438022	0.8587617575330043	0.9252547697506848	0.9173653159392724	0.9110491491932595	0.9306165784598497	0.9497254927155668	0.9459811000516143	0.9468469489552785	0.9330588958940624	0.8983823078333351	0.9216937992393988	0.9347191683272302	0.9096355443321436	0.8233837280076118	0.9472296734832586	0.9448814454539184	0.920826075652025	0.9408410087341091	0.965822359634214	0.9299076244443322	0.7829062328839763	0.9049542964412756	0.8346552095049746	0.9175039356163447	0.9156021949666227	0.9140997934553045	0.8350121409206563	0.9322746765629147	0.9277200088839545	0.9382975242118061	0.9517135415061535	0.9486406305009328	0.950775450615556	0.9504095229664571	0.9549476778144569	0.9513193624979465	0.9484732579509872	0.9365140892963402	0.9436962082136007	0.9394364666338892	0.9483286603898318	0.9055468432014124	0.8946772843984555	0.9248157941912684	0.9131365029616321	0.9109355355679375	0.9175946233118287	0.9190944520619064	0.8977205181872384	0.9010685971203378	0.9175260455082357	0.926646872264422	0.8957754972047768	0.9126822687550189	0.9722694114835616	0.9812861165233003	0.9645438037535196	0.9750967249485709	0.9419084485346486	0.9895795119453308	0.9529086718614749	1.0	0.9904170924837498	0.982179510605126	0.9815044761626532	0.9641160249118038	0.958430279787667	0.9472989063506732	0.9123575989456875	0.9161506049352719	0.8741867565747578	0.9524235293472296	0.8819295991020843	0.8946973422814737	0.9078275940528593	0.9288992283605682	0.9297485473616405	0.8510383123182851	0.8872518087888326	0.9157829593933283	0.9160367297063625	0.9307487953893384	0.9201149350704533	0.9354925823868361	0.9266507468609763	0.9350767909868666	0.9469345466772193	0.9406963724850722	0.9504485850390256	0.8912317733517838	0.9498573050362208	0.8951379518919215	0.9293349985494033	0.9297040477108127	0.9384194898320206	0.9356816502473386
je22haya	0.8810998845132455	0.8486154451856043	0.8280097473117299	0.8231796365775049	0.8287926088622846	0.8221599687116601	0.8258837771768222	0.8419438087453209	0.8881573206916088	0.8966446805268125	0.8961389156732456	0.8314847488790992	0.8123717920124093	0.9179598522926692	0.8891367314531206	0.8472826672397009	0.8740402572936838	0.8801973611020778	0.8539762836232233	0.9234848726045715	0.9273477434277064	0.9090874013128841	0.9280729696265257	0.94093689345644	0.9410126027186468	0.9465865989531461	0.936867147210639	0.9033770603661951	0.9287505255624828	0.9334260077618332	0.9182422060966002	0.8277775874198027	0.9417542575720015	0.9420247894878347	0.910305599298855	0.9361462000189883	0.961423887125187	0.9379507272138677	0.794086453345899	0.9150613884723947	0.851770479693701	0.9230995165006105	0.923934320026397	0.9225088184564344	0.8520718647195703	0.9208936363771081	0.9184369239867031	0.9328809231244061	0.9501321525169569	0.9378951388333632	0.9469968598935528	0.9528788284330764	0.9572207325505612	0.9564521744157087	0.9495406334514936	0.947728542130331	0.9525046392247322	0.9465445402344396	0.9566406013284683	0.918022771306693	0.906751174815903	0.939316332758963	0.9258414999266009	0.9291489074645362	0.9374815062290209	0.9290767123562458	0.9110992306150387	0.8902526706538724	0.908255172639193	0.9202700661642317	0.8871775689434802	0.915126265457189	0.9647844641627185	0.9705292833125742	0.9673716738067677	0.9714150025958197	0.9397330091193349	0.9868184718925587	0.9595260803456941	0.9904170924837498	1.0	0.9874608969111855	0.9838569323870444	0.960720504738698	0.9577610839251312	0.9282711313493197	0.914053856809233	0.9315556099582656	0.8965604939741109	0.9487164997943675	0.865922585485826	0.8774082471858085	0.8939866768884941	0.908434293732359	0.9299617411001043	0.8358164373962136	0.8752355704678695	0.895659113772906	0.894655232588417	0.9171348702892731	0.9017811493516356	0.9480674548254563	0.9397288275478073	0.9427048591437582	0.9538807573082518	0.9465798101383283	0.9579755339896543	0.9013740941031564	0.9606759428479575	0.9070367667929778	0.9340890546073454	0.9463526059962614	0.9475992015092757	0.9462549289558694
je23zinza	0.8673527557514367	0.8543865510305171	0.8204304272439366	0.8175887290783851	0.8231964223290474	0.815551691335306	0.8201533567451702	0.8398225792713073	0.9049868778920357	0.892830820974333	0.8874515010143151	0.8277959382465048	0.8128137614850983	0.9200604765955105	0.8876829270777739	0.8334273501795255	0.8638466996197921	0.8686636208549242	0.8531507698541632	0.9367737872869099	0.9391326566525531	0.9155653404746638	0.9379523755292163	0.9379808716073734	0.9468899485925999	0.9437686179829623	0.940831769471231	0.9090507995418928	0.9305669836906879	0.9301917184128349	0.9238976383379458	0.8307759253739108	0.9378579981173054	0.9417619111744993	0.9173605447649658	0.9354899676170546	0.9635828483717015	0.9384315796637837	0.7975200494776435	0.9180055388701795	0.8582324124854068	0.9353442048268769	0.9228703828526097	0.9323683586041773	0.8492386808273795	0.9095801989919927	0.9078082477691541	0.92596650280925	0.9454013388331101	0.9383176790017091	0.943002754016114	0.9479476540797368	0.9522284581492464	0.9581216353044368	0.9460057281315517	0.9438875989567271	0.946844142826463	0.9548322834669125	0.9686631964999819	0.9076969597821273	0.8975603333097218	0.9354210533034604	0.933252124846123	0.9269260308449081	0.9245493549390951	0.9293593938566049	0.895919302272622	0.9051205966523093	0.9207410234905636	0.9327013847954364	0.8908660600191135	0.9170981280816735	0.9648188718114256	0.9675117824949209	0.9573982686704575	0.9664461676790002	0.913809943188995	0.9820620501882646	0.9683337412674405	0.982179510605126	0.9874608969111855	1.0	0.9849463754970255	0.9583332340856019	0.9600160208833747	0.9419903829474165	0.9229840291594757	0.9345736063622437	0.8941103651438732	0.9476701591744324	0.8831443783298127	0.8926099437672596	0.9004821458738465	0.9201312200382026	0.9395963186856569	0.8596132499554726	0.9054634835289267	0.9222074032082851	0.9179793421125273	0.9328043811218071	0.9084796082171661	0.9294351539541029	0.9249866810411213	0.9276813803461964	0.9371514327200571	0.9332190314949146	0.9445291683281273	0.8821743852474697	0.9410135998436516	0.8958855749600166	0.931219277773345	0.9297402716650645	0.9371213528660138	0.935666055132394
je24kerebe	0.8648932205154585	0.817548671380406	0.795849272438041	0.7921911965054018	0.7992856469383769	0.7913626853539857	0.7920434689016237	0.8140521495007744	0.8846230232776376	0.8890015733978448	0.8906515376877728	0.8000465778163937	0.8028453605744448	0.9065539677755845	0.8835642368008886	0.8293176930293489	0.8592651142969687	0.8638204981882865	0.8317514343399827	0.914172001793312	0.9123426506960157	0.9073899658847162	0.9149946513273254	0.9206817460337537	0.9266661826757332	0.9261604520622126	0.9234465909808786	0.8847441590849833	0.9091182016696556	0.9160267519996025	0.8957590819711325	0.8296888422697417	0.9349897889342816	0.9415554479938278	0.8969162099002037	0.9352349844608483	0.959930534120855	0.9573242594687325	0.8185593651188087	0.937227633885025	0.8638178087065038	0.9443432869246348	0.9286457045082881	0.9360618407084517	0.8662232766981548	0.909694535225614	0.9071517489250139	0.9297155994933758	0.9510874346974503	0.9472706749490414	0.9624174456349244	0.9644944155691935	0.9691019595088114	0.9687378470506239	0.9626674277780637	0.9635627312948789	0.9613794935529167	0.9576407832073928	0.9596736567646911	0.9224989747677987	0.9149853164752895	0.9453787023852788	0.9394769181309058	0.9382987665958377	0.9411253209010947	0.9436079483645455	0.9335534340655365	0.8865255943406986	0.9090590904082303	0.9229105318073422	0.8990900929601583	0.9342994113692834	0.9432261998583306	0.9556847188600349	0.9366456246867194	0.9457281522081609	0.9482314555646867	0.984401132412372	0.9653221394475573	0.9815044761626532	0.9838569323870444	0.9849463754970255	1.0	0.9651197408882042	0.9718566605018993	0.920563921809039	0.9227190173364255	0.9400223608641747	0.9018724974913982	0.9401407785858944	0.8405584166292482	0.8584596073871071	0.8656850920424769	0.8959461667726797	0.9328664836083551	0.8058133213176727	0.8476891795277366	0.8769318505789615	0.8756758105986965	0.8983029126466175	0.8811679791637488	0.9583980499037876	0.9488937299785437	0.9543097543869142	0.9598020665743897	0.9626812124146046	0.9701956410478888	0.9078942439845807	0.962569789278939	0.9100810628667273	0.9572534055453038	0.9512485325246199	0.9603284392860679	0.9596696153291245
je25jita	0.8593220723590893	0.8296430685702944	0.7787644689159606	0.7865438336726411	0.7894254929812459	0.7857636667067734	0.782369010266381	0.8197458071812673	0.9256467570751962	0.883407832594019	0.8848588636833145	0.7960332674966283	0.8321408468760405	0.901873749689836	0.874001382414872	0.7958278267415008	0.7964976580167664	0.7952399527292165	0.8439285526987527	0.9348943242663245	0.9349137449595385	0.9193624541941984	0.9358649826404116	0.9403483868523052	0.9401956585824768	0.9346950589436623	0.9331086815846207	0.9189342693219461	0.9336313598761692	0.9279455655966854	0.9027559397071797	0.8473086114777728	0.9450373152993469	0.9520952150344749	0.9174875603156231	0.9396919621298488	0.958087254415808	0.9572120144248829	0.8257189605799254	0.9468924065605249	0.8759438924871172	0.9588434774663948	0.9538804592143825	0.9341343268004795	0.8723295041806016	0.9180031017203548	0.9132607319419354	0.9355096684220574	0.9253379433382801	0.9164177381670361	0.9466195913994472	0.9411395726425614	0.9453382188594043	0.952072874460274	0.9422788898386567	0.9405199302003205	0.9412880463087935	0.95022403308488	0.9690730739527731	0.9406685846980832	0.9481340479647493	0.9695655002331924	0.9515193196246785	0.9565879219374963	0.9440691106448525	0.9461437972111337	0.945222282245024	0.8950502522645059	0.9135630586568673	0.9281957374177898	0.8920702594850738	0.9314976989140882	0.9164115623567313	0.9458907991851279	0.8983664624665229	0.9120307318481456	0.9271236413484969	0.9572504765398	0.9589722847342079	0.9641160249118038	0.960720504738698	0.9583332340856019	0.9651197408882042	1.0	0.9788951369954835	0.933783302487293	0.9384415273475172	0.9376488268590976	0.9206840312874677	0.9263148237684983	0.8310105379977786	0.8227377816506772	0.8535558074170398	0.8662728167500338	0.9497931026252062	0.8001842525701647	0.8716346304108209	0.8843496131821086	0.886587188325108	0.877357615984955	0.8603461583791905	0.9577603323281259	0.9527646031455744	0.956525212229328	0.9654532872605089	0.9651502815610514	0.9757215659055999	0.9308933181926022	0.9491336518068567	0.9562580874260771	0.9650339730450994	0.9602323422881114	0.9649641289324346	0.9647660532084134
je25kilegi	0.8346174219467934	0.8058311894398543	0.7524637049887697	0.7622317437760321	0.7700230485643733	0.7620104792818472	0.7599736286372821	0.7960258671033534	0.8812268980481921	0.8577824511370719	0.8644737241151829	0.7779319247366696	0.7857169332563627	0.8819318699298259	0.8489041741466817	0.8046787817415524	0.8251279074670584	0.8233731312082943	0.8180082079587075	0.908427574149454	0.9002479178872169	0.8899800217976116	0.9122264349293161	0.913607243505491	0.9210334335141455	0.9049920862563887	0.8986611903636763	0.8787179792068109	0.8959655647013764	0.9029855911590616	0.8711494410467464	0.8262116805274481	0.9170028617841738	0.9293176036502072	0.8797554645019477	0.932678828416751	0.9419212916727142	0.9624505096419846	0.8082885767045727	0.9304083405922002	0.858597549665002	0.9363090432865455	0.9216351185282753	0.9328697732787119	0.8631359782849437	0.8773668969287299	0.8732400294504453	0.9214841375495486	0.913597882189234	0.9085929124040496	0.9386670675079994	0.9319730685321791	0.9433312803386437	0.9494312770250559	0.9422373725877499	0.9286965767693846	0.9315821281633356	0.938853660354793	0.9602508900018429	0.9139969355516434	0.9245914916622839	0.9466806060708939	0.9383609276182827	0.9424974686290236	0.9407892090022459	0.932760319793558	0.931475342786282	0.862643341678378	0.8845730622819864	0.9079422059284569	0.871739024484274	0.921604618847007	0.9053817789332994	0.9298774347825222	0.885702138654484	0.9056017277965434	0.919369497082676	0.9567321432410221	0.9585814341974458	0.958430279787667	0.9577610839251312	0.9600160208833747	0.9718566605018993	0.9788951369954835	1.0	0.9195140844587791	0.9184708690340198	0.9523167845021662	0.9050046113138162	0.9087488074445349	0.8280046745015053	0.8413079378003756	0.8522833205168064	0.8722047853338984	0.9248321783587774	0.7942324010223737	0.8563803161982229	0.8896270856911672	0.8920231918890682	0.8636036572319621	0.8699447086530722	0.9502943129513578	0.9341291220895128	0.9498049569217848	0.9587867176489567	0.9577297251034069	0.9716818729250344	0.9096036717636282	0.9504709312068959	0.9265024808993796	0.9609681266413076	0.9440906052692265	0.958188888874098	0.9540060222739836
je25mkwaya	0.8332037252997139	0.8986453215490654	0.840662472281271	0.850546792279249	0.8578800397089296	0.8554928879227353	0.8538468042697877	0.886020336780264	0.947504563362811	0.9455731821027328	0.9325408713104945	0.8638220737061659	0.8757472472120547	0.9719545700304245	0.939601023861704	0.7941352468682016	0.8021732205935553	0.8074294410989102	0.8870200644132931	0.9585164259718809	0.9366070609096977	0.9260971260774198	0.9494455962028913	0.9788299289910704	0.9719828690011479	0.9573127364192026	0.9366994811102153	0.9255889383840926	0.9339729448083423	0.9389786935780401	0.9400805387461961	0.7906562768538561	0.9278742926447351	0.9387815177373908	0.9404237549465914	0.945783048952759	0.9460551022085194	0.9021078968061439	0.7690670299339384	0.8850471944854676	0.8137318443011857	0.9050201861923866	0.8884800483973337	0.9025675526904049	0.8144615727697915	0.9345797718053745	0.9328930921113288	0.9514220825094455	0.9255813170710918	0.9212143479587931	0.9186190733103301	0.9070581763042032	0.916362894719871	0.9156469040920268	0.9195014878617374	0.9016116192771301	0.9009756940621941	0.9064958845753166	0.9379472977697544	0.9012624359495166	0.867018963720244	0.8976220371625673	0.8917327003750367	0.8820178848980907	0.8685134533971672	0.892108176240784	0.845006105816676	0.9427237865067961	0.940452596200123	0.9436418810066272	0.885923796844078	0.8841716937642454	0.9627341596942554	0.9761490257747788	0.9424787455004399	0.9563986085586259	0.889301263415758	0.9519334551127073	0.9490156975396182	0.9472989063506732	0.9282711313493197	0.9419903829474165	0.920563921809039	0.933783302487293	0.9195140844587791	1.0	0.8832440512946106	0.8958367922646205	0.8627794949497518	0.8999337839414298	0.9013624440446689	0.9155701694529168	0.9275997432145712	0.9523505368587728	0.9489314122031558	0.8768519492665676	0.9394256055227062	0.9574208136750885	0.9579146588446763	0.9646204224438537	0.94197480655703	0.8877220501138947	0.880158234075647	0.8962911798201227	0.9057944780037069	0.9035806982322231	0.8971461380394037	0.850272208514575	0.8871748234468155	0.8653706479244985	0.8969956138438311	0.8921499043736618	0.8990739916446697	0.895937208965008
je31cbukusu	0.8834947167699622	0.8097326369644042	0.8043646709079613	0.8050507061324854	0.80031876210728	0.7975453209376743	0.7995071540102057	0.808314763728984	0.8909027739551452	0.806490243871423	0.8042544752519228	0.8062722288445732	0.7626618935894097	0.8368211438892126	0.8033296282230036	0.8143601706736154	0.801524002062183	0.8110706120213244	0.8284809814637829	0.897524756114507	0.9065969352675532	0.894468765116133	0.8759836391463127	0.8746715014694265	0.8807228944661787	0.875747588439928	0.8820697132154293	0.875301023854245	0.8769171490020905	0.890422767079334	0.8665515606064934	0.864799471025051	0.8931646857531378	0.8984014013104556	0.8880654988543565	0.8734298010933024	0.8848237082515512	0.9110623477992121	0.7895735863513293	0.8739524901319763	0.8571991905134079	0.8832263538565878	0.8911416388521277	0.8573009503560752	0.8322374361019084	0.8398843354630687	0.8364522980409999	0.851813221894353	0.8568957549970974	0.8355500856561007	0.8860027619853392	0.8766187347877324	0.876456585250238	0.8741933075238131	0.8842588595004686	0.9050645309463008	0.8836749586011752	0.8909184181556472	0.9192139596076147	0.8655532287690174	0.8635847309056084	0.9112239190941341	0.8932777871088408	0.9058196202226363	0.8934116528935648	0.8839037122440091	0.9068107482611523	0.8158782167234393	0.8449926202470642	0.8507067057832812	0.8184886291278555	0.8616239295111139	0.8989043747673123	0.9082663093213015	0.8841591698888314	0.889614144487861	0.8717711289269221	0.9221531717010849	0.9029619258910067	0.9123575989456875	0.914053856809233	0.9229840291594757	0.9227190173364255	0.9384415273475172	0.9184708690340198	0.8832440512946106	1.0	0.8686326897224309	0.8541133829846138	0.9315073604584992	0.8511891637455146	0.8170282424858294	0.8451202732321801	0.8350704183455782	0.884756365629876	0.8149626428482605	0.8522074620336167	0.8411934638659281	0.8559422012114307	0.8547941855734706	0.8466435280444583	0.9106014984372917	0.8999102756772076	0.8775716935704754	0.8864346814707895	0.8962347193583856	0.9186363863702903	0.8930744126809614	0.9020277767852316	0.8798699166073441	0.9362497067087339	0.9055410831885539	0.9035640012930801	0.9058695828385813
je31lumasaaba	0.7829632758819773	0.7707182957603336	0.6799567156357185	0.6872165899977742	0.7022401534067648	0.6955498258981179	0.694246336929047	0.7345036976615937	0.8950108362137684	0.8689482869546594	0.8830520165945734	0.7018140102690764	0.8224121575563773	0.856510413161561	0.8686544073536835	0.7092091188704571	0.7196557021896057	0.7236188677171415	0.7632158682547858	0.905644152869172	0.9246528256367745	0.878200907207993	0.9105457471572839	0.9065698659814685	0.9216895992935463	0.9013528734841381	0.9086997211027982	0.8839776181669946	0.9037685759929203	0.8852812677890977	0.8819395511391531	0.7563522688405296	0.9083388533837495	0.9283967648640213	0.8669125897046158	0.9234358136428179	0.9119120667659765	0.9623661281364201	0.7873936179624559	0.9356231241352327	0.8335080430908124	0.9264287202434527	0.9197256399774802	0.9520160816217422	0.8505728156106825	0.8933816093914043	0.8880925814584162	0.9408157762712995	0.9066097674915218	0.9009428880751079	0.9083752959875181	0.9056249001931496	0.9361235988592819	0.9393085130968326	0.927117946161289	0.9287434862169255	0.9360763019652303	0.9068275746986952	0.9509298007396729	0.9398122017542871	0.9401396773348025	0.9527511557996234	0.9562122321016392	0.9527431565167908	0.9670809114760388	0.9536848853767923	0.9349011590628793	0.8880360303894342	0.9001923353643357	0.9334530539660136	0.8921997656888139	0.9391596689752981	0.8828601492990429	0.9051673200295999	0.8693105277438644	0.8770063166483737	0.907233799925112	0.9259204113686775	0.957107452410035	0.9161506049352719	0.9315556099582656	0.9345736063622437	0.9400223608641747	0.9376488268590976	0.9523167845021662	0.8958367922646205	0.8686326897224309	1.0	0.9674286397080144	0.8634083300531762	0.7594714615815724	0.7860513991624658	0.8052554114409136	0.8433927755181754	0.9399803029870195	0.7174540701593918	0.8289195212529192	0.8487729993345394	0.8375177976557127	0.8470099935691121	0.8328896957824528	0.943836557442556	0.9448156854074159	0.9649882743595048	0.9589924062597215	0.9436442773536924	0.9270388748593812	0.8614458964004016	0.9227954260390048	0.9370037411007642	0.9289226141179792	0.9289332104678506	0.9496393298243875	0.9292831489485309
je32luyia	0.7672679277734034	0.7531792540439611	0.6607207791232981	0.6660744924889446	0.6717343080645508	0.6685021165482373	0.6660509613274089	0.7124140992496403	0.9149133635604557	0.8706329238662411	0.8819790734143172	0.6679972539181211	0.8555056227120837	0.8297414587312427	0.8733992877189175	0.6537824826047193	0.6466489984604116	0.6495334937000556	0.7672053591381733	0.9012234488180196	0.9354976903657054	0.8875069990347942	0.9068926721291921	0.8993754850934182	0.913870447313847	0.9024275714619777	0.9111211740775571	0.9073336726264802	0.9241610312632219	0.8870008110403074	0.8998898866934586	0.7488781525723505	0.9123508594665941	0.9292517080241226	0.8837358563249176	0.9124378715909411	0.900041347053404	0.9449880774578315	0.8016863177114769	0.9507334386422078	0.8521583364584343	0.9390247268767186	0.9454166278089823	0.9478747055495289	0.8486853135739365	0.9098161612696599	0.9053197684742765	0.9322188972697648	0.8917203160728805	0.8790509632368856	0.8952474889167227	0.9000430577101259	0.9253953259269548	0.9307669047867656	0.9088971641197896	0.9320411015369453	0.9372451879849846	0.9036467662254151	0.9401324591630564	0.9641860957895506	0.9629558043923124	0.9710067220470803	0.9594273678550037	0.9642121118264851	0.967924802973517	0.9571458030313807	0.9467232726190058	0.8956790359775709	0.9108603261799151	0.934078301837369	0.9015866218897098	0.9399149915883752	0.8339290881117457	0.8686618328569979	0.8320819000913974	0.8315681587784021	0.8845502626376608	0.8877070083020608	0.9314227919277267	0.8741867565747578	0.8965604939741109	0.8941103651438732	0.9018724974913982	0.9206840312874677	0.9050046113138162	0.8627794949497518	0.8541133829846138	0.9674286397080144	1.0	0.836551756357446	0.7068253372608084	0.7134333877446793	0.7552715788999619	0.7912848881312685	0.9562231763818035	0.6601484056653867	0.7970733683944206	0.7897231581710598	0.786209486683279	0.8107389394586234	0.7754737097098943	0.938598545170058	0.9603029146931431	0.9553789729482853	0.9457646596449351	0.9335500485698742	0.9066712668978248	0.8626931907604058	0.9032725043388945	0.9616179884514721	0.9247724778197481	0.9387404609458884	0.9550857018349713	0.9333338074165257
je34samialugwe	0.9096317348279713	0.8569923079817875	0.8595246886283165	0.8473098990374663	0.841637772858691	0.8380466224918605	0.8451155704653679	0.8430506080135182	0.8704404332697661	0.8247329114444235	0.8134432220112171	0.8477544103127469	0.7268858440195607	0.870481337269347	0.8198810404761205	0.8436454235105775	0.883283410992138	0.8786697288394446	0.8541724301252397	0.9039597969639798	0.9086460057811491	0.8964910375972507	0.9048683835540265	0.8945596255164371	0.9156839254289035	0.9019658653730465	0.9045959952242988	0.8668955948437765	0.8844514942304735	0.9172897743582564	0.8912930647771538	0.836060453056504	0.8994417720320316	0.9012908314807523	0.9027810558456953	0.8676029770506464	0.9267489441454836	0.8888063991137843	0.7683569101615807	0.846139870565849	0.8275348037027648	0.874504042740001	0.8689168132941235	0.8232104016814894	0.792121056250788	0.8678254254848806	0.8609437333396033	0.8514458733443342	0.8707124356973944	0.8700749440565595	0.8911969960292982	0.8941784495491264	0.9000338372173662	0.9036894777640927	0.8939452016731725	0.8908245476181358	0.9117225655422718	0.9055237147057389	0.901635760989214	0.8362078021300282	0.8260982294747948	0.8832110937056403	0.852091782729841	0.8566234530396072	0.8892693256682406	0.8456007243756191	0.8519546542893636	0.8213548816356331	0.8369675486922362	0.8411348158894443	0.804463297140624	0.8206303435781557	0.9368866631886741	0.9360144155786849	0.929209488540259	0.9374762548100855	0.8573155777417197	0.9550747233470237	0.8944756586149839	0.9524235293472296	0.9487164997943675	0.9476701591744324	0.9401407785858944	0.9263148237684983	0.9087488074445349	0.8999337839414298	0.9315073604584992	0.8634083300531762	0.836551756357446	1.0	0.9128178892867133	0.8919336814882378	0.9323491860268932	0.8909656991865839	0.8699402072211359	0.8931802376019032	0.882137242605933	0.8923959053335665	0.8900507025533424	0.9138779620331896	0.91899187212348	0.8929242485463407	0.8799856639390723	0.8734864263999864	0.8842665688082537	0.8678983638723008	0.9093123053068064	0.8674060792546356	0.9222143968219635	0.8424652087685717	0.8902675728317299	0.8769872591675238	0.8863989819520552	0.8928484358440437
je401ngoreme	0.8354488969988801	0.908907838395687	0.915539254050957	0.9110698529831451	0.9103543355414533	0.9062097497404336	0.9152512950088479	0.9083621157576789	0.8102791307051326	0.7921101500866239	0.7721773578863494	0.9242526201367471	0.6863305462019105	0.8768652436734663	0.7823297494385966	0.8358495456355305	0.8808913548176712	0.8769730948288145	0.86093112510625	0.8474027948885142	0.8291212579801074	0.8113302865471038	0.8488075166177144	0.8713803070948358	0.8781921471999165	0.850588387946871	0.8327849952908374	0.8028574276879238	0.8155561029241146	0.859213382077042	0.8546415294791256	0.7768798757761693	0.8021686200294401	0.8154522090914412	0.8536524006596561	0.7923783160933039	0.8550748186983393	0.7870278990565628	0.6611850249534813	0.7125528768526801	0.7528705134841015	0.7571561501567641	0.7477049954641619	0.7205828319149563	0.7021056077585636	0.7772146359258059	0.7798003643192083	0.7943644825440166	0.7931035814474595	0.7875473281386429	0.8011888323881535	0.7953459625643	0.7961762085663769	0.800992100272419	0.8038906169144782	0.7739216143570911	0.7878605304709188	0.8145514397142387	0.8376899606109273	0.7248817686440837	0.6909949667760418	0.7518090467027954	0.7297548644389759	0.7339567475507189	0.7569247906735802	0.7200595715346317	0.7111901432763453	0.7686480324435284	0.768897845646841	0.7641614017029652	0.7117625676526227	0.7109752925181023	0.9169484210539282	0.8997901264024709	0.9003937657779628	0.9184885191539895	0.747170385370336	0.8908802441299398	0.8247341028908803	0.8819295991020843	0.865922585485826	0.8831443783298127	0.8405584166292482	0.8310105379977786	0.8280046745015053	0.9013624440446689	0.8511891637455146	0.7594714615815724	0.7068253372608084	0.9128178892867133	1.0	0.9727914915493516	0.9718176682287074	0.9328423582904679	0.805371059191688	0.984811567913016	0.9541886052273253	0.9412363773931375	0.9512476073479987	0.9384578511385789	0.949645624483676	0.7650887288873482	0.7388284374369141	0.7406436420174423	0.7653573201176915	0.7460529263820812	0.8006651829688312	0.749093721848366	0.8096182308232636	0.7151242021145061	0.774086801849109	0.7611488354681242	0.7656547801105723	0.7753877227814077
je402ikizu	0.8242778561028314	0.8874496654695334	0.8849175420597608	0.8820171324558406	0.8851782233666443	0.8792998527463547	0.8875278050018441	0.8829742617247912	0.7893242278931927	0.8214028378740418	0.7999938244307644	0.8989859148456172	0.6877253226352632	0.9024783661544371	0.8093841786074971	0.8349143560156032	0.8920645622048559	0.8887333818230961	0.8530825351995898	0.8354849310712226	0.8108630865147275	0.7965329125215549	0.8421525972553487	0.879830282451734	0.8803565871363547	0.8500409445518016	0.817422210461145	0.7825828813612531	0.8007724691173961	0.8521096178272703	0.8410174566425149	0.75068315968393	0.8013279824888712	0.8239124045634859	0.8425329407679146	0.815631648595699	0.8620200878730256	0.7903477052682588	0.6603164106178046	0.7230903487269961	0.7395957661478412	0.7562573366089008	0.730391735434922	0.740637153576392	0.7055061728647857	0.7881188922537832	0.7939225456756023	0.818543405086446	0.8186466441994975	0.8184369885570625	0.8209594630186835	0.8155914735802001	0.8259019038664639	0.8241114123852383	0.8269687219377383	0.7951290539772543	0.810061287194183	0.8194696435040534	0.8360106366128164	0.736494039254182	0.6918719781923854	0.7462007019151335	0.7354580736800672	0.7370385789261642	0.7662060775636546	0.735767700867598	0.7096501294015812	0.7902289596383625	0.7876600078124771	0.7839820006535104	0.7415640351357123	0.7333474950936013	0.9333677084928298	0.9157852436836016	0.9174640842976228	0.9381505754211966	0.7780227729457208	0.9069203953249529	0.8385560437001819	0.8946973422814737	0.8774082471858085	0.8926099437672596	0.8584596073871071	0.8227377816506772	0.8413079378003756	0.9155701694529168	0.8170282424858294	0.7860513991624658	0.7134333877446793	0.8919336814882378	0.9727914915493516	1.0	0.97737098949192	0.9644727007343071	0.8131840956383526	0.9594943192433647	0.9258764127515007	0.9508006349484509	0.9584858244423526	0.9543649714233453	0.974872499317515	0.7782575189427428	0.7486917715999873	0.7635201185862017	0.7856113168984507	0.7624777137949834	0.807841392798422	0.7426802951990679	0.8243088844284434	0.7036131918305363	0.7738651989296857	0.766039172368	0.7735076372943318	0.7780728295734037
je403suba	0.8713938474124194	0.9151479833429784	0.8965442984888218	0.8959794143329699	0.8974064272938456	0.8941825621416116	0.9000060577117676	0.8985648879847472	0.8342341235209075	0.8329332375659609	0.8096428986981621	0.9100185286014184	0.7082081672004849	0.9074009956391095	0.8265908324299951	0.8413129661876851	0.8955088380390048	0.8848466970874225	0.8730934136036167	0.872575888706343	0.8627657377300557	0.8361403266815535	0.8806544675248352	0.8958920015227708	0.9043726925947747	0.8742321817379612	0.8518045825301415	0.8247571548405318	0.837972189829628	0.8896384368378549	0.8705243995140395	0.782436897972253	0.8338100670265248	0.8530288853062975	0.8779446555470294	0.8267473362810858	0.889950139180597	0.8055690987840501	0.7054613984295133	0.7598175409523145	0.76731750801166	0.7903414080031035	0.766499488888245	0.749169287549092	0.7312962182067284	0.8221852910185684	0.8192498687909034	0.8286954462053135	0.8337860117260608	0.8246347288031898	0.8401404971761359	0.8273113247587268	0.8430160162594756	0.8470447889179863	0.8456121649719257	0.8088996328862548	0.8396393992543725	0.8448357816773973	0.8498997541623354	0.7690769972465995	0.7242344589818293	0.785452712425479	0.7537570154740778	0.7606190928311694	0.8062300274797386	0.7519014761380951	0.7350680007305463	0.8037058809045057	0.8018464735684565	0.7994631328723337	0.7394211769284166	0.7352581186853112	0.9379613422820583	0.9292297637635413	0.9241794057860714	0.9434767361167883	0.7849249903604518	0.9135355344579864	0.8499297378211993	0.9078275940528593	0.8939866768884941	0.9004821458738465	0.8656850920424769	0.8535558074170398	0.8522833205168064	0.9275997432145712	0.8451202732321801	0.8052554114409136	0.7552715788999619	0.9323491860268932	0.9718176682287074	0.97737098949192	1.0	0.9388353663393177	0.8299086168228322	0.9615040524084758	0.9348994963218047	0.957140219073265	0.9575428798536827	0.9491269770336436	0.9843683178716633	0.8027392475803858	0.7795537583661628	0.7993621071776167	0.8185972554751257	0.7829073202449498	0.8292789253648695	0.784249346433355	0.8577568486922427	0.7454338828618825	0.8005188017148565	0.8032029465370975	0.8019878561614345	0.8048660987111164
je404shasi	0.7842171610803045	0.8688742666000855	0.8489987601053799	0.844125659719157	0.8473871920903703	0.8415452531373946	0.8501158829196213	0.8625472006289402	0.8477949439316513	0.9125574792374946	0.9017289723812689	0.8588348941606508	0.8036664410677765	0.9479260901054619	0.9014616557144974	0.7727041183865629	0.814616115735004	0.8208057998123486	0.8399779442562405	0.8724516184710417	0.8580568473751713	0.8331876070366817	0.8696963838043817	0.9287292321510141	0.9194814546105465	0.9004172431971464	0.864129240903881	0.8281378165040423	0.8581371631131199	0.8679045888753479	0.8748689302930838	0.7149472398934263	0.8581724574482144	0.8801659927386255	0.8818136347310466	0.8806973141178991	0.8909976080398212	0.8479425571066589	0.6612765315952555	0.7952148953990198	0.7349492470268831	0.8070832384291126	0.8130900019714822	0.8298317016660262	0.7172024534840381	0.8837993597420989	0.888361055730223	0.8933484482069384	0.8655584749923508	0.8772093428448723	0.8493362505426006	0.8545545273745462	0.8682587355832035	0.8577450486345626	0.8549233693925616	0.8514488994873158	0.847750815459502	0.835340429226937	0.8826046066702097	0.81461190372333	0.7776941821562541	0.8189096344597214	0.8304079059969406	0.811654993526402	0.8027950536488246	0.8337613487303719	0.7840676111046153	0.8998351269306871	0.8942380345164614	0.8837900548764491	0.8729543236859562	0.8450625584922297	0.9566411733128727	0.9480513416811793	0.9432060831596373	0.9592468966594958	0.8479578437640637	0.9408603779591547	0.8823764152098871	0.9288992283605682	0.908434293732359	0.9201312200382026	0.8959461667726797	0.8662728167500338	0.8722047853338984	0.9523505368587728	0.8350704183455782	0.8433927755181754	0.7912848881312685	0.8909656991865839	0.9328423582904679	0.9644727007343071	0.9388353663393177	1.0	0.88963908059319	0.9067691322012484	0.9307008007523011	0.9467368294096634	0.9511311798200373	0.9822350439742018	0.9540257616011735	0.8227364372397415	0.8116753060546053	0.8226518153610278	0.8318379663057761	0.8309010517947264	0.8375699899633751	0.7512229372090528	0.8335705469328665	0.7769842385460113	0.8148595988150614	0.811181121006674	0.8269535668265946	0.8209655847521915
je41maragoli	0.804358035055658	0.8378441035464425	0.7720362416447482	0.7783820501996105	0.7795188093081344	0.7750251198169323	0.7738189559769879	0.8170657981240644	0.9540312549474613	0.9482235304439585	0.9466072019382838	0.7793903170735178	0.91728149270592	0.9327838061397564	0.9444126629860446	0.7265015001992918	0.7230716402905438	0.7321264246676199	0.8569671514732614	0.944632996087817	0.9519892822805115	0.9333312010622334	0.945343535353298	0.9628792131206566	0.9583690963810028	0.9580036729607214	0.9551754167955596	0.9508642910997999	0.9685560407409367	0.9358577597743288	0.9476826910111573	0.7898403583983813	0.9489732929721486	0.9655297072165304	0.9421392933236223	0.9670264796892756	0.9478335669539416	0.9430381563190049	0.8005611095270322	0.9456811598603462	0.8515377112576799	0.9552888167471839	0.9550060090845277	0.961536623874976	0.8516013456038468	0.9595840846076655	0.9649501660470654	0.9750058600346506	0.9425448707224207	0.9386636218548318	0.9380823459539891	0.9437808476344027	0.9495713057853128	0.9512527157132592	0.9418034025335718	0.954356353593946	0.9431444657946485	0.9378342373766486	0.9723686724152876	0.9691308920470691	0.9528551590947284	0.9652854799712397	0.9679238699121543	0.9629310289783828	0.9347318987360245	0.9689070182037698	0.933600063924525	0.9633366238642191	0.9724881249429674	0.9800698620814229	0.9459086240347562	0.9567145555610035	0.9145738850280959	0.9424097908309094	0.902489694326351	0.9084055995090242	0.9215483004302633	0.9413564784962402	0.963031611665008	0.9297485473616405	0.9299617411001043	0.9395963186856569	0.9328664836083551	0.9497931026252062	0.9248321783587774	0.9489314122031558	0.884756365629876	0.9399803029870195	0.9562231763818035	0.8699402072211359	0.805371059191688	0.8131840956383526	0.8299086168228322	0.88963908059319	1.0	0.7699585751664634	0.8786242150148873	0.8781584920958306	0.8782282467342885	0.9078691172853247	0.8541441292771467	0.938833533341144	0.9552306922904046	0.9428363472811777	0.9442233923332461	0.9500402455201098	0.926566833997785	0.8734538300945481	0.9045141958665357	0.9491478342948375	0.9374194490298492	0.9412683356782449	0.9563747890637778	0.9465869929436166
je42gusii	0.8331759889930171	0.8998823956551814	0.904340260291246	0.8968863620467552	0.8965981486724288	0.8934786627163729	0.9031924993578092	0.891888646262549	0.7770691947274598	0.7556658990083523	0.7199765089723044	0.9101224343702284	0.6498720694102672	0.8583440916267545	0.743502241382408	0.8228069295427611	0.8664275480748898	0.8599513310529042	0.8540323103730726	0.8178129777105142	0.7999136548840854	0.7729678194776505	0.822906576358828	0.8385078375636418	0.849240868170303	0.821534178633885	0.8014199164321083	0.7679660600307269	0.7826880872564189	0.8307153353019368	0.8265258120636584	0.7517484659361158	0.7644447855361842	0.7771664060704876	0.82022222882882	0.7521697426994549	0.8305050886344028	0.739002755676364	0.64028960009516	0.6806514795327365	0.7158260141815467	0.7283748098092103	0.7154476793859414	0.6754568224147071	0.6758016851808699	0.7340179317936348	0.7398585814253227	0.7475939622148712	0.7498015837492537	0.7469004471962118	0.7617656174052572	0.759013899324637	0.7589294510136151	0.7696153174323694	0.7625728262043372	0.7376533815137942	0.7543033140019509	0.791057255532447	0.8077289082590396	0.6786881356984286	0.6521452707055111	0.7138482455563613	0.6922294134169096	0.69465290582186	0.7138618030956154	0.68000306948993	0.6571103728005333	0.7391702169858984	0.7343858377680589	0.7264934400534004	0.664538602434253	0.6580025385667261	0.8911132495691434	0.8672660097643852	0.8739020097204568	0.892533454691403	0.6979274309227224	0.8577828825912011	0.7923844841223346	0.8510383123182851	0.8358164373962136	0.8596132499554726	0.8058133213176727	0.8001842525701647	0.7942324010223737	0.8768519492665676	0.8149626428482605	0.7174540701593918	0.6601484056653867	0.8931802376019032	0.984811567913016	0.9594943192433647	0.9615040524084758	0.9067691322012484	0.7699585751664634	1.0	0.9415286909691368	0.9381577498823755	0.9373902043669758	0.9249514957787756	0.9289371958416054	0.7226818229302774	0.6970243701038419	0.6974039317487924	0.7247424859667113	0.7034634524849526	0.7685297873536572	0.7197930670627031	0.7772892312739393	0.6742130832000739	0.7344353451544671	0.7230995402943293	0.722115062866184	0.7399948835926056
je43kuria	0.7838460042454135	0.9110112694826835	0.8481426476911894	0.8509275142756358	0.8573814725556372	0.8557147933548497	0.8601833317025892	0.8862539833865918	0.8974909125428684	0.8521432649631967	0.8352741429174046	0.8718674467875277	0.7935029947558858	0.9022107907227386	0.8464581789841733	0.7670500544199107	0.7800712137994975	0.7789493215413683	0.8474395754776216	0.9103090995919366	0.9069364720934121	0.8505878299669523	0.9103735273698276	0.9183693422288385	0.9292128800952834	0.8973377760224405	0.880391751813993	0.8661581647386882	0.8802755106805897	0.8802257976903265	0.9007878743425083	0.7460398609201635	0.8487678638228643	0.8544049884605727	0.8876890119293496	0.8410810186720125	0.8874576652247486	0.8329919232035555	0.6844078082254809	0.7940576305753622	0.7785295767905004	0.8241454224958699	0.8316463224429965	0.8180860894314435	0.7372750212957232	0.8397512486307129	0.8341229310053306	0.8535894773348965	0.82553192323333	0.8168445693421176	0.8120977501660666	0.8037875531682629	0.8157310075750138	0.8330611191677852	0.816165398809364	0.795596742534162	0.8129994561046061	0.8407993077335842	0.8907820340367129	0.7947785070671171	0.777872643921776	0.8246663650088312	0.8149746230456854	0.8035020595173936	0.7952748387324261	0.7985401387716222	0.7482578419677273	0.8635754372032152	0.8578452169717453	0.8605316274286495	0.7979772145294537	0.7975268563562701	0.912147209054109	0.907213427525601	0.8927229286787587	0.9111297208640171	0.7535144054805335	0.8859782435369039	0.8741483468615245	0.8872518087888326	0.8752355704678695	0.9054634835289267	0.8476891795277366	0.8716346304108209	0.8563803161982229	0.9394256055227062	0.8522074620336167	0.8289195212529192	0.7970733683944206	0.882137242605933	0.9541886052273253	0.9258764127515007	0.9348994963218047	0.9307008007523011	0.8786242150148873	0.9415286909691368	1.0	0.9679502586161132	0.9728300784552799	0.9392483634156986	0.9154238624064397	0.782644324685118	0.7806671081734301	0.7915838511291137	0.8065070471400603	0.788652574566478	0.8082708450111777	0.750033269808928	0.8059539233133083	0.7885384044692331	0.8022387543925211	0.8027777948773442	0.8094856129114514	0.805289422814421
je43kuriamago	0.7914307494460826	0.8847234728480217	0.8222981883026556	0.8287330482993918	0.8358740982386609	0.8311874638198635	0.8337898210678253	0.8572204138802426	0.8754140800726915	0.865951167079481	0.8435584116655603	0.8502692787674615	0.7548082560415739	0.9333998199155737	0.8561925231634671	0.7662923814741364	0.8205822637380109	0.8164621398140101	0.8267391109330398	0.9009829510539447	0.8907118490173956	0.8451206559104308	0.9142492117875158	0.9227051370728657	0.9286820966543115	0.8978218802006783	0.8622025715384029	0.8470430044857299	0.8615202457378728	0.886530038186808	0.8774433356654449	0.7332846392001205	0.852884175211468	0.8682025845150515	0.8764463448441103	0.8649961423992096	0.9066176452159411	0.8312542273441225	0.7050855763842644	0.812391938045024	0.7576456759135235	0.8281522086924441	0.8196329951375944	0.8190426833353516	0.737936669397081	0.8405294159211538	0.8368463330920828	0.862731871519246	0.8461426995277557	0.8442496965410432	0.8413517671320547	0.825782965600503	0.8482901777482523	0.8583078003586468	0.8438277312833518	0.8136835184763139	0.83857770089677	0.8544515225734569	0.8913683838997242	0.7939981671017471	0.7775983161569747	0.8212107915345719	0.817061992972852	0.8043185392803893	0.8092512725059426	0.8105042677766638	0.7521449085062861	0.8660351058433788	0.8647099652733492	0.8676786699223188	0.8025414707519979	0.8000036422945218	0.9287160612802313	0.9257145369587079	0.9051827424539373	0.9334591398017339	0.782182231784271	0.9092064538584989	0.8830979261486344	0.9157829593933283	0.895659113772906	0.9222074032082851	0.8769318505789615	0.8843496131821086	0.8896270856911672	0.9574208136750885	0.8411934638659281	0.8487729993345394	0.7897231581710598	0.8923959053335665	0.9412363773931375	0.9508006349484509	0.957140219073265	0.9467368294096634	0.8781584920958306	0.9381577498823755	0.9679502586161132	1.0	0.9895331601696653	0.9512228564022842	0.9512419552802183	0.8034820080611124	0.796116764955375	0.8216460070956708	0.8391115157429795	0.813356403167612	0.8365782936722924	0.7617138465376881	0.8412354118249904	0.7790195333483426	0.8198694109298532	0.8194825195032396	0.8289467012250029	0.8225948539113612
je43kuriatari	0.8003899024823278	0.8937568674690336	0.8382056772378621	0.8461887061924788	0.8529299654997654	0.8484327589810241	0.850470217824474	0.8752827954896752	0.8802626380913093	0.8717684379744475	0.848340410082437	0.8692812431678867	0.7628118576886325	0.9331254955390725	0.8607798273318773	0.8002992595233263	0.8382841345781512	0.8346708512198584	0.851027296586837	0.9077450381974813	0.8882263440639654	0.857095474565393	0.9178080305237202	0.9280814831085648	0.9334593422409734	0.9030930689272385	0.8670339774980349	0.8572331338009246	0.8684061014388103	0.8953033280715524	0.8852674798460154	0.7587565447570498	0.8649207194116143	0.869730571375256	0.890505994756648	0.871853070618157	0.9125157851472987	0.8457815507632606	0.7124714934883875	0.8105130796468487	0.7914774076183784	0.8321361189164428	0.8236097175064734	0.8238474709317007	0.752062748429495	0.8449784888506198	0.8416909309444555	0.8681581738673927	0.8547780413383314	0.8489107350168197	0.8534044608362749	0.8351844523306159	0.852481345881031	0.8624594831092476	0.8537629759745247	0.8209052323368397	0.8435296665340954	0.8627348544368302	0.8943938828671609	0.8017233703975479	0.7834652884511626	0.8264283283099569	0.815524658290505	0.8100463686898722	0.8105817182611272	0.807922714937894	0.757683991280904	0.8600992780049904	0.8630029792944879	0.8648635565897671	0.8079702077789285	0.8090076705638007	0.9283593584835286	0.928877037126348	0.9073546921111181	0.9335916563401717	0.7884628417691737	0.9106468159825863	0.884888640695656	0.9160367297063625	0.894655232588417	0.9179793421125273	0.8756758105986965	0.886587188325108	0.8920231918890682	0.9579146588446763	0.8559422012114307	0.8375177976557127	0.786209486683279	0.8900507025533424	0.9512476073479987	0.9584858244423526	0.9575428798536827	0.9511311798200373	0.8782282467342885	0.9373902043669758	0.9728300784552799	0.9895331601696653	1.0	0.9428536762008263	0.952076100786995	0.8121630331156202	0.8011917216228641	0.8184361598494215	0.8388593620846532	0.8162744818459103	0.8414245357363834	0.7775671347218827	0.8467109284829619	0.7850832018495014	0.8324466692738616	0.8278681532317946	0.8350128529959461	0.8301924623541027
je44zanaki	0.831090111344881	0.8960012855928845	0.8770448430924761	0.8712948838692008	0.8718046153776742	0.8684757405280058	0.8775931834978858	0.8830707354183503	0.8833391464014336	0.9119225580844809	0.8948151441197814	0.8781189128920885	0.8235613886437693	0.9521304226140745	0.9041332851689667	0.7799190922679368	0.8139309093311952	0.8208691185835769	0.8739322083378207	0.9022669303473294	0.8928653328499669	0.8677912580987368	0.8953917134861404	0.9457277651851415	0.9383468594880106	0.9258227079918904	0.9001420555088322	0.8698773012519015	0.8899794140935471	0.9000298280812354	0.9177562880517036	0.7525577389212288	0.8763564828622102	0.8989355378910293	0.9099666668735645	0.8908746093851633	0.9022591465620378	0.8424086461598614	0.6981703428499243	0.8124728206559921	0.753769837644725	0.8342104845589304	0.8316116379648207	0.8335740681396283	0.7436734351963618	0.8954470203339476	0.9019819326968989	0.8995800167979084	0.8743789511967157	0.8791985240348626	0.8611165959114906	0.8706473647854693	0.8780435428147166	0.8693206692864681	0.8652515008543412	0.8710668225023833	0.8637878613630148	0.8592960415681213	0.8979677261047558	0.8354270358570378	0.7934743471343917	0.8359743034658773	0.838954834525246	0.8246146130213192	0.8192327950920929	0.8396904842844136	0.7908474059517984	0.9114588780608824	0.9036619660523171	0.8928647855674285	0.8554033315828004	0.8296622504760965	0.969603550278124	0.9594586493932555	0.9583501035511756	0.9668168629484037	0.8488728719042224	0.9445837325989508	0.9007183856134273	0.9307487953893384	0.9171348702892731	0.9328043811218071	0.8983029126466175	0.877357615984955	0.8636036572319621	0.9646204224438537	0.8547941855734706	0.8470099935691121	0.8107389394586234	0.9138779620331896	0.9384578511385789	0.9543649714233453	0.9491269770336436	0.9822350439742018	0.9078691172853247	0.9249514957787756	0.9392483634156986	0.9512228564022842	0.9428536762008263	1.0	0.9580357665620179	0.8354306905052571	0.8300110060002956	0.8305500849706494	0.8412332435622153	0.8384845186191194	0.8478831748061714	0.784049260365847	0.8470399946163154	0.7962494944330475	0.8272211549031865	0.8268698306777826	0.8372455744611431	0.8376622723075118
je45nata	0.8692191993420895	0.9138384883467721	0.8897921518807035	0.8944028859671372	0.8947174604298737	0.8894681469802748	0.8939456150876857	0.8980230495779881	0.8330694259539208	0.8648867015267283	0.8507159742966536	0.9057545676964668	0.749035315677899	0.9261986946031681	0.8589116093000094	0.8403625289282965	0.8842484969623244	0.8762833237304812	0.8824119122869588	0.871127852938613	0.8575884485066173	0.8481586358514258	0.8783795604884198	0.9072172256464104	0.9082719048717661	0.8815167995212724	0.8605511373599622	0.8372469985777554	0.8461875666569452	0.8942150479034752	0.8729949023241982	0.7932581587877284	0.8523157990585196	0.882459364509115	0.8965135942770633	0.8684729061111967	0.888625785882423	0.8216810463201439	0.7055262323154009	0.772537680608593	0.7613789857714025	0.7963325916562616	0.7667332493410485	0.7798683072289727	0.7402107679063711	0.8499234060410146	0.8525413430013016	0.8634984019630212	0.8567953793709792	0.8537921831832322	0.8632006511209015	0.8531040150660664	0.8720375377363745	0.8630789492337091	0.8714238699456208	0.8394684380589695	0.8580011055126894	0.8500208999026623	0.8641797418162062	0.7985113804751947	0.7459869781455564	0.7976870324289128	0.7828770195028049	0.7862863798595364	0.8274611288209757	0.7837232992968258	0.7641054604089366	0.8341504457790702	0.8344480120302189	0.8317083901868112	0.7810210768052531	0.771945615933172	0.9512466568712067	0.9495069694090814	0.9312585221525	0.9516684403127113	0.8247940646803976	0.9299644862235528	0.8666863415106012	0.9201149350704533	0.9017811493516356	0.9084796082171661	0.8811679791637488	0.8603461583791905	0.8699447086530722	0.94197480655703	0.8466435280444583	0.8328896957824528	0.7754737097098943	0.91899187212348	0.949645624483676	0.974872499317515	0.9843683178716633	0.9540257616011735	0.8541441292771467	0.9289371958416054	0.9154238624064397	0.9512419552802183	0.952076100786995	0.9580357665620179	1.0	0.8269791661204992	0.8063900980586272	0.8238661517331246	0.8422622474986055	0.8110919032135083	0.844625241523002	0.7931472194234953	0.871221357007175	0.7651121355477986	0.820456028727491	0.8127726224396894	0.8238086789510266	0.8183406441763491
n11manda	0.8776291913765871	0.7960871711201644	0.7634467932959523	0.7680438853062771	0.7753598984968478	0.769902224400543	0.7657119889175635	0.7909169613121075	0.8881516759771514	0.8785783776517974	0.8781359994483016	0.7688099990702735	0.8259600557929232	0.8748190207259662	0.8721329959338259	0.8061008142531135	0.7945818019212069	0.8011844273859027	0.8447691231213063	0.9048107743256296	0.9035785050114074	0.9192350233112873	0.9099277009743741	0.9128781074024044	0.9146469888899582	0.9204829367642617	0.9257976279212294	0.9059833377233125	0.920722007394591	0.9298124704411964	0.9007342333186391	0.8587349398466311	0.9414837188069056	0.9446982285266377	0.8963096184542932	0.9468753656653245	0.9391391965557696	0.9693482576018414	0.8715841162939573	0.9491193270441697	0.904903654036607	0.9507557236311189	0.9365457237885588	0.9341330836164703	0.9158530076242685	0.9097324605439221	0.9144880535535904	0.9415924865263318	0.9380842855165553	0.9260773632933266	0.9644003920318847	0.9643722078243019	0.9710603854304684	0.9642997387404759	0.9691461859576933	0.9805524440937161	0.9731494184361176	0.9535612385640895	0.955041825687944	0.9654006810881982	0.960584937645294	0.9684754218131827	0.948219609995047	0.9692319703005099	0.9788408464210335	0.9553656228973287	0.9743903318712627	0.8610179511242169	0.8868571639755171	0.9088940482727799	0.8802651962609311	0.9300244012458176	0.8921148491424205	0.9224044927876339	0.8888538387450111	0.8878327446150652	0.9626117199975447	0.9474728038259106	0.9576248452260625	0.9354925823868361	0.9480674548254563	0.9294351539541029	0.9583980499037876	0.9577603323281259	0.9502943129513578	0.8877220501138947	0.9106014984372917	0.943836557442556	0.938598545170058	0.8929242485463407	0.7650887288873482	0.7782575189427428	0.8027392475803858	0.8227364372397415	0.938833533341144	0.7226818229302774	0.782644324685118	0.8034820080611124	0.8121630331156202	0.8354306905052571	0.8269791661204992	1.0	0.9893201533835755	0.9790508085018672	0.9818393432670892	0.9825097846996372	0.9823410374791218	0.9597529345916301	0.974372980336763	0.9630574966412574	0.9802395958450667	0.9775730248787509	0.984331545665263	0.9856112968644847
n12ngoni	0.8541981554283519	0.7836758108433758	0.7374812437558532	0.7406741139453309	0.7459792237416044	0.7411127372648938	0.7373912007754999	0.7687817630328555	0.9007802617397805	0.8941133632970631	0.8929552467818798	0.7390216169317968	0.8502511497736991	0.8755712697843114	0.890157785958433	0.758514832706284	0.7461624457010024	0.7535097246079179	0.8261458156851772	0.9044942911224805	0.917425505406343	0.9199787811357805	0.9149906995414142	0.9134429810068186	0.9152453215473022	0.9242619404284048	0.9290589291237094	0.9148662689822846	0.9315982137343846	0.9262893360663909	0.9068812464344587	0.8214771516352989	0.9448531232206498	0.9474273315514474	0.9016473628574265	0.9492632188976515	0.9367888203520242	0.962173143703712	0.847956321018502	0.965486324013717	0.8856351446667305	0.9574484596551796	0.9554478169233308	0.9463228357476838	0.891964403366825	0.9267405673046285	0.930787405239126	0.9449867344302487	0.9346484603695534	0.9232788261046079	0.9546617477697252	0.9578846696018982	0.968617428654079	0.9629530793320665	0.957503159588343	0.9846408203484132	0.9768177244217187	0.9518775459657755	0.9569512788817842	0.9773740181391504	0.9778510984536501	0.9802760466541895	0.9650046413820449	0.9806451830525403	0.9822822221836274	0.971503830490092	0.9784753855973909	0.8861166296135962	0.912982035249988	0.9308447119611359	0.9078569948968074	0.9489851748541518	0.8790405003743498	0.9119770606343721	0.8781856410251757	0.8759687957427718	0.9519518169298921	0.9338830308973088	0.952181182980337	0.9266507468609763	0.9397288275478073	0.9249866810411213	0.9488937299785437	0.9527646031455744	0.9341291220895128	0.880158234075647	0.8999102756772076	0.9448156854074159	0.9603029146931431	0.8799856639390723	0.7388284374369141	0.7486917715999873	0.7795537583661628	0.8116753060546053	0.9552306922904046	0.6970243701038419	0.7806671081734301	0.796116764955375	0.8011917216228641	0.8300110060002956	0.8063900980586272	0.9893201533835755	1.0	0.9794995018075011	0.9811360366439406	0.9810203815809259	0.9694829841901946	0.9356762830258674	0.9635209272297924	0.9745677197112348	0.9753649336710195	0.9802327147981975	0.9883283645907353	0.9837153159657059
n13matengo	0.8371510741789486	0.7870395170354203	0.7155955934869546	0.7245460176431227	0.7395185681927534	0.7347752438493295	0.7271613112467915	0.7666785834032364	0.897354441081659	0.9001597985224481	0.9044475309976411	0.734482729616613	0.8431344121699693	0.8866677599996614	0.8989427995052564	0.7549780320003433	0.7544292687310121	0.7551817904277486	0.7983345525484726	0.9064769393106475	0.9160959063383591	0.9047390300762347	0.9180118171924257	0.91213225120237	0.916850763686341	0.9146422659702294	0.916143733224218	0.8909903652707026	0.9113997940153709	0.9171431346606794	0.8867983296468147	0.8029732512048455	0.9378855324666168	0.9452382441533599	0.8883434068263852	0.9424343419168705	0.943704491753081	0.9634350788642885	0.8624281103049052	0.9723949848483154	0.8785310784880785	0.9548186845466526	0.9424459585317743	0.9489449646882959	0.8953343451508532	0.9271765467268692	0.9204669594819331	0.9475366024795405	0.9408100045363884	0.9289919445975664	0.9546538340525964	0.9468712951745427	0.9697380930101789	0.9667379622044183	0.9596684764401882	0.9620001628868097	0.9708967699488885	0.9429025704541161	0.9493590187593289	0.966318286924935	0.9619080441565881	0.9693191814624036	0.9523616348457083	0.9617216952651522	0.9772531334046302	0.9635668296867077	0.959630623553638	0.8890329206646851	0.9089856713348506	0.9346598380523125	0.9022879816722105	0.9477457483951707	0.8833855825584923	0.919295041888889	0.8761395668939586	0.8818066506105561	0.9517575791334496	0.9355219200636339	0.9568664941664614	0.9350767909868666	0.9427048591437582	0.9276813803461964	0.9543097543869142	0.956525212229328	0.9498049569217848	0.8962911798201227	0.8775716935704754	0.9649882743595048	0.9553789729482853	0.8734864263999864	0.7406436420174423	0.7635201185862017	0.7993621071776167	0.8226518153610278	0.9428363472811777	0.6974039317487924	0.7915838511291137	0.8216460070956708	0.8184361598494215	0.8305500849706494	0.8238661517331246	0.9790508085018672	0.9794995018075011	1.0	0.995159517801438	0.9845698672011731	0.9667375517563742	0.9311918604817734	0.9676545009453231	0.962436042848255	0.9626441296132705	0.9759741330657431	0.9837146212121893	0.9730192113221215
n14mpoto	0.8562212069370402	0.808816318800051	0.7438981261336467	0.7541080818973133	0.768129376561685	0.7629328974727447	0.7551183250872434	0.7927013526177746	0.8974796903491983	0.8997257696817269	0.9019275077092326	0.7640285140646166	0.8383229483026107	0.8984551344565648	0.8951595431626076	0.7856065955713715	0.7869325361469419	0.7858811584493592	0.8226981110592176	0.9129328926549988	0.916334446904227	0.9128185365931759	0.9291906876963453	0.9247149144959754	0.926506309474602	0.9278167320998453	0.9243481204462063	0.9037368557117518	0.919686095945981	0.9322483610984154	0.898170422883283	0.8201503054752339	0.9459692852737804	0.9527494800718634	0.9006506832027161	0.950509292682945	0.9546915286341621	0.9613139801148687	0.8528962331500818	0.9666418673397477	0.881679350987316	0.9568504107123954	0.9422838114531125	0.9427364874936034	0.8934495101913738	0.9257980149076318	0.9221588707250089	0.9506531413999634	0.948674557906565	0.9347411606714494	0.9670043805384158	0.9583842539617101	0.976825687743296	0.9734083942917665	0.9689668200472221	0.9644902667017106	0.9747775358362611	0.9549681755142826	0.9561975464674605	0.966331992276176	0.9611607126823182	0.9686307507236596	0.9467128424218124	0.9615406677923396	0.9790315163970471	0.9564004476903716	0.9564224865406004	0.8828856875873017	0.9053334204460453	0.9295119907157295	0.8915405110932235	0.9396721963395419	0.8942805912403846	0.9308159478276175	0.8871632853790521	0.8946455291593551	0.9523965871819645	0.945037182421639	0.9601523338050717	0.9469345466772193	0.9538807573082518	0.9371514327200571	0.9598020665743897	0.9654532872605089	0.9587867176489567	0.9057944780037069	0.8864346814707895	0.9589924062597215	0.9457646596449351	0.8842665688082537	0.7653573201176915	0.7856113168984507	0.8185972554751257	0.8318379663057761	0.9442233923332461	0.7247424859667113	0.8065070471400603	0.8391115157429795	0.8388593620846532	0.8412332435622153	0.8422622474986055	0.9818393432670892	0.9811360366439406	0.995159517801438	1.0	0.9858824656482889	0.9785283027207358	0.9396402001852991	0.9799636189309395	0.9628171402041662	0.9672348271891987	0.9825313997501153	0.9885595214134569	0.9802701506042267
p11ndengeleko	0.8394619912728042	0.7834505034186388	0.7354843703851442	0.7433917270130099	0.755870481942691	0.7501147513686142	0.7444722165678643	0.7811714768002344	0.8980189642601335	0.9060824769348953	0.9102908906378707	0.7510224265092306	0.8603429340687858	0.8945432367505874	0.9019249347585329	0.7723417157592023	0.7617478539970903	0.7700648616655057	0.8205825136100361	0.9071716315636332	0.9031832179451789	0.9150598488725695	0.9082212768794283	0.9190520342343722	0.9131167452964327	0.9223330104155393	0.921125770306029	0.899397833639346	0.9192574133992074	0.9181852280839331	0.8926328364286185	0.8117672432441086	0.9379879277716956	0.9445987199579758	0.8888764740593303	0.9571549988821644	0.9409541006804526	0.9672892671440194	0.8426987152623017	0.9700486793965428	0.8677907728343152	0.9598946564027372	0.9521495466617338	0.9576732642546756	0.8921703406479968	0.9272001953416924	0.926975811091096	0.9524442132101058	0.9448072366674027	0.9343287475948581	0.9617849125566151	0.9606108131127268	0.9665797465424126	0.9610434266430338	0.9615439468966702	0.9745254420151805	0.9592488516868324	0.9497254438431211	0.9567392709398165	0.9708977819164437	0.9683928801956286	0.9723419177501764	0.9618833742616365	0.9706893715052649	0.9580528482794206	0.9721907238901343	0.970906070450833	0.8963251350580355	0.9185913039874581	0.9382484372969901	0.9126900794488626	0.9567359761057478	0.8904734128452511	0.9249275854211109	0.8837293272000394	0.8872931429599596	0.9699214357123903	0.9445555972833359	0.9663459824116091	0.9406963724850722	0.9465798101383283	0.9332190314949146	0.9626812124146046	0.9651502815610514	0.9577297251034069	0.9035806982322231	0.8962347193583856	0.9436442773536924	0.9335500485698742	0.8678983638723008	0.7460529263820812	0.7624777137949834	0.7829073202449498	0.8309010517947264	0.9500402455201098	0.7034634524849526	0.788652574566478	0.813356403167612	0.8162744818459103	0.8384845186191194	0.8110919032135083	0.9825097846996372	0.9810203815809259	0.9845698672011731	0.9858824656482889	1.0	0.9822798566134358	0.9419778225205651	0.9609882379763598	0.9631787491259584	0.9785014806662197	0.9820534812370899	0.9863282464773614	0.9859507533694148
p12rufiji	0.8897670481574205	0.8105134731879928	0.7823827146646142	0.7880452157412768	0.7954814688539102	0.7889463596707497	0.7855486779296145	0.8106737813051001	0.8731019047099718	0.8636413062074904	0.8611607805741799	0.7948521582313578	0.7980844472265224	0.8847429866811652	0.8547548697944014	0.8272798575355945	0.8312526514526968	0.8304245945880012	0.8507979105017007	0.896000611194288	0.8895825244139043	0.9040615260325977	0.9051953311708342	0.9090043921109583	0.90909676261528	0.9123645324576397	0.9132786314339946	0.8879060717902516	0.9055226240803208	0.9231920755697524	0.8866343003184004	0.8622391863387663	0.9248382043215733	0.9367836825922089	0.88776571818606	0.9350092518757291	0.9468857350556646	0.9579859406517292	0.8528792564842554	0.9451441258510335	0.8903541118774452	0.9512683320123525	0.9334469503643481	0.9170354503213174	0.8975444719306332	0.8902547733925124	0.8942228584887544	0.9223908376208002	0.9257074157267546	0.914719147602434	0.9627325818903443	0.9621694395112648	0.9631083325680547	0.9632361353816591	0.9604441064329754	0.9651920125626001	0.9581886890367031	0.9636491585157911	0.9562331257632719	0.9434849313168152	0.9449975730670663	0.9584426524255393	0.9343571491003634	0.9549245088711295	0.95916188282457	0.9387903743214936	0.9594873032777609	0.8486022486932301	0.8739060447359382	0.8923126451913632	0.861820020051436	0.9148169795533222	0.896431019048572	0.9268628627352341	0.8867365719408808	0.8953787651122818	0.9489066769816326	0.9545917226476551	0.9546333276249511	0.9504485850390256	0.9579755339896543	0.9445291683281273	0.9701956410478888	0.9757215659055999	0.9716818729250344	0.8971461380394037	0.9186363863702903	0.9270388748593812	0.9066712668978248	0.9093123053068064	0.8006651829688312	0.807841392798422	0.8292789253648695	0.8375699899633751	0.926566833997785	0.7685297873536572	0.8082708450111777	0.8365782936722924	0.8414245357363834	0.8478831748061714	0.844625241523002	0.9823410374791218	0.9694829841901946	0.9667375517563742	0.9785283027207358	0.9822798566134358	1.0	0.9623370539439973	0.9810571606463351	0.950327762556362	0.9778908558230013	0.9773938447254543	0.9780503007604545	0.9871159799825656
p13matumbi	0.9154097696874557	0.8002848616157324	0.7785559034214751	0.789108841900756	0.7962389361447227	0.7954900052088753	0.7881961610187006	0.8070966957531309	0.8541798794718596	0.803809836907095	0.7954155871799709	0.7910329545636723	0.7716155293714214	0.8222097069187704	0.7994807638745859	0.8451172748406818	0.8055433103800019	0.8037865541999383	0.8651683792774636	0.8742830661033938	0.8556370637811835	0.8945639663378157	0.8721629319939436	0.8678701342996574	0.8686958019126919	0.8750292316615907	0.8892712945596956	0.8752945486157292	0.8743882924460357	0.9102579442538601	0.8737474789205932	0.920406435940355	0.8989633950873265	0.8940217684851725	0.8698104646710303	0.8917108446255683	0.9040292297352284	0.9104221652968398	0.9183364874734294	0.9088466594084765	0.9314829929799645	0.9284425825986741	0.8889332621136079	0.8671966926671948	0.9424737741815483	0.8441381323826093	0.8455674603055696	0.8748901902475306	0.8870757699302964	0.860873570424727	0.935584520179449	0.931130132649744	0.9211403472906229	0.9228412912565409	0.9292369146911709	0.9321965653290354	0.923399058013405	0.9394376533393854	0.9064308259160385	0.9159949831212155	0.9097302121708627	0.918174131201746	0.8678959140083187	0.907699287249944	0.9236237499407176	0.8754192792491242	0.913820289950237	0.7821958720430432	0.8073909694429136	0.8304711172083759	0.7733872300987094	0.8385691295540496	0.8463723122510225	0.8814342967213774	0.8405111628811897	0.8371409573382609	0.9119483259830422	0.8942261802971795	0.9198509186415893	0.8912317733517838	0.9013740941031564	0.8821743852474697	0.9078942439845807	0.9308933181926022	0.9096036717636282	0.850272208514575	0.8930744126809614	0.8614458964004016	0.8626931907604058	0.8674060792546356	0.749093721848366	0.7426802951990679	0.784249346433355	0.7512229372090528	0.8734538300945481	0.7197930670627031	0.750033269808928	0.7617138465376881	0.7775671347218827	0.784049260365847	0.7931472194234953	0.9597529345916301	0.9356762830258674	0.9311918604817734	0.9396402001852991	0.9419778225205651	0.9623370539439973	1.0	0.9551613330400265	0.9230593839005053	0.9531561360821412	0.948507276160853	0.937661831730444	0.9571834844897248
p14ngindo	0.9130333243541044	0.8292138424768827	0.7984214586274287	0.8019213790181117	0.8110159947841256	0.8055059087464549	0.801312382464665	0.8195225126797551	0.863333036616533	0.8615017092216065	0.8528380687467946	0.8079551239487229	0.7724661197664646	0.8840549084187563	0.8565038875133317	0.8497383119160739	0.8660427963956848	0.8610543987295685	0.8506673059512136	0.8962191968636168	0.8948962051206398	0.9018506951937811	0.9130573003379564	0.9019262090102704	0.9128568270256674	0.9114705168801289	0.9056826301898464	0.8767882160748705	0.8916223959252131	0.9341141871362126	0.8953372134847049	0.8578900894519511	0.9260622476248598	0.9293531546598469	0.8923554891788735	0.92114738832325	0.948669536033149	0.9395001627401958	0.8626128473523342	0.9360294088741715	0.896456254164965	0.9330415521470191	0.9117833848285636	0.8957182773571021	0.8938906959955708	0.8875433252297968	0.8854536500323583	0.9082071930988345	0.9263736917089217	0.9081568055209305	0.960921601865616	0.955033394931695	0.9687321569415136	0.9667654178185111	0.9609535138738845	0.9598308941320556	0.9736382167094709	0.9602830282819875	0.935501067522316	0.9272483885782283	0.9210324488121909	0.9407227184358221	0.903048953807802	0.9316821369805233	0.967763726210333	0.9126297094951458	0.9312739410200261	0.8278925179822608	0.8555096853716837	0.8756181659508813	0.8354334899462914	0.8869939083238882	0.9015250590776633	0.9276214860076545	0.9013839546886667	0.9063416412167717	0.9324268618946234	0.9510729867127785	0.9408641680822136	0.9498573050362208	0.9606759428479575	0.9410135998436516	0.962569789278939	0.9491336518068567	0.9504709312068959	0.8871748234468155	0.9020277767852316	0.9227954260390048	0.9032725043388945	0.9222143968219635	0.8096182308232636	0.8243088844284434	0.8577568486922427	0.8335705469328665	0.9045141958665357	0.7772892312739393	0.8059539233133083	0.8412354118249904	0.8467109284829619	0.8470399946163154	0.871221357007175	0.974372980336763	0.9635209272297924	0.9676545009453231	0.9799636189309395	0.9609882379763598	0.9810571606463351	0.9551613330400265	1.0	0.9257400178544066	0.9615697180188613	0.9724238734732717	0.9718829917071256	0.9736294391594011
p15mbunga	0.8131920620319171	0.7796253556588559	0.7024137731423271	0.7158129706192925	0.7226839594488369	0.7190763390579608	0.7144513629504572	0.7598500014630405	0.9024184057024979	0.8718552940235801	0.8775280418106552	0.7209287676233911	0.8672900660145263	0.8435006383434364	0.8670492899891299	0.7147952885989011	0.6824042223306915	0.6811907720308713	0.8114604277431513	0.8956573703008326	0.9108551603868973	0.8957137631625239	0.9039523826676874	0.9009345553344728	0.9038845092791993	0.9067354426969987	0.9218311636766151	0.9151249856653526	0.9312024400386709	0.9044108513028688	0.8898028798339266	0.8119316800128694	0.9362035655247903	0.9396598882648659	0.8978012426607883	0.9286619471047689	0.9173326566879392	0.9531056778266238	0.8231824173790674	0.9535299765795177	0.8733946828011085	0.9546615414197854	0.9586052991878496	0.94085395511988	0.8735769656520137	0.9168568556301692	0.9178347545743057	0.932891353783054	0.9046453139199118	0.8936695934891057	0.9240463563574659	0.9275641787256886	0.937894802984215	0.9402824167194194	0.9267885358525009	0.9450178854827345	0.9410709749343651	0.9313579078233846	0.9555812337696536	0.9746025179037671	0.9860816842112001	0.9826454528864509	0.9637040117979672	0.9772113470870798	0.9652852775871769	0.9594622645978876	0.9682825681881112	0.8841009419286491	0.9029534952417039	0.9247549746744382	0.896241993204643	0.9405690303504415	0.8381398060332381	0.882733039248916	0.8268981760066452	0.8286614852136215	0.9196466171280896	0.8965375411607474	0.9363838366498618	0.8951379518919215	0.9070367667929778	0.8958855749600166	0.9100810628667273	0.9562580874260771	0.9265024808993796	0.8653706479244985	0.8798699166073441	0.9370037411007642	0.9616179884514721	0.8424652087685717	0.7151242021145061	0.7036131918305363	0.7454338828618825	0.7769842385460113	0.9491478342948375	0.6742130832000739	0.7885384044692331	0.7790195333483426	0.7850832018495014	0.7962494944330475	0.7651121355477986	0.9630574966412574	0.9745677197112348	0.962436042848255	0.9628171402041662	0.9631787491259584	0.950327762556362	0.9230593839005053	0.9257400178544066	1.0	0.9515590362963573	0.9586800665385826	0.9677689058341814	0.9610099790899084
p21yao	0.8684477586396807	0.7892119920911113	0.7544206273847319	0.7613849608489888	0.7663735637101767	0.7614711953488708	0.7560429776951576	0.7872770917644033	0.9045505662314131	0.8687083374127783	0.8654301242309684	0.7638740166590472	0.8189479018308038	0.870640372050977	0.8657416380784304	0.8032217551074833	0.7901086639408165	0.7992327999411014	0.8376212118538713	0.9134925266486883	0.9075960032174866	0.9225162960637279	0.9088889104699848	0.9030055504119262	0.9101636030203228	0.907561631689225	0.9140734081935944	0.9022000603161907	0.9101941620548694	0.9178955227035513	0.8923317346780696	0.8527276101746313	0.9328968788396893	0.9305135053385146	0.8912236586524245	0.938136372958051	0.9338402985437544	0.969744828226745	0.8613654424732754	0.9585175218179822	0.896627102569835	0.959476244190381	0.9441870150171664	0.940866161033168	0.9075658127010543	0.8909890534158157	0.8914087805898044	0.9285823728697574	0.9245603880150887	0.9091752573189313	0.9586851959465903	0.9481363246154635	0.9504692849799441	0.9525200204343117	0.9582688157367346	0.9708761958291257	0.9536232609538534	0.9544254297079124	0.9553595365208383	0.9532435863981669	0.9561602549030248	0.9677976974460228	0.9492435500190289	0.9661975650793503	0.9580331701290451	0.9541252423273171	0.9672342795087169	0.8602281358983309	0.889992298413639	0.9110437459566597	0.8732222839327586	0.9284046127859609	0.8854343094184188	0.9148716122735248	0.875089456549483	0.8784200580433252	0.9429555546723747	0.9373594727198381	0.9614188819138518	0.9293349985494033	0.9340890546073454	0.931219277773345	0.9572534055453038	0.9650339730450994	0.9609681266413076	0.8969956138438311	0.9362497067087339	0.9289226141179792	0.9247724778197481	0.8902675728317299	0.774086801849109	0.7738651989296857	0.8005188017148565	0.8148595988150614	0.9374194490298492	0.7344353451544671	0.8022387543925211	0.8198694109298532	0.8324466692738616	0.8272211549031865	0.820456028727491	0.9802395958450667	0.9753649336710195	0.9626441296132705	0.9672348271891987	0.9785014806662197	0.9778908558230013	0.9531561360821412	0.9615697180188613	0.9515590362963573	1.0	0.9780042291023553	0.9789068805103368	0.982237865414897
p22mwera	0.8610637041070773	0.7979156150488168	0.7494012493261728	0.7556033302618186	0.7658521467869901	0.7617543779239674	0.754861920635256	0.7899208341891171	0.9067677141875897	0.890145242880051	0.8835140938057899	0.7616530082676132	0.8331873787199937	0.8873913617688604	0.8866905523998226	0.7853579412891698	0.7808128956927625	0.7850488382109336	0.8282936162468915	0.913636179519114	0.9231747605750318	0.9123325831656377	0.9199548893231836	0.9169222396743488	0.9168741728646528	0.9260064281277913	0.9168190433742975	0.9072720938017276	0.9225443194388879	0.9237971530530245	0.90528442298807	0.8286958281281491	0.9346907852385203	0.9363893249871836	0.8923397045068094	0.9325548198083138	0.94661300224836	0.9541249021655323	0.8676030542351644	0.9753444977012241	0.9019444994883743	0.9605807832546455	0.9566645403213552	0.9393740279415272	0.906611954053292	0.9109896274179098	0.9086417040482537	0.931976102787836	0.9374529920139646	0.9099073966951748	0.9582155308472744	0.9491859697050096	0.9582740559693781	0.9610296948148509	0.9537546412169644	0.9689069119903049	0.9636211762076783	0.9583633374229579	0.9537455477009469	0.9691277719997621	0.9651767058720112	0.9765355318335842	0.9468100570236514	0.96806769350003	0.9647103480916213	0.9558910931056516	0.961223168598672	0.8744574714566248	0.9020861227602494	0.9172709280350404	0.8829384998704443	0.9344273839249454	0.8803928152408221	0.9137220041782881	0.885111307505944	0.886806224394985	0.9373813611204393	0.9315262256450733	0.9525833614807974	0.9297040477108127	0.9463526059962614	0.9297402716650645	0.9512485325246199	0.9602323422881114	0.9440906052692265	0.8921499043736618	0.9055410831885539	0.9289332104678506	0.9387404609458884	0.8769872591675238	0.7611488354681242	0.766039172368	0.8032029465370975	0.811181121006674	0.9412683356782449	0.7230995402943293	0.8027777948773442	0.8194825195032396	0.8278681532317946	0.8268698306777826	0.8127726224396894	0.9775730248787509	0.9802327147981975	0.9759741330657431	0.9825313997501153	0.9820534812370899	0.9773938447254543	0.948507276160853	0.9724238734732717	0.9586800665385826	0.9780042291023553	1.0	0.9862816392802465	0.9854980136032563
p23simakonde	0.843272632269671	0.8013384379786632	0.7451889015400599	0.7524813322316497	0.7623986335401742	0.7568033952791473	0.750187508175637	0.7891843562329576	0.9121382523763167	0.8963019703149827	0.8989967416264002	0.7579702191816997	0.8469899767482332	0.8871233939216124	0.8924375950650552	0.7778194490329563	0.7769250996052138	0.7791159698563366	0.8325668777795945	0.9230736799763759	0.9250109899379763	0.9324175362317423	0.9357425638870314	0.9254074555429979	0.9315532442974118	0.9334080013630058	0.928751688326304	0.9177652004795883	0.9332121662034965	0.9381215410677683	0.9138040423541258	0.8233015321885643	0.9489616976861556	0.9533656979509871	0.9098201147075474	0.9565385615246071	0.9536009587912374	0.9674318807727409	0.8569020041052846	0.9747554327106158	0.8965981671421455	0.9673046939317675	0.9610504624602819	0.9555892249706996	0.8957269252464699	0.9244377902130122	0.9220961736721253	0.9461236426433983	0.9438235802601265	0.92976936625166	0.9635513797030744	0.9612013135333343	0.9744214896199636	0.9728645798998706	0.9645200242201901	0.9719357869785781	0.9761574160466361	0.9634568123057046	0.9653456738908603	0.9699185495618744	0.970675856631796	0.9804101784569664	0.9604996034850372	0.9746937529044378	0.9777153429516785	0.9648606136082589	0.9679682393752095	0.884218031813923	0.9123732597586177	0.9331453450080388	0.9005951511859858	0.9476517903893408	0.8806708572746771	0.9178692488383585	0.8776258075236013	0.884097904507177	0.940112779933266	0.9418618298331461	0.9600937887450478	0.9384194898320206	0.9475992015092757	0.9371213528660138	0.9603284392860679	0.9649641289324346	0.958188888874098	0.8990739916446697	0.9035640012930801	0.9496393298243875	0.9550857018349713	0.8863989819520552	0.7656547801105723	0.7735076372943318	0.8019878561614345	0.8269535668265946	0.9563747890637778	0.722115062866184	0.8094856129114514	0.8289467012250029	0.8350128529959461	0.8372455744611431	0.8238086789510266	0.984331545665263	0.9883283645907353	0.9837146212121893	0.9885595214134569	0.9863282464773614	0.9780503007604545	0.937661831730444	0.9718829917071256	0.9677689058341814	0.9789068805103368	0.9862816392802465	1.0	0.992906548921568
p25mabia	0.8682685191353188	0.8049827808585719	0.7648096359558373	0.7696045199628266	0.7789775208053592	0.7736036251045243	0.7684934132023662	0.7999605611237768	0.9048940043792976	0.8823034256163688	0.8766330719621384	0.7736332590273497	0.8299898112347115	0.8842258717138282	0.8771895578362074	0.8018058646088926	0.7973624117064135	0.8007894958459891	0.8532073066394376	0.9202198996535246	0.9133489863608819	0.9356900568815741	0.9304444573525973	0.9196500220707713	0.9250510096847498	0.9299803533792191	0.9318833315459096	0.9148141694806688	0.9313964257345424	0.94230498169507	0.9169014890935271	0.84056043457368	0.9396955257712161	0.9400555541351564	0.901270848030069	0.949799635056598	0.9559926051247831	0.964507632251574	0.8693041039112017	0.9677152827816656	0.9061888628007196	0.97203530931148	0.9570871520249243	0.9415273216209351	0.9061095954685087	0.9092814808685957	0.9108056263914127	0.934930011494821	0.9378098233850003	0.9240879413865208	0.9651246658811663	0.9666337917188808	0.9688084611497745	0.971758795833499	0.9643600430819342	0.9741049311330802	0.9725445590989521	0.9743521884509522	0.9629918096782739	0.961929712967005	0.9640678315422487	0.973046176788604	0.9477694766279631	0.9665156020021426	0.9670160895096812	0.9518140095499632	0.9609778812572664	0.8670528678028092	0.8933866065811192	0.9146435785403609	0.8768744631024177	0.9275420512466572	0.8810297307580519	0.914554270124393	0.878545794216318	0.8819630108429791	0.9403179748779292	0.9414350642441706	0.9629390051882668	0.9356816502473386	0.9462549289558694	0.935666055132394	0.9596696153291245	0.9647660532084134	0.9540060222739836	0.895937208965008	0.9058695828385813	0.9292831489485309	0.9333338074165257	0.8928484358440437	0.7753877227814077	0.7780728295734037	0.8048660987111164	0.8209655847521915	0.9465869929436166	0.7399948835926056	0.805289422814421	0.8225948539113612	0.8301924623541027	0.8376622723075118	0.8183406441763491	0.9856112968644847	0.9837153159657059	0.9730192113221215	0.9802701506042267	0.9859507533694148	0.9871159799825656	0.9571834844897248	0.9736294391594011	0.9610099790899084	0.982237865414897	0.9854980136032563	0.992906548921568	1.0
