Doculect	Segment	Zscore	Normedcount	SalienceScore
ABSMissong1	a	0.56	151	85
ABSMissong1	aː	-0.24	18	-4
ABSMissong1	b	-0.98	52	-51
ABSMissong1	bʷ	-0.66	1	-1
ABSMissong1	d	-0.4	21	-8
ABSMissong1	dzʷ	-0.2	0	0
ABSMissong1	dʒ	-0.24	14	-3
ABSMissong1	dʒʷ	-0.22	0	0
ABSMissong1	dʷ	-0.19	0	0
ABSMissong1	e	-0.38	14	-5
ABSMissong1	eː	-0.18	5	-1
ABSMissong1	f	0.9	67	60
ABSMissong1	fʲ	-0.6	0	0
ABSMissong1	fʷ	-0.59	0	0
ABSMissong1	g	-0.95	6	-6
ABSMissong1	gb	-0.52	8	-4
ABSMissong1	gʷ	-0.31	0	0
ABSMissong1	h	1.05	36	38
ABSMissong1	i	4.16	199	827
ABSMissong1	iː	0.22	8	2
ABSMissong1	j	-0.07	36	-2
ABSMissong1	k	0.58	126	73
ABSMissong1	kp	-0.2	14	-3
ABSMissong1	kpʳʷ	-0.2	0	0
ABSMissong1	kpʷ	-0.14	0	0
ABSMissong1	kx	-0.71	0	0
ABSMissong1	kʰ	-0.14	0	0
ABSMissong1	kʲ	-0.4	0	0
ABSMissong1	kʷ	-0.58	1	-1
ABSMissong1	l	0.75	40	30
ABSMissong1	m	-0.3	85	-25
ABSMissong1	mʷ	-0.56	0	0
ABSMissong1	n	-0.05	104	-5
ABSMissong1	nʷ	-0.2	0	0
ABSMissong1	o	-0.66	24	-16
ABSMissong1	oː	-0.05	9	0
ABSMissong1	p	-0.61	1	-1
ABSMissong1	q	-0.14	0	0
ABSMissong1	r	0.0	1	0
ABSMissong1	s	-0.33	23	-8
ABSMissong1	sʷ	-0.14	0	0
ABSMissong1	t	-1.98	29	-57
ABSMissong1	ts	0.05	19	1
ABSMissong1	tsʷ	-0.24	0	0
ABSMissong1	tsː	-0.14	0	0
ABSMissong1	tʃ	1.72	24	41
ABSMissong1	tʃʷ	1.05	1	1
ABSMissong1	tʰ	-0.24	0	0
ABSMissong1	tʲ	-0.35	0	0
ABSMissong1	tʷ	-0.43	0	0
ABSMissong1	tˢ	-0.14	0	0
ABSMissong1	u	1.28	38	49
ABSMissong1	uʱ	-0.48	0	0
ABSMissong1	uː	0.77	5	4
ABSMissong1	uːʱ	-0.14	0	0
ABSMissong1	v	-0.45	0	0
ABSMissong1	vʷ	-0.24	0	0
ABSMissong1	w	-0.15	29	-4
ABSMissong1	z	-0.6	14	-8
ABSMissong1	zː	-0.14	0	0
ABSMissong1	²¹	-0.14	0	0
ABSMissong1	³	-0.22	59	-13
ABSMissong1	³¹	-0.2	0	0
ABSMissong1	³⁵	-0.14	0	0
ABSMissong1	¹	1.02	358	365
ABSMissong1	¹³	-0.09	1	0
ABSMissong1	¹⁵	0.55	43	24
ABSMissong1	ã	-0.44	0	0
ABSMissong1	ãː	-0.33	0	0
ABSMissong1	æ	-0.25	0	0
ABSMissong1	æː	-0.2	0	0
ABSMissong1	æ̃	-0.2	0	0
ABSMissong1	õ	-0.34	0	0
ABSMissong1	õː	-0.31	0	0
ABSMissong1	ø	-0.54	0	0
ABSMissong1	øː	-0.28	0	0
ABSMissong1	ĩ	-0.26	0	0
ABSMissong1	ĩː	-0.14	0	0
ABSMissong1	ŋ	0.01	81	1
ABSMissong1	ŋm	-0.53	0	0
ABSMissong1	ŋmʷ	-0.14	0	0
ABSMissong1	ŋʷ	-0.34	0	0
ABSMissong1	ŋˤ	-0.14	0	0
ABSMissong1	œ	-0.05	1	0
ABSMissong1	œː	-0.29	0	0
ABSMissong1	œ̃	-0.14	0	0
ABSMissong1	ũ	-0.28	0	0
ABSMissong1	ũʱ	-0.14	0	0
ABSMissong1	ũː	-0.24	0	0
ABSMissong1	ɑ	-0.47	0	0
ABSMissong1	ɑː	-0.4	0	0
ABSMissong1	ɑ̃	-0.14	0	0
ABSMissong1	ɑ̃ː	-0.14	0	0
ABSMissong1	ɒ	-0.32	0	0
ABSMissong1	ɒː	-0.28	0	0
ABSMissong1	ɒ̃	-0.14	0	0
ABSMissong1	ɒ̃ː	-0.14	0	0
ABSMissong1	ɔ	-0.55	20	-11
ABSMissong1	ɔː	0.02	4	0
ABSMissong1	ɔ̃	-0.23	0	0
ABSMissong1	ɔ̃ː	-0.19	0	0
ABSMissong1	ɘ	-0.34	0	0
ABSMissong1	ɘː	-0.29	0	0
ABSMissong1	ə	-0.81	111	-90
ABSMissong1	əː	-0.24	4	-1
ABSMissong1	əˠ	-0.14	0	0
ABSMissong1	ə̃	0.58	1	1
ABSMissong1	ə̃ː	-0.2	0	0
ABSMissong1	ɛ	-0.54	13	-7
ABSMissong1	ɛː	0.81	12	10
ABSMissong1	ɛ̃	-0.32	0	0
ABSMissong1	ɛ̃ː	-0.28	0	0
ABSMissong1	ɠ	-0.14	0	0
ABSMissong1	ɣ	-0.46	0	0
ABSMissong1	ɥ	-0.54	1	-1
ABSMissong1	ɦ	-0.24	0	0
ABSMissong1	ɦː	-0.16	0	0
ABSMissong1	ɨ	-0.68	0	0
ABSMissong1	ɨː	-0.34	0	0
ABSMissong1	ɨ̃	-0.24	0	0
ABSMissong1	ɪ	-0.63	35	-22
ABSMissong1	ɪː	-0.8	1	-1
ABSMissong1	ɪ̃	-0.26	0	0
ABSMissong1	ɪ̃ː	-0.22	0	0
ABSMissong1	ɯ	-0.2	0	0
ABSMissong1	ɱ	3.72	3	11
ABSMissong1	ɲ	-0.7	11	-8
ABSMissong1	ɲʲ	-0.79	0	0
ABSMissong1	ɲʷ	-0.4	0	0
ABSMissong1	ɳ	-0.14	0	0
ABSMissong1	ʃ	-0.59	11	-7
ABSMissong1	ʃʲ	-0.59	0	0
ABSMissong1	ʃʷ	-0.4	0	0
ABSMissong1	ʉ	-0.26	0	0
ABSMissong1	ʉʱ	-0.14	0	0
ABSMissong1	ʉː	-0.14	0	0
ABSMissong1	ʊ	0.79	91	72
ABSMissong1	ʊʱ	-0.47	0	0
ABSMissong1	ʊʱː	-0.14	0	0
ABSMissong1	ʊː	-0.09	6	-1
ABSMissong1	ʊ̃	1.18	1	1
ABSMissong1	ʊ̃ː	-0.33	0	0
ABSMissong1	ʊ̤	7.21	1	7
ABSMissong1	ʒ	-0.6	0	0
ABSMissong1	ʒʷ	-0.2	0	0
ABSMissong1	ʔ	-0.5	0	0
ABSMissong1	β	0.81	1	1
ABSMissong1	βʷ	-0.14	0	0
ABSMissong1	ẽ	-0.23	0	0
ABSMissong1	ẽː	-0.14	0	0
ABSMissong1	⁴⁵	-0.14	0	0
ABSMissong1	⁵	0.01	297	3
ABSMissong1	⁵³	-0.28	11	-3
ABSMissong1	⁵¹	-1.23	28	-34
ABSMissong1	ⁿb	-0.37	0	0
ABSMissong1	ⁿbʷ	-0.37	0	0
ABSMissong1	ⁿd	-0.45	0	0
ABSMissong1	ⁿdʷ	-0.14	0	0
ABSMissong1	ⁿt	-0.4	0	0
AGAMissong2	a	0.74	158	117
AGAMissong2	aː	-0.49	15	-7
AGAMissong2	b	-0.4	63	-25
AGAMissong2	bʷ	-0.91	0	0
AGAMissong2	d	-0.76	15	-11
AGAMissong2	dzʷ	-0.2	0	0
AGAMissong2	dʒ	-0.24	14	-3
AGAMissong2	dʒʷ	-0.22	0	0
AGAMissong2	dʷ	-0.19	0	0
AGAMissong2	e	-0.66	10	-7
AGAMissong2	eː	-0.32	4	-1
AGAMissong2	f	0.15	54	8
AGAMissong2	fʲ	-0.6	0	0
AGAMissong2	fʷ	-0.59	0	0
AGAMissong2	g	-0.87	7	-6
AGAMissong2	gb	-0.76	7	-5
AGAMissong2	gʷ	-0.31	0	0
AGAMissong2	h	1.15	38	44
AGAMissong2	i	0.84	85	71
AGAMissong2	iː	0.64	10	6
AGAMissong2	j	-0.01	37	0
AGAMissong2	k	0.26	115	30
AGAMissong2	kp	1.4	24	34
AGAMissong2	kpʳʷ	-0.2	0	0
AGAMissong2	kpʷ	-0.14	0	0
AGAMissong2	kx	-0.71	0	0
AGAMissong2	kʰ	-0.14	0	0
AGAMissong2	kʲ	-0.4	0	0
AGAMissong2	kʷ	-0.69	0	0
AGAMissong2	l	0.75	40	30
AGAMissong2	m	-0.11	89	-10
AGAMissong2	mʷ	-0.56	0	0
AGAMissong2	n	-0.73	88	-64
AGAMissong2	nʷ	-0.2	0	0
AGAMissong2	o	-0.23	34	-8
AGAMissong2	oː	-0.59	4	-2
AGAMissong2	p	-0.61	1	-1
AGAMissong2	q	-0.14	0	0
AGAMissong2	r	-0.69	0	0
AGAMissong2	s	-0.12	26	-3
AGAMissong2	sʷ	-0.14	0	0
AGAMissong2	t	-1.76	31	-55
AGAMissong2	ts	-0.23	15	-3
AGAMissong2	tsʷ	-0.24	0	0
AGAMissong2	tsː	-0.14	0	0
AGAMissong2	tʃ	1.14	20	23
AGAMissong2	tʃʷ	-0.41	0	0
AGAMissong2	tʰ	-0.24	0	0
AGAMissong2	tʲ	-0.35	0	0
AGAMissong2	tʷ	-0.43	0	0
AGAMissong2	tˢ	-0.14	0	0
AGAMissong2	u	-0.14	21	-3
AGAMissong2	uʱ	0.0	1	0
AGAMissong2	uː	0.77	5	4
AGAMissong2	uːʱ	-0.14	0	0
AGAMissong2	v	-0.45	0	0
AGAMissong2	vʷ	-0.24	0	0
AGAMissong2	w	0.2	35	7
AGAMissong2	z	-0.53	15	-8
AGAMissong2	zː	-0.14	0	0
AGAMissong2	²¹	-0.14	0	0
AGAMissong2	³	0.12	69	8
AGAMissong2	³¹	-0.2	0	0
AGAMissong2	³⁵	-0.14	0	0
AGAMissong2	¹	-0.22	276	-62
AGAMissong2	¹³	1.25	3	4
AGAMissong2	¹⁵	0.44	41	18
AGAMissong2	ã	-0.44	0	0
AGAMissong2	ãː	-0.33	0	0
AGAMissong2	æ	-0.25	0	0
AGAMissong2	æː	-0.2	0	0
AGAMissong2	æ̃	-0.2	0	0
AGAMissong2	õ	-0.34	0	0
AGAMissong2	õː	-0.31	0	0
AGAMissong2	ø	-0.54	0	0
AGAMissong2	øː	1.37	1	1
AGAMissong2	ĩ	-0.26	0	0
AGAMissong2	ĩː	-0.14	0	0
AGAMissong2	ŋ	0.09	83	7
AGAMissong2	ŋm	-0.27	1	0
AGAMissong2	ŋmʷ	-0.14	0	0
AGAMissong2	ŋʷ	-0.34	0	0
AGAMissong2	ŋˤ	-0.14	0	0
AGAMissong2	œ	-0.05	1	0
AGAMissong2	œː	-0.29	0	0
AGAMissong2	œ̃	-0.14	0	0
AGAMissong2	ũ	-0.28	0	0
AGAMissong2	ũʱ	-0.14	0	0
AGAMissong2	ũː	-0.24	0	0
AGAMissong2	ɑ	-0.47	0	0
AGAMissong2	ɑː	-0.4	0	0
AGAMissong2	ɑ̃	-0.14	0	0
AGAMissong2	ɑ̃ː	-0.14	0	0
AGAMissong2	ɒ	-0.32	0	0
AGAMissong2	ɒː	-0.28	0	0
AGAMissong2	ɒ̃	-0.14	0	0
AGAMissong2	ɒ̃ː	-0.14	0	0
AGAMissong2	ɔ	-0.26	24	-6
AGAMissong2	ɔː	0.26	5	1
AGAMissong2	ɔ̃	-0.23	0	0
AGAMissong2	ɔ̃ː	-0.19	0	0
AGAMissong2	ɘ	-0.34	0	0
AGAMissong2	ɘː	-0.29	0	0
AGAMissong2	ə	-0.69	122	-85
AGAMissong2	əː	-0.37	3	-1
AGAMissong2	əˠ	-0.14	0	0
AGAMissong2	ə̃	0.58	1	1
AGAMissong2	ə̃ː	-0.2	0	0
AGAMissong2	ɛ	-0.66	10	-7
AGAMissong2	ɛː	0.81	12	10
AGAMissong2	ɛ̃	-0.32	0	0
AGAMissong2	ɛ̃ː	-0.28	0	0
AGAMissong2	ɠ	-0.14	0	0
AGAMissong2	ɣ	-0.46	0	0
AGAMissong2	ɥ	-0.61	0	0
AGAMissong2	ɦ	-0.24	0	0
AGAMissong2	ɦː	-0.16	0	0
AGAMissong2	ɨ	-0.68	0	0
AGAMissong2	ɨː	-0.34	0	0
AGAMissong2	ɨ̃	-0.24	0	0
AGAMissong2	ɪ	1.65	132	218
AGAMissong2	ɪː	-0.8	1	-1
AGAMissong2	ɪ̃	-0.26	0	0
AGAMissong2	ɪ̃ː	-0.22	0	0
AGAMissong2	ɯ	-0.2	0	0
AGAMissong2	ɱ	2.33	2	5
AGAMissong2	ɲ	-0.57	13	-7
AGAMissong2	ɲʲ	-0.79	0	0
AGAMissong2	ɲʷ	-0.4	0	0
AGAMissong2	ɳ	-0.14	0	0
AGAMissong2	ʃ	-0.59	11	-7
AGAMissong2	ʃʲ	-0.59	0	0
AGAMissong2	ʃʷ	-0.4	0	0
AGAMissong2	ʉ	-0.26	0	0
AGAMissong2	ʉʱ	-0.14	0	0
AGAMissong2	ʉː	-0.14	0	0
AGAMissong2	ʊ	1.46	112	164
AGAMissong2	ʊʱ	-0.47	0	0
AGAMissong2	ʊʱː	-0.14	0	0
AGAMissong2	ʊː	-0.22	5	-1
AGAMissong2	ʊ̃	1.18	1	1
AGAMissong2	ʊ̃ː	-0.33	0	0
AGAMissong2	ʊ̤	-0.14	0	0
AGAMissong2	ʒ	-0.6	0	0
AGAMissong2	ʒʷ	-0.2	0	0
AGAMissong2	ʔ	-0.5	0	0
AGAMissong2	β	-0.35	0	0
AGAMissong2	βʷ	-0.14	0	0
AGAMissong2	ẽ	-0.23	0	0
AGAMissong2	ẽː	-0.14	0	0
AGAMissong2	⁴⁵	-0.14	0	0
AGAMissong2	⁵	1.22	357	437
AGAMissong2	⁵³	-0.54	8	-4
AGAMissong2	⁵¹	-0.28	46	-13
AGAMissong2	ⁿb	-0.37	0	0
AGAMissong2	ⁿbʷ	-0.37	0	0
AGAMissong2	ⁿd	-0.45	0	0
AGAMissong2	ⁿdʷ	-0.14	0	0
AGAMissong2	ⁿt	-0.4	0	0
AOMNgun2	a	0.31	141	44
AOMNgun2	aː	1.69	41	69
AOMNgun2	b	-0.61	59	-36
AOMNgun2	bʷ	-0.66	1	-1
AOMNgun2	d	-0.46	20	-9
AOMNgun2	dzʷ	-0.2	0	0
AOMNgun2	dʒ	-0.24	14	-3
AOMNgun2	dʒʷ	-0.22	0	0
AOMNgun2	dʷ	-0.19	0	0
AOMNgun2	e	-0.8	8	-6
AOMNgun2	eː	-0.86	0	0
AOMNgun2	f	0.78	65	51
AOMNgun2	fʲ	-0.6	0	0
AOMNgun2	fʷ	-0.59	0	0
AOMNgun2	g	-0.69	9	-6
AOMNgun2	gb	-0.29	9	-3
AOMNgun2	gʷ	-0.31	0	0
AOMNgun2	h	1.65	48	79
AOMNgun2	i	-0.21	49	-10
AOMNgun2	iː	-0.84	3	-3
AOMNgun2	j	-0.07	36	-2
AOMNgun2	k	0.38	119	45
AOMNgun2	kp	0.44	18	8
AOMNgun2	kpʳʷ	-0.2	0	0
AOMNgun2	kpʷ	-0.14	0	0
AOMNgun2	kx	-0.33	1	0
AOMNgun2	kʰ	-0.14	0	0
AOMNgun2	kʲ	-0.4	0	0
AOMNgun2	kʷ	-0.46	2	-1
AOMNgun2	l	-0.62	21	-13
AOMNgun2	m	-0.01	91	-1
AOMNgun2	mʷ	-0.56	0	0
AOMNgun2	n	-0.39	96	-37
AOMNgun2	nʷ	-0.2	0	0
AOMNgun2	o	-0.14	36	-5
AOMNgun2	oː	-0.48	5	-2
AOMNgun2	p	0.08	3	0
AOMNgun2	q	-0.14	0	0
AOMNgun2	r	0.0	1	0
AOMNgun2	s	-0.67	18	-12
AOMNgun2	sʷ	-0.14	0	0
AOMNgun2	t	-0.27	45	-12
AOMNgun2	ts	-0.43	12	-5
AOMNgun2	tsʷ	-0.24	0	0
AOMNgun2	tsː	-0.14	0	0
AOMNgun2	tʃ	0.13	13	2
AOMNgun2	tʃʷ	-0.41	0	0
AOMNgun2	tʰ	-0.24	0	0
AOMNgun2	tʲ	-0.35	0	0
AOMNgun2	tʷ	-0.43	0	0
AOMNgun2	tˢ	-0.14	0	0
AOMNgun2	u	0.19	25	5
AOMNgun2	uʱ	0.0	1	0
AOMNgun2	uː	0.08	3	0
AOMNgun2	uːʱ	7.21	1	7
AOMNgun2	v	-0.12	1	0
AOMNgun2	vʷ	-0.24	0	0
AOMNgun2	w	0.9	47	42
AOMNgun2	z	-0.46	16	-7
AOMNgun2	zː	-0.14	0	0
AOMNgun2	²¹	-0.14	0	0
AOMNgun2	³	-0.18	60	-11
AOMNgun2	³¹	-0.2	0	0
AOMNgun2	³⁵	-0.14	0	0
AOMNgun2	¹	1.31	377	493
AOMNgun2	¹³	-0.09	1	0
AOMNgun2	¹⁵	-0.84	18	-15
AOMNgun2	ã	-0.44	0	0
AOMNgun2	ãː	-0.33	0	0
AOMNgun2	æ	-0.25	0	0
AOMNgun2	æː	-0.2	0	0
AOMNgun2	æ̃	-0.2	0	0
AOMNgun2	õ	0.44	1	0
AOMNgun2	õː	-0.31	0	0
AOMNgun2	ø	1.32	6	8
AOMNgun2	øː	-0.28	0	0
AOMNgun2	ĩ	-0.26	0	0
AOMNgun2	ĩː	-0.14	0	0
AOMNgun2	ŋ	0.05	82	4
AOMNgun2	ŋm	-0.53	0	0
AOMNgun2	ŋmʷ	-0.14	0	0
AOMNgun2	ŋʷ	-0.34	0	0
AOMNgun2	ŋˤ	-0.14	0	0
AOMNgun2	œ	-0.05	1	0
AOMNgun2	œː	-0.29	0	0
AOMNgun2	œ̃	-0.14	0	0
AOMNgun2	ũ	-0.28	0	0
AOMNgun2	ũʱ	-0.14	0	0
AOMNgun2	ũː	-0.24	0	0
AOMNgun2	ɑ	-0.47	0	0
AOMNgun2	ɑː	-0.4	0	0
AOMNgun2	ɑ̃	-0.14	0	0
AOMNgun2	ɑ̃ː	-0.14	0	0
AOMNgun2	ɒ	-0.32	0	0
AOMNgun2	ɒː	-0.28	0	0
AOMNgun2	ɒ̃	-0.14	0	0
AOMNgun2	ɒ̃ː	-0.14	0	0
AOMNgun2	ɔ	0.62	36	22
AOMNgun2	ɔː	0.5	6	3
AOMNgun2	ɔ̃	-0.23	0	0
AOMNgun2	ɔ̃ː	-0.19	0	0
AOMNgun2	ɘ	-0.34	0	0
AOMNgun2	ɘː	-0.29	0	0
AOMNgun2	ə	-0.89	103	-92
AOMNgun2	əː	-0.64	1	-1
AOMNgun2	əˠ	-0.14	0	0
AOMNgun2	ə̃	-0.56	0	0
AOMNgun2	ə̃ː	-0.2	0	0
AOMNgun2	ɛ	1.21	57	69
AOMNgun2	ɛː	-0.63	3	-2
AOMNgun2	ɛ̃	-0.32	0	0
AOMNgun2	ɛ̃ː	-0.28	0	0
AOMNgun2	ɠ	-0.14	0	0
AOMNgun2	ɣ	-0.46	0	0
AOMNgun2	ɥ	-0.54	1	-1
AOMNgun2	ɦ	-0.24	0	0
AOMNgun2	ɦː	-0.16	0	0
AOMNgun2	ɨ	3.85	14	54
AOMNgun2	ɨː	-0.34	0	0
AOMNgun2	ɨ̃	6.61	6	40
AOMNgun2	ɪ	1.53	127	195
AOMNgun2	ɪː	-0.42	2	-1
AOMNgun2	ɪ̃	-0.26	0	0
AOMNgun2	ɪ̃ː	-0.22	0	0
AOMNgun2	ɯ	-0.2	0	0
AOMNgun2	ɱ	-0.44	0	0
AOMNgun2	ɲ	-0.38	16	-6
AOMNgun2	ɲʲ	-0.79	0	0
AOMNgun2	ɲʷ	-0.4	0	0
AOMNgun2	ɳ	-0.14	0	0
AOMNgun2	ʃ	-0.59	11	-7
AOMNgun2	ʃʲ	-0.59	0	0
AOMNgun2	ʃʷ	-0.4	0	0
AOMNgun2	ʉ	-0.26	0	0
AOMNgun2	ʉʱ	-0.14	0	0
AOMNgun2	ʉː	-0.14	0	0
AOMNgun2	ʊ	0.72	89	64
AOMNgun2	ʊʱ	-0.47	0	0
AOMNgun2	ʊʱː	-0.14	0	0
AOMNgun2	ʊː	-0.77	1	-1
AOMNgun2	ʊ̃	1.18	1	1
AOMNgun2	ʊ̃ː	-0.33	0	0
AOMNgun2	ʊ̤	-0.14	0	0
AOMNgun2	ʒ	-0.4	1	0
AOMNgun2	ʒʷ	-0.2	0	0
AOMNgun2	ʔ	-0.5	0	0
AOMNgun2	β	1.98	2	4
AOMNgun2	βʷ	-0.14	0	0
AOMNgun2	ẽ	-0.23	0	0
AOMNgun2	ẽː	-0.14	0	0
AOMNgun2	⁴⁵	-0.14	0	0
AOMNgun2	⁵	-0.46	274	-125
AOMNgun2	⁵³	0.14	16	2
AOMNgun2	⁵¹	-0.44	43	-19
AOMNgun2	ⁿb	-0.37	0	0
AOMNgun2	ⁿbʷ	-0.37	0	0
AOMNgun2	ⁿd	-0.45	0	0
AOMNgun2	ⁿdʷ	-0.14	0	0
AOMNgun2	ⁿt	-0.4	0	0
APBMumfu1	a	0.06	131	8
APBMumfu1	aː	1.86	43	80
APBMumfu1	b	-1.34	45	-60
APBMumfu1	bʷ	-0.66	1	-1
APBMumfu1	d	0.31	33	10
APBMumfu1	dzʷ	-0.2	0	0
APBMumfu1	dʒ	-0.4	12	-5
APBMumfu1	dʒʷ	-0.22	0	0
APBMumfu1	dʷ	-0.19	0	0
APBMumfu1	e	-0.66	10	-7
APBMumfu1	eː	-0.59	2	-1
APBMumfu1	f	-1.07	33	-35
APBMumfu1	fʲ	-0.6	0	0
APBMumfu1	fʷ	-0.59	0	0
APBMumfu1	g	1.71	36	62
APBMumfu1	gb	1.35	16	22
APBMumfu1	gʷ	-0.06	1	0
APBMumfu1	h	-0.65	2	-1
APBMumfu1	i	-1.2	15	-18
APBMumfu1	iː	1.07	12	13
APBMumfu1	j	2.75	85	234
APBMumfu1	k	0.2	113	22
APBMumfu1	kp	0.92	21	19
APBMumfu1	kpʳʷ	-0.2	0	0
APBMumfu1	kpʷ	-0.14	0	0
APBMumfu1	kx	-0.71	0	0
APBMumfu1	kʰ	-0.14	0	0
APBMumfu1	kʲ	-0.17	1	0
APBMumfu1	kʷ	-0.69	0	0
APBMumfu1	l	0.6	38	23
APBMumfu1	m	1.23	117	144
APBMumfu1	mʷ	-0.56	0	0
APBMumfu1	n	1.32	136	180
APBMumfu1	nʷ	-0.2	0	0
APBMumfu1	o	-0.18	35	-6
APBMumfu1	oː	-0.15	8	-1
APBMumfu1	p	-0.61	1	-1
APBMumfu1	q	7.21	6	43
APBMumfu1	r	0.69	2	1
APBMumfu1	s	-0.6	19	-11
APBMumfu1	sʷ	-0.14	0	0
APBMumfu1	t	-0.48	43	-21
APBMumfu1	ts	0.67	28	19
APBMumfu1	tsʷ	-0.24	0	0
APBMumfu1	tsː	-0.14	0	0
APBMumfu1	tʃ	1.29	21	27
APBMumfu1	tʃʷ	-0.41	0	0
APBMumfu1	tʰ	-0.24	0	0
APBMumfu1	tʲ	-0.35	0	0
APBMumfu1	tʷ	-0.43	0	0
APBMumfu1	tˢ	-0.14	0	0
APBMumfu1	u	-0.56	16	-9
APBMumfu1	uʱ	0.0	1	0
APBMumfu1	uː	-0.26	2	-1
APBMumfu1	uːʱ	-0.14	0	0
APBMumfu1	v	-0.45	0	0
APBMumfu1	vʷ	-0.24	0	0
APBMumfu1	w	0.78	45	35
APBMumfu1	z	-0.02	22	0
APBMumfu1	zː	-0.14	0	0
APBMumfu1	²¹	-0.14	0	0
APBMumfu1	³	2.05	126	258
APBMumfu1	³¹	5.05	1	5
APBMumfu1	³⁵	-0.14	0	0
APBMumfu1	¹	-1.38	200	-276
APBMumfu1	¹³	0.58	2	1
APBMumfu1	¹⁵	-0.12	31	-4
APBMumfu1	ã	0.07	1	0
APBMumfu1	ãː	-0.33	0	0
APBMumfu1	æ	-0.25	0	0
APBMumfu1	æː	-0.2	0	0
APBMumfu1	æ̃	-0.2	0	0
APBMumfu1	õ	-0.34	0	0
APBMumfu1	õː	-0.31	0	0
APBMumfu1	ø	0.08	2	0
APBMumfu1	øː	1.37	1	1
APBMumfu1	ĩ	-0.26	0	0
APBMumfu1	ĩː	-0.14	0	0
APBMumfu1	ŋ	2.47	145	358
APBMumfu1	ŋm	-0.01	2	0
APBMumfu1	ŋmʷ	-0.14	0	0
APBMumfu1	ŋʷ	-0.34	0	0
APBMumfu1	ŋˤ	-0.14	0	0
APBMumfu1	œ	-0.05	1	0
APBMumfu1	œː	-0.29	0	0
APBMumfu1	œ̃	-0.14	0	0
APBMumfu1	ũ	-0.28	0	0
APBMumfu1	ũʱ	-0.14	0	0
APBMumfu1	ũː	-0.24	0	0
APBMumfu1	ɑ	-0.47	0	0
APBMumfu1	ɑː	-0.4	0	0
APBMumfu1	ɑ̃	-0.14	0	0
APBMumfu1	ɑ̃ː	-0.14	0	0
APBMumfu1	ɒ	-0.32	0	0
APBMumfu1	ɒː	-0.28	0	0
APBMumfu1	ɒ̃	-0.14	0	0
APBMumfu1	ɒ̃ː	-0.14	0	0
APBMumfu1	ɔ	1.64	50	82
APBMumfu1	ɔː	4.09	21	86
APBMumfu1	ɔ̃	-0.23	0	0
APBMumfu1	ɔ̃ː	-0.19	0	0
APBMumfu1	ɘ	-0.34	0	0
APBMumfu1	ɘː	-0.29	0	0
APBMumfu1	ə	-1.27	66	-84
APBMumfu1	əː	0.44	9	4
APBMumfu1	əˠ	-0.14	0	0
APBMumfu1	ə̃	-0.56	0	0
APBMumfu1	ə̃ː	-0.2	0	0
APBMumfu1	ɛ	2.08	79	164
APBMumfu1	ɛː	1.61	17	27
APBMumfu1	ɛ̃	-0.32	0	0
APBMumfu1	ɛ̃ː	-0.28	0	0
APBMumfu1	ɠ	7.21	7	50
APBMumfu1	ɣ	-0.46	0	0
APBMumfu1	ɥ	0.15	10	2
APBMumfu1	ɦ	-0.24	0	0
APBMumfu1	ɦː	-0.16	0	0
APBMumfu1	ɨ	0.29	3	1
APBMumfu1	ɨː	-0.34	0	0
APBMumfu1	ɨ̃	-0.24	0	0
APBMumfu1	ɪ	-1.18	12	-14
APBMumfu1	ɪː	-0.8	1	-1
APBMumfu1	ɪ̃	-0.26	0	0
APBMumfu1	ɪ̃ː	-0.22	0	0
APBMumfu1	ɯ	-0.2	0	0
APBMumfu1	ɱ	-0.44	0	0
APBMumfu1	ɲ	-0.64	12	-8
APBMumfu1	ɲʲ	-0.26	1	0
APBMumfu1	ɲʷ	-0.4	0	0
APBMumfu1	ɳ	-0.14	0	0
APBMumfu1	ʃ	1.8	37	67
APBMumfu1	ʃʲ	-0.59	0	0
APBMumfu1	ʃʷ	-0.4	0	0
APBMumfu1	ʉ	-0.26	0	0
APBMumfu1	ʉʱ	-0.14	0	0
APBMumfu1	ʉː	-0.14	0	0
APBMumfu1	ʊ	-0.21	60	-13
APBMumfu1	ʊʱ	0.19	1	0
APBMumfu1	ʊʱː	-0.14	0	0
APBMumfu1	ʊː	-0.22	5	-1
APBMumfu1	ʊ̃	-0.38	0	0
APBMumfu1	ʊ̃ː	-0.33	0	0
APBMumfu1	ʊ̤	-0.14	0	0
APBMumfu1	ʒ	-0.6	0	0
APBMumfu1	ʒʷ	-0.2	0	0
APBMumfu1	ʔ	2.83	65	184
APBMumfu1	β	-0.35	0	0
APBMumfu1	βʷ	-0.14	0	0
APBMumfu1	ẽ	-0.23	0	0
APBMumfu1	ẽː	-0.14	0	0
APBMumfu1	⁴⁵	-0.14	0	0
APBMumfu1	⁵	-1.32	231	-306
APBMumfu1	⁵³	0.22	17	4
APBMumfu1	⁵¹	0.24	56	14
APBMumfu1	ⁿb	-0.37	0	0
APBMumfu1	ⁿbʷ	-0.37	0	0
APBMumfu1	ⁿd	-0.45	0	0
APBMumfu1	ⁿdʷ	-0.14	0	0
APBMumfu1	ⁿt	-0.4	0	0
BAAMashi4	a	0.41	145	60
BAAMashi4	aː	0.94	32	30
BAAMashi4	b	0.11	73	8
BAAMashi4	bʷ	1.87	11	21
BAAMashi4	d	3.32	84	279
BAAMashi4	dzʷ	5.05	2	10
BAAMashi4	dʒ	0.34	21	7
BAAMashi4	dʒʷ	-0.22	0	0
BAAMashi4	dʷ	-0.19	0	0
BAAMashi4	e	-0.66	10	-7
BAAMashi4	eː	0.91	13	12
BAAMashi4	f	0.9	67	60
BAAMashi4	fʲ	0.26	2	1
BAAMashi4	fʷ	4.15	15	62
BAAMashi4	g	-0.51	11	-6
BAAMashi4	gb	-0.52	8	-4
BAAMashi4	gʷ	0.19	2	0
BAAMashi4	h	-0.75	0	0
BAAMashi4	i	-0.03	55	-2
BAAMashi4	iː	2.12	17	36
BAAMashi4	j	-1.51	11	-17
BAAMashi4	k	-1.78	46	-82
BAAMashi4	kp	-1.15	8	-9
BAAMashi4	kpʳʷ	-0.2	0	0
BAAMashi4	kpʷ	-0.14	0	0
BAAMashi4	kx	-0.71	0	0
BAAMashi4	kʰ	-0.14	0	0
BAAMashi4	kʲ	-0.4	0	0
BAAMashi4	kʷ	0.42	10	4
BAAMashi4	l	-0.19	27	-5
BAAMashi4	m	0.47	101	47
BAAMashi4	mʷ	1.32	4	5
BAAMashi4	n	0.34	113	38
BAAMashi4	nʷ	-0.2	0	0
BAAMashi4	o	-0.62	25	-16
BAAMashi4	oː	2.45	32	79
BAAMashi4	p	1.8	8	14
BAAMashi4	q	-0.14	0	0
BAAMashi4	r	0.69	2	1
BAAMashi4	s	-0.6	19	-11
BAAMashi4	sʷ	-0.14	0	0
BAAMashi4	t	1.01	57	58
BAAMashi4	ts	3.09	63	195
BAAMashi4	tsʷ	-0.24	0	0
BAAMashi4	tsː	-0.14	0	0
BAAMashi4	tʃ	-0.6	8	-5
BAAMashi4	tʃʷ	2.51	2	5
BAAMashi4	tʰ	-0.24	0	0
BAAMashi4	tʲ	0.27	2	1
BAAMashi4	tʷ	-0.43	0	0
BAAMashi4	tˢ	-0.14	0	0
BAAMashi4	u	2.28	50	114
BAAMashi4	uʱ	-0.48	0	0
BAAMashi4	uː	4.21	15	63
BAAMashi4	uːʱ	-0.14	0	0
BAAMashi4	v	-0.45	0	0
BAAMashi4	vʷ	-0.24	0	0
BAAMashi4	w	-1.38	8	-11
BAAMashi4	z	3.69	73	270
BAAMashi4	zː	-0.14	0	0
BAAMashi4	²¹	-0.14	0	0
BAAMashi4	³	2.25	132	297
BAAMashi4	³¹	-0.2	0	0
BAAMashi4	³⁵	-0.14	0	0
BAAMashi4	¹	-1.33	203	-270
BAAMashi4	¹³	3.26	6	20
BAAMashi4	¹⁵	1.55	61	95
BAAMashi4	ã	-0.44	0	0
BAAMashi4	ãː	-0.33	0	0
BAAMashi4	æ	-0.25	0	0
BAAMashi4	æː	-0.2	0	0
BAAMashi4	æ̃	-0.2	0	0
BAAMashi4	õ	-0.34	0	0
BAAMashi4	õː	-0.31	0	0
BAAMashi4	ø	-0.54	0	0
BAAMashi4	øː	-0.28	0	0
BAAMashi4	ĩ	-0.26	0	0
BAAMashi4	ĩː	-0.14	0	0
BAAMashi4	ŋ	-0.53	67	-35
BAAMashi4	ŋm	-0.53	0	0
BAAMashi4	ŋmʷ	-0.14	0	0
BAAMashi4	ŋʷ	0.59	2	1
BAAMashi4	ŋˤ	-0.14	0	0
BAAMashi4	œ	-0.36	0	0
BAAMashi4	œː	-0.29	0	0
BAAMashi4	œ̃	-0.14	0	0
BAAMashi4	ũ	-0.28	0	0
BAAMashi4	ũʱ	-0.14	0	0
BAAMashi4	ũː	-0.24	0	0
BAAMashi4	ɑ	0.34	2	1
BAAMashi4	ɑː	-0.4	0	0
BAAMashi4	ɑ̃	-0.14	0	0
BAAMashi4	ɑ̃ː	-0.14	0	0
BAAMashi4	ɒ	0.37	4	1
BAAMashi4	ɒː	-0.28	0	0
BAAMashi4	ɒ̃	-0.14	0	0
BAAMashi4	ɒ̃ː	-0.14	0	0
BAAMashi4	ɔ	-1.06	13	-14
BAAMashi4	ɔː	-0.94	0	0
BAAMashi4	ɔ̃	-0.23	0	0
BAAMashi4	ɔ̃ː	-0.19	0	0
BAAMashi4	ɘ	0.36	2	1
BAAMashi4	ɘː	-0.29	0	0
BAAMashi4	ə	-0.72	120	-86
BAAMashi4	əː	1.24	15	19
BAAMashi4	əˠ	-0.14	0	0
BAAMashi4	ə̃	1.71	2	3
BAAMashi4	ə̃ː	-0.2	0	0
BAAMashi4	ɛ	-1.05	0	0
BAAMashi4	ɛː	-1.1	0	0
BAAMashi4	ɛ̃	-0.32	0	0
BAAMashi4	ɛ̃ː	-0.28	0	0
BAAMashi4	ɠ	-0.14	0	0
BAAMashi4	ɣ	1.14	21	24
BAAMashi4	ɥ	-0.31	4	-1
BAAMashi4	ɦ	-0.24	0	0
BAAMashi4	ɦː	-0.16	0	0
BAAMashi4	ɨ	-0.68	0	0
BAAMashi4	ɨː	-0.34	0	0
BAAMashi4	ɨ̃	-0.24	0	0
BAAMashi4	ɪ	-1.06	17	-18
BAAMashi4	ɪː	0.34	4	1
BAAMashi4	ɪ̃	-0.26	0	0
BAAMashi4	ɪ̃ː	-0.22	0	0
BAAMashi4	ɯ	-0.2	0	0
BAAMashi4	ɱ	-0.44	0	0
BAAMashi4	ɲ	-0.89	8	-7
BAAMashi4	ɲʲ	-0.79	0	0
BAAMashi4	ɲʷ	-0.4	0	0
BAAMashi4	ɳ	-0.14	0	0
BAAMashi4	ʃ	-0.22	15	-3
BAAMashi4	ʃʲ	0.49	4	2
BAAMashi4	ʃʷ	-0.4	0	0
BAAMashi4	ʉ	-0.26	0	0
BAAMashi4	ʉʱ	-0.14	0	0
BAAMashi4	ʉː	-0.14	0	0
BAAMashi4	ʊ	1.05	99	103
BAAMashi4	ʊʱ	-0.47	0	0
BAAMashi4	ʊʱː	-0.14	0	0
BAAMashi4	ʊː	4.54	40	182
BAAMashi4	ʊ̃	-0.38	0	0
BAAMashi4	ʊ̃ː	-0.33	0	0
BAAMashi4	ʊ̤	-0.14	0	0
BAAMashi4	ʒ	-0.6	0	0
BAAMashi4	ʒʷ	-0.2	0	0
BAAMashi4	ʔ	-0.5	0	0
BAAMashi4	β	-0.35	0	0
BAAMashi4	βʷ	-0.14	0	0
BAAMashi4	ẽ	-0.23	0	0
BAAMashi4	ẽː	-0.14	0	0
BAAMashi4	⁴⁵	-0.14	0	0
BAAMashi4	⁵	-0.27	283	-77
BAAMashi4	⁵³	0.39	19	7
BAAMashi4	⁵¹	-1.02	32	-33
BAAMashi4	ⁿb	-0.37	0	0
BAAMashi4	ⁿbʷ	-0.37	0	0
BAAMashi4	ⁿd	-0.45	0	0
BAAMashi4	ⁿdʷ	-0.14	0	0
BAAMashi4	ⁿt	-0.4	0	0
BKBMashi2	a	1.19	176	210
BKBMashi2	aː	-0.16	19	-3
BKBMashi2	b	0.27	76	21
BKBMashi2	bʷ	-0.91	0	0
BKBMashi2	d	1.72	57	98
BKBMashi2	dzʷ	-0.2	0	0
BKBMashi2	dʒ	-0.65	9	-6
BKBMashi2	dʒʷ	-0.22	0	0
BKBMashi2	dʷ	-0.19	0	0
BKBMashi2	e	0.38	25	10
BKBMashi2	eː	-0.04	6	0
BKBMashi2	f	0.2	55	11
BKBMashi2	fʲ	-0.6	0	0
BKBMashi2	fʷ	-0.59	0	0
BKBMashi2	g	0.29	20	6
BKBMashi2	gb	-0.29	9	-3
BKBMashi2	gʷ	-0.31	0	0
BKBMashi2	h	-0.75	0	0
BKBMashi2	i	0.43	71	31
BKBMashi2	iː	-0.63	4	-3
BKBMashi2	j	-0.01	37	0
BKBMashi2	k	-0.81	79	-64
BKBMashi2	kp	-0.2	14	-3
BKBMashi2	kpʳʷ	-0.2	0	0
BKBMashi2	kpʷ	-0.14	0	0
BKBMashi2	kx	-0.33	1	0
BKBMashi2	kʰ	-0.14	0	0
BKBMashi2	kʲ	-0.4	0	0
BKBMashi2	kʷ	-0.69	0	0
BKBMashi2	l	-0.48	23	-11
BKBMashi2	m	0.99	112	111
BKBMashi2	mʷ	-0.56	0	0
BKBMashi2	n	0.85	125	107
BKBMashi2	nʷ	-0.2	0	0
BKBMashi2	o	-0.36	31	-11
BKBMashi2	oː	-0.7	3	-2
BKBMashi2	p	2.15	9	19
BKBMashi2	q	-0.14	0	0
BKBMashi2	r	2.75	5	14
BKBMashi2	s	-0.19	25	-5
BKBMashi2	sʷ	-0.14	0	0
BKBMashi2	t	1.87	65	121
BKBMashi2	ts	0.81	30	24
BKBMashi2	tsʷ	-0.24	0	0
BKBMashi2	tsː	-0.14	0	0
BKBMashi2	tʃ	0.71	17	12
BKBMashi2	tʃʷ	-0.41	0	0
BKBMashi2	tʰ	4.08	1	4
BKBMashi2	tʲ	-0.35	0	0
BKBMashi2	tʷ	-0.43	0	0
BKBMashi2	tˢ	-0.14	0	0
BKBMashi2	u	-0.31	19	-6
BKBMashi2	uʱ	-0.48	0	0
BKBMashi2	uː	-0.6	1	-1
BKBMashi2	uːʱ	-0.14	0	0
BKBMashi2	v	-0.45	0	0
BKBMashi2	vʷ	-0.24	0	0
BKBMashi2	w	1.72	61	105
BKBMashi2	z	1.22	39	47
BKBMashi2	zː	-0.14	0	0
BKBMashi2	²¹	-0.14	0	0
BKBMashi2	³	0.7	86	60
BKBMashi2	³¹	-0.2	0	0
BKBMashi2	³⁵	-0.14	0	0
BKBMashi2	¹	-1.59	186	-296
BKBMashi2	¹³	-0.09	1	0
BKBMashi2	¹⁵	1.39	58	80
BKBMashi2	ã	-0.44	0	0
BKBMashi2	ãː	-0.33	0	0
BKBMashi2	æ	-0.25	0	0
BKBMashi2	æː	-0.2	0	0
BKBMashi2	æ̃	-0.2	0	0
BKBMashi2	õ	-0.34	0	0
BKBMashi2	õː	-0.31	0	0
BKBMashi2	ø	-0.54	0	0
BKBMashi2	øː	-0.28	0	0
BKBMashi2	ĩ	-0.26	0	0
BKBMashi2	ĩː	-0.14	0	0
BKBMashi2	ŋ	0.36	90	32
BKBMashi2	ŋm	-0.27	1	0
BKBMashi2	ŋmʷ	-0.14	0	0
BKBMashi2	ŋʷ	-0.34	0	0
BKBMashi2	ŋˤ	-0.14	0	0
BKBMashi2	œ	-0.05	1	0
BKBMashi2	œː	-0.29	0	0
BKBMashi2	œ̃	-0.14	0	0
BKBMashi2	ũ	-0.28	0	0
BKBMashi2	ũʱ	-0.14	0	0
BKBMashi2	ũː	-0.24	0	0
BKBMashi2	ɑ	-0.47	0	0
BKBMashi2	ɑː	-0.4	0	0
BKBMashi2	ɑ̃	-0.14	0	0
BKBMashi2	ɑ̃ː	-0.14	0	0
BKBMashi2	ɒ	-0.32	0	0
BKBMashi2	ɒː	-0.28	0	0
BKBMashi2	ɒ̃	-0.14	0	0
BKBMashi2	ɒ̃ː	-0.14	0	0
BKBMashi2	ɔ	0.69	37	26
BKBMashi2	ɔː	-0.7	1	-1
BKBMashi2	ɔ̃	-0.23	0	0
BKBMashi2	ɔ̃ː	-0.19	0	0
BKBMashi2	ɘ	-0.34	0	0
BKBMashi2	ɘː	-0.29	0	0
BKBMashi2	ə	-0.37	154	-57
BKBMashi2	əː	0.17	7	1
BKBMashi2	əˠ	-0.14	0	0
BKBMashi2	ə̃	-0.56	0	0
BKBMashi2	ə̃ː	-0.2	0	0
BKBMashi2	ɛ	-0.94	3	-3
BKBMashi2	ɛː	-0.94	1	-1
BKBMashi2	ɛ̃	-0.32	0	0
BKBMashi2	ɛ̃ː	-0.28	0	0
BKBMashi2	ɠ	-0.14	0	0
BKBMashi2	ɣ	0.38	11	4
BKBMashi2	ɥ	-0.61	0	0
BKBMashi2	ɦ	-0.24	0	0
BKBMashi2	ɦː	-0.16	0	0
BKBMashi2	ɨ	-0.35	1	0
BKBMashi2	ɨː	-0.34	0	0
BKBMashi2	ɨ̃	-0.24	0	0
BKBMashi2	ɪ	-0.3	49	-15
BKBMashi2	ɪː	-0.04	3	0
BKBMashi2	ɪ̃	-0.26	0	0
BKBMashi2	ɪ̃ː	-0.22	0	0
BKBMashi2	ɯ	-0.2	0	0
BKBMashi2	ɱ	-0.44	0	0
BKBMashi2	ɲ	-0.06	21	-1
BKBMashi2	ɲʲ	-0.79	0	0
BKBMashi2	ɲʷ	-0.4	0	0
BKBMashi2	ɳ	7.21	1	7
BKBMashi2	ʃ	0.14	19	3
BKBMashi2	ʃʲ	-0.59	0	0
BKBMashi2	ʃʷ	-0.4	0	0
BKBMashi2	ʉ	-0.26	0	0
BKBMashi2	ʉʱ	-0.14	0	0
BKBMashi2	ʉː	-0.14	0	0
BKBMashi2	ʊ	0.5	82	41
BKBMashi2	ʊʱ	0.19	1	0
BKBMashi2	ʊʱː	-0.14	0	0
BKBMashi2	ʊː	-0.22	5	-1
BKBMashi2	ʊ̃	-0.38	0	0
BKBMashi2	ʊ̃ː	-0.33	0	0
BKBMashi2	ʊ̤	-0.14	0	0
BKBMashi2	ʒ	-0.6	0	0
BKBMashi2	ʒʷ	-0.2	0	0
BKBMashi2	ʔ	-0.45	1	0
BKBMashi2	β	-0.35	0	0
BKBMashi2	βʷ	-0.14	0	0
BKBMashi2	ẽ	-0.23	0	0
BKBMashi2	ẽː	-0.14	0	0
BKBMashi2	⁴⁵	-0.14	0	0
BKBMashi2	⁵	0.82	337	276
BKBMashi2	⁵³	-0.71	6	-4
BKBMashi2	⁵¹	-0.44	43	-19
BKBMashi2	ⁿb	-0.37	0	0
BKBMashi2	ⁿbʷ	-0.37	0	0
BKBMashi2	ⁿd	-0.45	0	0
BKBMashi2	ⁿdʷ	-0.14	0	0
BKBMashi2	ⁿt	-0.4	0	0
BNMKung2	a	-1.07	86	-92
BNMKung2	aː	-0.49	15	-7
BNMKung2	b	-0.87	54	-47
BNMKung2	bʷ	-0.41	2	-1
BNMKung2	d	-0.76	15	-11
BNMKung2	dzʷ	-0.2	0	0
BNMKung2	dʒ	-1.3	1	-1
BNMKung2	dʒʷ	-0.22	0	0
BNMKung2	dʷ	-0.19	0	0
BNMKung2	e	-0.24	16	-4
BNMKung2	eː	-0.59	2	-1
BNMKung2	f	0.61	62	38
BNMKung2	fʲ	-0.6	0	0
BNMKung2	fʷ	-0.59	0	0
BNMKung2	g	-0.42	12	-5
BNMKung2	gb	-1.22	5	-6
BNMKung2	gʷ	-0.31	0	0
BNMKung2	h	-0.75	0	0
BNMKung2	i	-0.12	52	-6
BNMKung2	iː	-0.42	5	-2
BNMKung2	j	-0.87	22	-19
BNMKung2	k	2.09	177	370
BNMKung2	kp	-1.95	3	-6
BNMKung2	kpʳʷ	-0.2	0	0
BNMKung2	kpʷ	-0.14	0	0
BNMKung2	kx	1.16	5	6
BNMKung2	kʰ	-0.14	0	0
BNMKung2	kʲ	-0.4	0	0
BNMKung2	kʷ	-0.69	0	0
BNMKung2	l	0.39	35	14
BNMKung2	m	-0.49	81	-40
BNMKung2	mʷ	-0.56	0	0
BNMKung2	n	-2.82	39	-110
BNMKung2	nʷ	-0.2	0	0
BNMKung2	o	-0.18	35	-6
BNMKung2	oː	0.28	12	3
BNMKung2	p	1.8	8	14
BNMKung2	q	-0.14	0	0
BNMKung2	r	-0.69	0	0
BNMKung2	s	1.66	52	86
BNMKung2	sʷ	-0.14	0	0
BNMKung2	t	-0.38	44	-17
BNMKung2	ts	0.6	27	16
BNMKung2	tsʷ	-0.24	0	0
BNMKung2	tsː	7.21	2	14
BNMKung2	tʃ	-1.47	2	-3
BNMKung2	tʃʷ	-0.41	0	0
BNMKung2	tʰ	-0.24	0	0
BNMKung2	tʲ	-0.35	0	0
BNMKung2	tʷ	-0.43	0	0
BNMKung2	tˢ	-0.14	0	0
BNMKung2	u	0.44	28	12
BNMKung2	uʱ	-0.48	0	0
BNMKung2	uː	-0.26	2	-1
BNMKung2	uːʱ	-0.14	0	0
BNMKung2	v	0.21	2	0
BNMKung2	vʷ	-0.24	0	0
BNMKung2	w	0.84	46	39
BNMKung2	z	0.27	26	7
BNMKung2	zː	7.21	1	7
BNMKung2	²¹	-0.14	0	0
BNMKung2	³	-0.65	46	-30
BNMKung2	³¹	-0.2	0	0
BNMKung2	³⁵	-0.14	0	0
BNMKung2	¹	-0.28	272	-77
BNMKung2	¹³	-0.76	0	0
BNMKung2	¹⁵	-1.06	14	-15
BNMKung2	ã	-0.44	0	0
BNMKung2	ãː	-0.33	0	0
BNMKung2	æ	-0.25	0	0
BNMKung2	æː	-0.2	0	0
BNMKung2	æ̃	-0.2	0	0
BNMKung2	õ	-0.34	0	0
BNMKung2	õː	-0.31	0	0
BNMKung2	ø	-0.54	0	0
BNMKung2	øː	-0.28	0	0
BNMKung2	ĩ	-0.26	0	0
BNMKung2	ĩː	-0.14	0	0
BNMKung2	ŋ	-0.22	75	-16
BNMKung2	ŋm	-0.27	1	0
BNMKung2	ŋmʷ	-0.14	0	0
BNMKung2	ŋʷ	-0.34	0	0
BNMKung2	ŋˤ	-0.14	0	0
BNMKung2	œ	-0.05	1	0
BNMKung2	œː	2.52	2	5
BNMKung2	œ̃	-0.14	0	0
BNMKung2	ũ	-0.28	0	0
BNMKung2	ũʱ	-0.14	0	0
BNMKung2	ũː	-0.24	0	0
BNMKung2	ɑ	-0.47	0	0
BNMKung2	ɑː	-0.4	0	0
BNMKung2	ɑ̃	-0.14	0	0
BNMKung2	ɑ̃ː	-0.14	0	0
BNMKung2	ɒ	-0.32	0	0
BNMKung2	ɒː	-0.28	0	0
BNMKung2	ɒ̃	-0.14	0	0
BNMKung2	ɒ̃ː	-0.14	0	0
BNMKung2	ɔ	0.47	34	16
BNMKung2	ɔː	0.98	8	8
BNMKung2	ɔ̃	-0.23	0	0
BNMKung2	ɔ̃ː	-0.19	0	0
BNMKung2	ɘ	-0.34	0	0
BNMKung2	ɘː	-0.29	0	0
BNMKung2	ə	0.79	267	210
BNMKung2	əː	2.45	24	59
BNMKung2	əˠ	-0.14	0	0
BNMKung2	ə̃	-0.56	0	0
BNMKung2	ə̃ː	-0.2	0	0
BNMKung2	ɛ	-0.74	8	-6
BNMKung2	ɛː	-0.15	6	-1
BNMKung2	ɛ̃	-0.32	0	0
BNMKung2	ɛ̃ː	-0.28	0	0
BNMKung2	ɠ	-0.14	0	0
BNMKung2	ɣ	0.83	17	14
BNMKung2	ɥ	-0.38	3	-1
BNMKung2	ɦ	-0.24	0	0
BNMKung2	ɦː	-0.16	0	0
BNMKung2	ɨ	0.62	4	2
BNMKung2	ɨː	2.22	1	2
BNMKung2	ɨ̃	-0.24	0	0
BNMKung2	ɪ	0.52	84	44
BNMKung2	ɪː	-0.04	3	0
BNMKung2	ɪ̃	-0.26	0	0
BNMKung2	ɪ̃ː	-0.22	0	0
BNMKung2	ɯ	-0.2	0	0
BNMKung2	ɱ	0.94	1	1
BNMKung2	ɲ	-0.7	11	-8
BNMKung2	ɲʲ	-0.79	0	0
BNMKung2	ɲʷ	-0.4	0	0
BNMKung2	ɳ	-0.14	0	0
BNMKung2	ʃ	-1.33	3	-4
BNMKung2	ʃʲ	-0.59	0	0
BNMKung2	ʃʷ	-0.4	0	0
BNMKung2	ʉ	-0.26	0	0
BNMKung2	ʉʱ	-0.14	0	0
BNMKung2	ʉː	-0.14	0	0
BNMKung2	ʊ	-0.15	62	-9
BNMKung2	ʊʱ	-0.47	0	0
BNMKung2	ʊʱː	-0.14	0	0
BNMKung2	ʊː	-0.09	6	-1
BNMKung2	ʊ̃	-0.38	0	0
BNMKung2	ʊ̃ː	-0.33	0	0
BNMKung2	ʊ̤	-0.14	0	0
BNMKung2	ʒ	0.36	5	2
BNMKung2	ʒʷ	-0.2	0	0
BNMKung2	ʔ	2.42	57	138
BNMKung2	β	-0.35	0	0
BNMKung2	βʷ	-0.14	0	0
BNMKung2	ẽ	-0.23	0	0
BNMKung2	ẽː	-0.14	0	0
BNMKung2	⁴⁵	-0.14	0	0
BNMKung2	⁵	1.06	349	370
BNMKung2	⁵³	2.17	40	87
BNMKung2	⁵¹	-0.23	47	-11
BNMKung2	ⁿb	-0.37	0	0
BNMKung2	ⁿbʷ	-0.37	0	0
BNMKung2	ⁿd	-0.45	0	0
BNMKung2	ⁿdʷ	-0.14	0	0
BNMKung2	ⁿt	-0.4	0	0
CENMundabli2	a	0.06	131	8
CENMundabli2	aː	-0.33	17	-6
CENMundabli2	b	0.63	83	53
CENMundabli2	bʷ	0.1	4	0
CENMundabli2	d	1.19	48	57
CENMundabli2	dzʷ	-0.2	0	0
CENMundabli2	dʒ	-0.48	11	-5
CENMundabli2	dʒʷ	0.62	2	1
CENMundabli2	dʷ	-0.19	0	0
CENMundabli2	e	-0.1	18	-2
CENMundabli2	eː	1.18	15	18
CENMundabli2	f	-0.49	43	-21
CENMundabli2	fʲ	-0.6	0	0
CENMundabli2	fʷ	-0.59	0	0
CENMundabli2	g	0.29	20	6
CENMundabli2	gb	1.12	15	17
CENMundabli2	gʷ	0.7	4	3
CENMundabli2	h	-0.75	0	0
CENMundabli2	i	0.14	61	9
CENMundabli2	iː	0.01	7	0
CENMundabli2	j	1.26	59	74
CENMundabli2	k	-1.93	41	-79
CENMundabli2	kp	1.72	26	45
CENMundabli2	kpʳʷ	-0.2	0	0
CENMundabli2	kpʷ	-0.14	0	0
CENMundabli2	kx	-0.71	0	0
CENMundabli2	kʰ	-0.14	0	0
CENMundabli2	kʲ	0.07	2	0
CENMundabli2	kʷ	0.31	9	3
CENMundabli2	l	-1.2	13	-16
CENMundabli2	m	1.14	115	131
CENMundabli2	mʷ	0.38	2	1
CENMundabli2	n	1.37	137	187
CENMundabli2	nʷ	-0.2	0	0
CENMundabli2	o	0.65	54	35
CENMundabli2	oː	-0.59	4	-2
CENMundabli2	p	-0.96	0	0
CENMundabli2	q	-0.14	0	0
CENMundabli2	r	0.69	2	1
CENMundabli2	s	0.02	28	0
CENMundabli2	sʷ	7.21	2	14
CENMundabli2	t	-0.7	41	-29
CENMundabli2	ts	1.43	39	56
CENMundabli2	tsʷ	4.75	2	10
CENMundabli2	tsː	-0.14	0	0
CENMundabli2	tʃ	1.72	24	41
CENMundabli2	tʃʷ	-0.41	0	0
CENMundabli2	tʰ	-0.24	0	0
CENMundabli2	tʲ	-0.35	0	0
CENMundabli2	tʷ	1.54	2	3
CENMundabli2	tˢ	-0.14	0	0
CENMundabli2	u	0.11	24	3
CENMundabli2	uʱ	0.48	2	1
CENMundabli2	uː	0.43	4	2
CENMundabli2	uːʱ	-0.14	0	0
CENMundabli2	v	-0.45	0	0
CENMundabli2	vʷ	-0.24	0	0
CENMundabli2	w	-0.97	15	-15
CENMundabli2	z	1.22	39	47
CENMundabli2	zː	-0.14	0	0
CENMundabli2	²¹	-0.14	0	0
CENMundabli2	³	0.66	85	56
CENMundabli2	³¹	-0.2	0	0
CENMundabli2	³⁵	-0.14	0	0
CENMundabli2	¹	-0.8	238	-191
CENMundabli2	¹³	0.58	2	1
CENMundabli2	¹⁵	1.89	67	127
CENMundabli2	ã	0.58	2	1
CENMundabli2	ãː	-0.33	0	0
CENMundabli2	æ	-0.25	0	0
CENMundabli2	æː	-0.2	0	0
CENMundabli2	æ̃	-0.2	0	0
CENMundabli2	õ	-0.34	0	0
CENMundabli2	õː	-0.31	0	0
CENMundabli2	ø	0.08	2	0
CENMundabli2	øː	-0.28	0	0
CENMundabli2	ĩ	-0.26	0	0
CENMundabli2	ĩː	-0.14	0	0
CENMundabli2	ŋ	1.01	107	108
CENMundabli2	ŋm	-0.53	0	0
CENMundabli2	ŋmʷ	-0.14	0	0
CENMundabli2	ŋʷ	1.52	4	6
CENMundabli2	ŋˤ	-0.14	0	0
CENMundabli2	œ	0.88	4	4
CENMundabli2	œː	2.52	2	5
CENMundabli2	œ̃	-0.14	0	0
CENMundabli2	ũ	-0.28	0	0
CENMundabli2	ũʱ	-0.14	0	0
CENMundabli2	ũː	-0.24	0	0
CENMundabli2	ɑ	0.34	2	1
CENMundabli2	ɑː	-0.4	0	0
CENMundabli2	ɑ̃	-0.14	0	0
CENMundabli2	ɑ̃ː	-0.14	0	0
CENMundabli2	ɒ	5.37	33	177
CENMundabli2	ɒː	4.53	20	91
CENMundabli2	ɒ̃	-0.14	0	0
CENMundabli2	ɒ̃ː	-0.14	0	0
CENMundabli2	ɔ	-0.77	17	-13
CENMundabli2	ɔː	0.02	4	0
CENMundabli2	ɔ̃	-0.23	0	0
CENMundabli2	ɔ̃ː	-0.19	0	0
CENMundabli2	ɘ	1.06	4	4
CENMundabli2	ɘː	0.62	2	1
CENMundabli2	ə	-0.77	115	-88
CENMundabli2	əː	0.44	9	4
CENMundabli2	əˠ	-0.14	0	0
CENMundabli2	ə̃	-0.56	0	0
CENMundabli2	ə̃ː	-0.2	0	0
CENMundabli2	ɛ	-0.34	18	-6
CENMundabli2	ɛː	0.65	11	7
CENMundabli2	ɛ̃	-0.32	0	0
CENMundabli2	ɛ̃ː	-0.28	0	0
CENMundabli2	ɠ	-0.14	0	0
CENMundabli2	ɣ	-0.46	0	0
CENMundabli2	ɥ	-0.15	6	-1
CENMundabli2	ɦ	5.29	50	264
CENMundabli2	ɦː	7.09	11	78
CENMundabli2	ɨ	-0.68	0	0
CENMundabli2	ɨː	-0.34	0	0
CENMundabli2	ɨ̃	-0.24	0	0
CENMundabli2	ɪ	-0.89	24	-21
CENMundabli2	ɪː	2.24	9	20
CENMundabli2	ɪ̃	-0.26	0	0
CENMundabli2	ɪ̃ː	-0.22	0	0
CENMundabli2	ɯ	-0.2	0	0
CENMundabli2	ɱ	-0.44	0	0
CENMundabli2	ɲ	-0.57	13	-7
CENMundabli2	ɲʲ	1.33	4	5
CENMundabli2	ɲʷ	-0.4	0	0
CENMundabli2	ɳ	-0.14	0	0
CENMundabli2	ʃ	-0.59	11	-7
CENMundabli2	ʃʲ	2.9	13	38
CENMundabli2	ʃʷ	1.46	2	3
CENMundabli2	ʉ	-0.26	0	0
CENMundabli2	ʉʱ	-0.14	0	0
CENMundabli2	ʉː	-0.14	0	0
CENMundabli2	ʊ	-1.37	24	-33
CENMundabli2	ʊʱ	-0.47	0	0
CENMundabli2	ʊʱː	-0.14	0	0
CENMundabli2	ʊː	3.32	31	103
CENMundabli2	ʊ̃	-0.38	0	0
CENMundabli2	ʊ̃ː	-0.33	0	0
CENMundabli2	ʊ̤	-0.14	0	0
CENMundabli2	ʒ	-0.6	0	0
CENMundabli2	ʒʷ	-0.2	0	0
CENMundabli2	ʔ	-0.3	4	-1
CENMundabli2	β	-0.35	0	0
CENMundabli2	βʷ	-0.14	0	0
CENMundabli2	ẽ	-0.23	0	0
CENMundabli2	ẽː	-0.14	0	0
CENMundabli2	⁴⁵	-0.14	0	0
CENMundabli2	⁵	-1.63	216	-352
CENMundabli2	⁵³	2.42	43	104
CENMundabli2	⁵¹	0.4	59	24
CENMundabli2	ⁿb	-0.37	0	0
CENMundabli2	ⁿbʷ	-0.37	0	0
CENMundabli2	ⁿd	-0.45	0	0
CENMundabli2	ⁿdʷ	-0.14	0	0
CENMundabli2	ⁿt	-0.4	0	0
DNMMumfu2	a	0.82	161	131
DNMMumfu2	aː	0.68	29	20
DNMMumfu2	b	-1.08	50	-54
DNMMumfu2	bʷ	-0.91	0	0
DNMMumfu2	d	-0.4	21	-8
DNMMumfu2	dzʷ	-0.2	0	0
DNMMumfu2	dʒ	-0.32	13	-4
DNMMumfu2	dʒʷ	-0.22	0	0
DNMMumfu2	dʷ	-0.19	0	0
DNMMumfu2	e	-0.24	16	-4
DNMMumfu2	eː	-0.59	2	-1
DNMMumfu2	f	-1.42	27	-38
DNMMumfu2	fʲ	-0.6	0	0
DNMMumfu2	fʷ	-0.59	0	0
DNMMumfu2	g	2.07	40	83
DNMMumfu2	gb	1.59	17	27
DNMMumfu2	gʷ	-0.31	0	0
DNMMumfu2	h	-0.6	3	-2
DNMMumfu2	i	-0.96	23	-22
DNMMumfu2	iː	-0.2	6	-1
DNMMumfu2	j	3.04	90	274
DNMMumfu2	k	0.17	112	19
DNMMumfu2	kp	1.24	23	29
DNMMumfu2	kpʳʷ	-0.2	0	0
DNMMumfu2	kpʷ	-0.14	0	0
DNMMumfu2	kx	-0.71	0	0
DNMMumfu2	kʰ	-0.14	0	0
DNMMumfu2	kʲ	-0.4	0	0
DNMMumfu2	kʷ	-0.46	2	-1
DNMMumfu2	l	0.6	38	23
DNMMumfu2	m	1.57	124	194
DNMMumfu2	mʷ	-0.56	0	0
DNMMumfu2	n	0.72	122	88
DNMMumfu2	nʷ	-0.2	0	0
DNMMumfu2	o	0.25	45	11
DNMMumfu2	oː	0.39	13	5
DNMMumfu2	p	0.77	5	4
DNMMumfu2	q	-0.14	0	0
DNMMumfu2	r	1.38	3	4
DNMMumfu2	s	-0.4	22	-9
DNMMumfu2	sʷ	-0.14	0	0
DNMMumfu2	t	-0.59	42	-25
DNMMumfu2	ts	0.4	24	10
DNMMumfu2	tsʷ	-0.24	0	0
DNMMumfu2	tsː	-0.14	0	0
DNMMumfu2	tʃ	0.85	18	15
DNMMumfu2	tʃʷ	-0.41	0	0
DNMMumfu2	tʰ	-0.24	0	0
DNMMumfu2	tʲ	-0.35	0	0
DNMMumfu2	tʷ	-0.43	0	0
DNMMumfu2	tˢ	-0.14	0	0
DNMMumfu2	u	-1.31	7	-9
DNMMumfu2	uʱ	0.0	1	0
DNMMumfu2	uː	-0.6	1	-1
DNMMumfu2	uːʱ	-0.14	0	0
DNMMumfu2	v	-0.45	0	0
DNMMumfu2	vʷ	-0.24	0	0
DNMMumfu2	w	0.72	44	32
DNMMumfu2	z	0.2	25	5
DNMMumfu2	zː	-0.14	0	0
DNMMumfu2	²¹	-0.14	0	0
DNMMumfu2	³	1.03	96	99
DNMMumfu2	³¹	-0.2	0	0
DNMMumfu2	³⁵	-0.14	0	0
DNMMumfu2	¹	-1.07	220	-236
DNMMumfu2	¹³	-0.09	1	0
DNMMumfu2	¹⁵	1.05	52	55
DNMMumfu2	ã	-0.44	0	0
DNMMumfu2	ãː	-0.33	0	0
DNMMumfu2	æ	-0.25	0	0
DNMMumfu2	æː	-0.2	0	0
DNMMumfu2	æ̃	-0.2	0	0
DNMMumfu2	õ	-0.34	0	0
DNMMumfu2	õː	-0.31	0	0
DNMMumfu2	ø	-0.54	0	0
DNMMumfu2	øː	1.37	1	1
DNMMumfu2	ĩ	-0.26	0	0
DNMMumfu2	ĩː	-0.14	0	0
DNMMumfu2	ŋ	1.66	124	206
DNMMumfu2	ŋm	-0.27	1	0
DNMMumfu2	ŋmʷ	-0.14	0	0
DNMMumfu2	ŋʷ	-0.34	0	0
DNMMumfu2	ŋˤ	7.21	7	50
DNMMumfu2	œ	-0.36	0	0
DNMMumfu2	œː	-0.29	0	0
DNMMumfu2	œ̃	-0.14	0	0
DNMMumfu2	ũ	-0.28	0	0
DNMMumfu2	ũʱ	-0.14	0	0
DNMMumfu2	ũː	-0.24	0	0
DNMMumfu2	ɑ	-0.47	0	0
DNMMumfu2	ɑː	-0.4	0	0
DNMMumfu2	ɑ̃	-0.14	0	0
DNMMumfu2	ɑ̃ː	-0.14	0	0
DNMMumfu2	ɒ	-0.32	0	0
DNMMumfu2	ɒː	-0.28	0	0
DNMMumfu2	ɒ̃	-0.14	0	0
DNMMumfu2	ɒ̃ː	-0.14	0	0
DNMMumfu2	ɔ	2.59	63	163
DNMMumfu2	ɔː	2.89	16	46
DNMMumfu2	ɔ̃	-0.23	0	0
DNMMumfu2	ɔ̃ː	-0.19	0	0
DNMMumfu2	ɘ	-0.34	0	0
DNMMumfu2	ɘː	-0.29	0	0
DNMMumfu2	ə	-1.43	50	-72
DNMMumfu2	əː	-0.64	1	-1
DNMMumfu2	əˠ	-0.14	0	0
DNMMumfu2	ə̃	-0.56	0	0
DNMMumfu2	ə̃ː	-0.2	0	0
DNMMumfu2	ɛ	2.0	77	154
DNMMumfu2	ɛː	2.4	22	53
DNMMumfu2	ɛ̃	-0.32	0	0
DNMMumfu2	ɛ̃ː	-0.28	0	0
DNMMumfu2	ɠ	-0.14	0	0
DNMMumfu2	ɣ	-0.39	1	0
DNMMumfu2	ɥ	-0.46	2	-1
DNMMumfu2	ɦ	-0.24	0	0
DNMMumfu2	ɦː	-0.16	0	0
DNMMumfu2	ɨ	-0.68	0	0
DNMMumfu2	ɨː	-0.34	0	0
DNMMumfu2	ɨ̃	-0.24	0	0
DNMMumfu2	ɪ	-1.1	15	-17
DNMMumfu2	ɪː	-0.8	1	-1
DNMMumfu2	ɪ̃	-0.26	0	0
DNMMumfu2	ɪ̃ː	-0.22	0	0
DNMMumfu2	ɯ	-0.2	0	0
DNMMumfu2	ɱ	-0.44	0	0
DNMMumfu2	ɲ	-0.31	17	-5
DNMMumfu2	ɲʲ	-0.79	0	0
DNMMumfu2	ɲʷ	-0.4	0	0
DNMMumfu2	ɳ	-0.14	0	0
DNMMumfu2	ʃ	1.52	34	52
DNMMumfu2	ʃʲ	-0.59	0	0
DNMMumfu2	ʃʷ	-0.4	0	0
DNMMumfu2	ʉ	-0.26	0	0
DNMMumfu2	ʉʱ	-0.14	0	0
DNMMumfu2	ʉː	-0.14	0	0
DNMMumfu2	ʊ	-0.15	62	-9
DNMMumfu2	ʊʱ	0.85	2	2
DNMMumfu2	ʊʱː	-0.14	0	0
DNMMumfu2	ʊː	0.46	10	5
DNMMumfu2	ʊ̃	-0.38	0	0
DNMMumfu2	ʊ̃ː	-0.33	0	0
DNMMumfu2	ʊ̤	-0.14	0	0
DNMMumfu2	ʒ	-0.6	0	0
DNMMumfu2	ʒʷ	-0.2	0	0
DNMMumfu2	ʔ	3.19	72	230
DNMMumfu2	β	-0.35	0	0
DNMMumfu2	βʷ	-0.14	0	0
DNMMumfu2	ẽ	-0.23	0	0
DNMMumfu2	ẽː	-0.14	0	0
DNMMumfu2	⁴⁵	-0.14	0	0
DNMMumfu2	⁵	-0.78	258	-201
DNMMumfu2	⁵³	-0.71	6	-4
DNMMumfu2	⁵¹	-0.39	44	-17
DNMMumfu2	ⁿb	-0.37	0	0
DNMMumfu2	ⁿbʷ	-0.37	0	0
DNMMumfu2	ⁿd	-0.45	0	0
DNMMumfu2	ⁿdʷ	-0.14	0	0
DNMMumfu2	ⁿt	-0.4	0	0
DPNFang13	a	-1.27	78	-99
DPNFang13	aː	-0.24	18	-4
DPNFang13	b	1.31	96	126
DPNFang13	bʷ	-0.41	2	-1
DPNFang13	d	-0.7	16	-11
DPNFang13	dzʷ	-0.2	0	0
DPNFang13	dʒ	-0.4	12	-5
DPNFang13	dʒʷ	0.62	2	1
DPNFang13	dʷ	-0.19	0	0
DPNFang13	e	-0.52	12	-6
DPNFang13	eː	0.09	7	1
DPNFang13	f	-0.2	48	-10
DPNFang13	fʲ	0.68	3	2
DPNFang13	fʷ	-0.59	0	0
DPNFang13	g	1.27	31	39
DPNFang13	gb	-0.76	7	-5
DPNFang13	gʷ	0.95	5	5
DPNFang13	h	-0.75	0	0
DPNFang13	i	-0.73	31	-23
DPNFang13	iː	-0.42	5	-2
DPNFang13	j	-0.24	33	-8
DPNFang13	k	-0.57	87	-50
DPNFang13	kp	-0.51	12	-6
DPNFang13	kpʳʷ	-0.2	0	0
DPNFang13	kpʷ	-0.14	0	0
DPNFang13	kx	2.29	8	18
DPNFang13	kʰ	-0.14	0	0
DPNFang13	kʲ	0.07	2	0
DPNFang13	kʷ	0.98	15	15
DPNFang13	l	3.13	73	228
DPNFang13	m	0.04	92	3
DPNFang13	mʷ	-0.56	0	0
DPNFang13	n	-0.17	101	-18
DPNFang13	nʷ	-0.2	0	0
DPNFang13	o	0.39	48	19
DPNFang13	oː	0.39	13	5
DPNFang13	p	-0.96	0	0
DPNFang13	q	-0.14	0	0
DPNFang13	r	-0.69	0	0
DPNFang13	s	0.15	30	5
DPNFang13	sʷ	-0.14	0	0
DPNFang13	t	0.37	51	19
DPNFang13	ts	0.46	25	12
DPNFang13	tsʷ	-0.24	0	0
DPNFang13	tsː	-0.14	0	0
DPNFang13	tʃ	-0.6	8	-5
DPNFang13	tʃʷ	-0.41	0	0
DPNFang13	tʰ	-0.24	0	0
DPNFang13	tʲ	0.27	2	1
DPNFang13	tʷ	1.54	2	3
DPNFang13	tˢ	-0.14	0	0
DPNFang13	u	1.69	43	73
DPNFang13	uʱ	-0.48	0	0
DPNFang13	uː	-0.95	0	0
DPNFang13	uːʱ	-0.14	0	0
DPNFang13	v	1.2	5	6
DPNFang13	vʷ	-0.24	0	0
DPNFang13	w	-0.91	16	-15
DPNFang13	z	-0.68	13	-9
DPNFang13	zː	-0.14	0	0
DPNFang13	²¹	-0.14	0	0
DPNFang13	³	0.8	89	71
DPNFang13	³¹	-0.2	0	0
DPNFang13	³⁵	-0.14	0	0
DPNFang13	¹	-0.36	267	-96
DPNFang13	¹³	0.58	2	1
DPNFang13	¹⁵	0.89	49	43
DPNFang13	ã	-0.44	0	0
DPNFang13	ãː	-0.33	0	0
DPNFang13	æ	-0.25	0	0
DPNFang13	æː	-0.2	0	0
DPNFang13	æ̃	-0.2	0	0
DPNFang13	õ	-0.34	0	0
DPNFang13	õː	-0.31	0	0
DPNFang13	ø	1.63	7	11
DPNFang13	øː	-0.28	0	0
DPNFang13	ĩ	-0.26	0	0
DPNFang13	ĩː	-0.14	0	0
DPNFang13	ŋ	-0.76	61	-46
DPNFang13	ŋm	3.35	15	50
DPNFang13	ŋmʷ	-0.14	0	0
DPNFang13	ŋʷ	-0.34	0	0
DPNFang13	ŋˤ	-0.14	0	0
DPNFang13	œ	-0.36	0	0
DPNFang13	œː	-0.29	0	0
DPNFang13	œ̃	-0.14	0	0
DPNFang13	ũ	-0.28	0	0
DPNFang13	ũʱ	-0.14	0	0
DPNFang13	ũː	-0.24	0	0
DPNFang13	ɑ	-0.47	0	0
DPNFang13	ɑː	2.42	2	5
DPNFang13	ɑ̃	-0.14	0	0
DPNFang13	ɑ̃ː	-0.14	0	0
DPNFang13	ɒ	0.03	2	0
DPNFang13	ɒː	-0.28	0	0
DPNFang13	ɒ̃	-0.14	0	0
DPNFang13	ɒ̃ː	-0.14	0	0
DPNFang13	ɔ	-1.42	8	-11
DPNFang13	ɔː	-0.22	3	-1
DPNFang13	ɔ̃	-0.23	0	0
DPNFang13	ɔ̃ː	-0.19	0	0
DPNFang13	ɘ	-0.34	0	0
DPNFang13	ɘː	4.29	10	43
DPNFang13	ə	1.28	315	402
DPNFang13	əː	2.99	28	84
DPNFang13	əˠ	-0.14	0	0
DPNFang13	ə̃	-0.56	0	0
DPNFang13	ə̃ː	-0.2	0	0
DPNFang13	ɛ	-0.58	12	-7
DPNFang13	ɛː	0.49	10	5
DPNFang13	ɛ̃	-0.32	0	0
DPNFang13	ɛ̃ː	-0.28	0	0
DPNFang13	ɠ	-0.14	0	0
DPNFang13	ɣ	0.68	15	10
DPNFang13	ɥ	-0.46	2	-1
DPNFang13	ɦ	-0.24	0	0
DPNFang13	ɦː	-0.16	0	0
DPNFang13	ɨ	0.94	5	5
DPNFang13	ɨː	-0.34	0	0
DPNFang13	ɨ̃	-0.24	0	0
DPNFang13	ɪ	-1.15	13	-15
DPNFang13	ɪː	1.48	7	10
DPNFang13	ɪ̃	-0.26	0	0
DPNFang13	ɪ̃ː	-0.22	0	0
DPNFang13	ɯ	-0.2	0	0
DPNFang13	ɱ	-0.44	0	0
DPNFang13	ɲ	-1.09	5	-5
DPNFang13	ɲʲ	2.92	7	20
DPNFang13	ɲʷ	-0.4	0	0
DPNFang13	ɳ	-0.14	0	0
DPNFang13	ʃ	-1.42	2	-3
DPNFang13	ʃʲ	-0.05	2	0
DPNFang13	ʃʷ	1.46	2	3
DPNFang13	ʉ	-0.26	0	0
DPNFang13	ʉʱ	-0.14	0	0
DPNFang13	ʉː	-0.14	0	0
DPNFang13	ʊ	-0.11	63	-7
DPNFang13	ʊʱ	-0.47	0	0
DPNFang13	ʊʱː	-0.14	0	0
DPNFang13	ʊː	-0.5	3	-1
DPNFang13	ʊ̃	-0.38	0	0
DPNFang13	ʊ̃ː	-0.33	0	0
DPNFang13	ʊ̤	-0.14	0	0
DPNFang13	ʒ	1.32	10	13
DPNFang13	ʒʷ	-0.2	0	0
DPNFang13	ʔ	-0.5	0	0
DPNFang13	β	-0.35	0	0
DPNFang13	βʷ	-0.14	0	0
DPNFang13	ẽ	-0.23	0	0
DPNFang13	ẽː	-0.14	0	0
DPNFang13	⁴⁵	-0.14	0	0
DPNFang13	⁵	-0.62	266	-164
DPNFang13	⁵³	0.31	18	6
DPNFang13	⁵¹	-0.13	49	-6
DPNFang13	ⁿb	2.69	20	54
DPNFang13	ⁿbʷ	-0.37	0	0
DPNFang13	ⁿd	0.57	5	3
DPNFang13	ⁿdʷ	7.21	2	14
DPNFang13	ⁿt	3.22	5	16
ECLAbar8	a	0.09	132	12
ECLAbar8	aː	-0.75	12	-9
ECLAbar8	b	-0.56	60	-34
ECLAbar8	bʷ	2.63	14	37
ECLAbar8	d	-0.81	14	-11
ECLAbar8	dzʷ	-0.2	0	0
ECLAbar8	dʒ	3.3	57	188
ECLAbar8	dʒʷ	-0.22	0	0
ECLAbar8	dʷ	-0.19	0	0
ECLAbar8	e	0.59	28	17
ECLAbar8	eː	0.64	11	7
ECLAbar8	f	-1.53	25	-38
ECLAbar8	fʲ	-0.6	0	0
ECLAbar8	fʷ	0.36	3	1
ECLAbar8	g	-0.6	10	-6
ECLAbar8	gb	-0.99	6	-6
ECLAbar8	gʷ	-0.31	0	0
ECLAbar8	h	2.99	75	225
ECLAbar8	i	0.55	75	41
ECLAbar8	iː	1.49	14	21
ECLAbar8	j	-0.76	24	-18
ECLAbar8	k	0.17	112	19
ECLAbar8	kp	-0.67	11	-7
ECLAbar8	kpʳʷ	-0.2	0	0
ECLAbar8	kpʷ	-0.14	0	0
ECLAbar8	kx	1.54	6	9
ECLAbar8	kʰ	-0.14	0	0
ECLAbar8	kʲ	-0.4	0	0
ECLAbar8	kʷ	0.53	11	6
ECLAbar8	l	-0.26	26	-7
ECLAbar8	m	-1.11	68	-76
ECLAbar8	mʷ	0.85	3	3
ECLAbar8	n	-0.17	101	-18
ECLAbar8	nʷ	-0.2	0	0
ECLAbar8	o	0.95	61	58
ECLAbar8	oː	-0.37	6	-2
ECLAbar8	p	0.08	3	0
ECLAbar8	q	-0.14	0	0
ECLAbar8	r	-0.69	0	0
ECLAbar8	s	-1.15	11	-13
ECLAbar8	sʷ	-0.14	0	0
ECLAbar8	t	-0.05	47	-3
ECLAbar8	ts	-0.85	6	-5
ECLAbar8	tsʷ	-0.24	0	0
ECLAbar8	tsː	-0.14	0	0
ECLAbar8	tʃ	-1.18	4	-5
ECLAbar8	tʃʷ	-0.41	0	0
ECLAbar8	tʰ	-0.24	0	0
ECLAbar8	tʲ	-0.35	0	0
ECLAbar8	tʷ	-0.43	0	0
ECLAbar8	tˢ	-0.14	0	0
ECLAbar8	u	-1.23	8	-10
ECLAbar8	uʱ	-0.48	0	0
ECLAbar8	uː	0.08	3	0
ECLAbar8	uːʱ	-0.14	0	0
ECLAbar8	v	-0.45	0	0
ECLAbar8	vʷ	-0.24	0	0
ECLAbar8	w	-0.97	15	-15
ECLAbar8	z	-0.82	11	-9
ECLAbar8	zː	-0.14	0	0
ECLAbar8	²¹	-0.14	0	0
ECLAbar8	³	-0.38	54	-21
ECLAbar8	³¹	-0.2	0	0
ECLAbar8	³⁵	-0.14	0	0
ECLAbar8	¹	0.97	355	346
ECLAbar8	¹³	-0.76	0	0
ECLAbar8	¹⁵	-0.51	24	-12
ECLAbar8	ã	-0.44	0	0
ECLAbar8	ãː	-0.33	0	0
ECLAbar8	æ	-0.25	0	0
ECLAbar8	æː	-0.2	0	0
ECLAbar8	æ̃	-0.2	0	0
ECLAbar8	õ	0.44	1	0
ECLAbar8	õː	-0.31	0	0
ECLAbar8	ø	-0.54	0	0
ECLAbar8	øː	-0.28	0	0
ECLAbar8	ĩ	-0.26	0	0
ECLAbar8	ĩː	-0.14	0	0
ECLAbar8	ŋ	-0.64	64	-41
ECLAbar8	ŋm	-0.53	0	0
ECLAbar8	ŋmʷ	-0.14	0	0
ECLAbar8	ŋʷ	-0.34	0	0
ECLAbar8	ŋˤ	-0.14	0	0
ECLAbar8	œ	-0.36	0	0
ECLAbar8	œː	-0.29	0	0
ECLAbar8	œ̃	-0.14	0	0
ECLAbar8	ũ	-0.28	0	0
ECLAbar8	ũʱ	-0.14	0	0
ECLAbar8	ũː	-0.24	0	0
ECLAbar8	ɑ	-0.47	0	0
ECLAbar8	ɑː	-0.4	0	0
ECLAbar8	ɑ̃	-0.14	0	0
ECLAbar8	ɑ̃ː	-0.14	0	0
ECLAbar8	ɒ	-0.32	0	0
ECLAbar8	ɒː	-0.28	0	0
ECLAbar8	ɒ̃	-0.14	0	0
ECLAbar8	ɒ̃ː	-0.14	0	0
ECLAbar8	ɔ	-0.48	21	-10
ECLAbar8	ɔː	-0.7	1	-1
ECLAbar8	ɔ̃	-0.23	0	0
ECLAbar8	ɔ̃ː	-0.19	0	0
ECLAbar8	ɘ	-0.34	0	0
ECLAbar8	ɘː	-0.29	0	0
ECLAbar8	ə	-0.73	119	-86
ECLAbar8	əː	-0.77	0	0
ECLAbar8	əˠ	-0.14	0	0
ECLAbar8	ə̃	-0.56	0	0
ECLAbar8	ə̃ː	-0.2	0	0
ECLAbar8	ɛ	0.81	47	38
ECLAbar8	ɛː	-0.94	1	-1
ECLAbar8	ɛ̃	-0.32	0	0
ECLAbar8	ɛ̃ː	-0.28	0	0
ECLAbar8	ɠ	-0.14	0	0
ECLAbar8	ɣ	-0.46	0	0
ECLAbar8	ɥ	-0.15	6	-1
ECLAbar8	ɦ	-0.24	0	0
ECLAbar8	ɦː	-0.16	0	0
ECLAbar8	ɨ	-0.68	0	0
ECLAbar8	ɨː	-0.34	0	0
ECLAbar8	ɨ̃	-0.24	0	0
ECLAbar8	ɪ	1.11	109	121
ECLAbar8	ɪː	0.34	4	1
ECLAbar8	ɪ̃	-0.26	0	0
ECLAbar8	ɪ̃ː	-0.22	0	0
ECLAbar8	ɯ	-0.2	0	0
ECLAbar8	ɱ	-0.44	0	0
ECLAbar8	ɲ	0.14	24	3
ECLAbar8	ɲʲ	-0.79	0	0
ECLAbar8	ɲʷ	-0.4	0	0
ECLAbar8	ɳ	-0.14	0	0
ECLAbar8	ʃ	0.97	28	27
ECLAbar8	ʃʲ	0.22	3	1
ECLAbar8	ʃʷ	-0.4	0	0
ECLAbar8	ʉ	-0.26	0	0
ECLAbar8	ʉʱ	-0.14	0	0
ECLAbar8	ʉː	-0.14	0	0
ECLAbar8	ʊ	1.53	114	174
ECLAbar8	ʊʱ	-0.47	0	0
ECLAbar8	ʊʱː	-0.14	0	0
ECLAbar8	ʊː	-0.5	3	-1
ECLAbar8	ʊ̃	-0.38	0	0
ECLAbar8	ʊ̃ː	-0.33	0	0
ECLAbar8	ʊ̤	-0.14	0	0
ECLAbar8	ʒ	0.74	7	5
ECLAbar8	ʒʷ	-0.2	0	0
ECLAbar8	ʔ	-0.5	0	0
ECLAbar8	β	-0.35	0	0
ECLAbar8	βʷ	-0.14	0	0
ECLAbar8	ẽ	-0.23	0	0
ECLAbar8	ẽː	-0.14	0	0
ECLAbar8	⁴⁵	-0.14	0	0
ECLAbar8	⁵	0.27	310	85
ECLAbar8	⁵³	-0.87	4	-3
ECLAbar8	⁵¹	-0.39	44	-17
ECLAbar8	ⁿb	0.09	3	0
ECLAbar8	ⁿbʷ	1.04	1	1
ECLAbar8	ⁿd	1.6	10	16
ECLAbar8	ⁿdʷ	-0.14	0	0
ECLAbar8	ⁿt	-0.4	0	0
ENBBiya1	a	-0.19	121	-23
ENBBiya1	aː	0.18	23	4
ENBBiya1	b	-0.77	56	-43
ENBBiya1	bʷ	0.61	6	4
ENBBiya1	d	-0.11	26	-3
ENBBiya1	dzʷ	-0.2	0	0
ENBBiya1	dʒ	0.01	17	0
ENBBiya1	dʒʷ	-0.22	0	0
ENBBiya1	dʷ	-0.19	0	0
ENBBiya1	e	-0.59	11	-6
ENBBiya1	eː	-0.32	4	-1
ENBBiya1	f	1.19	72	86
ENBBiya1	fʲ	-0.6	0	0
ENBBiya1	fʷ	-0.59	0	0
ENBBiya1	g	-0.6	10	-6
ENBBiya1	gb	0.18	11	2
ENBBiya1	gʷ	-0.31	0	0
ENBBiya1	h	0.3	21	6
ENBBiya1	i	0.78	83	65
ENBBiya1	iː	-0.63	4	-3
ENBBiya1	j	-0.12	35	-4
ENBBiya1	k	1.56	159	248
ENBBiya1	kp	-0.36	13	-5
ENBBiya1	kpʳʷ	-0.2	0	0
ENBBiya1	kpʷ	-0.14	0	0
ENBBiya1	kx	1.54	6	9
ENBBiya1	kʰ	-0.14	0	0
ENBBiya1	kʲ	-0.4	0	0
ENBBiya1	kʷ	-0.58	1	-1
ENBBiya1	l	-0.84	18	-15
ENBBiya1	m	0.47	101	47
ENBBiya1	mʷ	-0.56	0	0
ENBBiya1	n	-0.22	100	-22
ENBBiya1	nʷ	-0.2	0	0
ENBBiya1	o	-0.93	18	-17
ENBBiya1	oː	-0.59	4	-2
ENBBiya1	p	-0.61	1	-1
ENBBiya1	q	-0.14	0	0
ENBBiya1	r	0.69	2	1
ENBBiya1	s	0.15	30	5
ENBBiya1	sʷ	-0.14	0	0
ENBBiya1	t	-0.7	41	-29
ENBBiya1	ts	-0.71	8	-6
ENBBiya1	tsʷ	-0.24	0	0
ENBBiya1	tsː	-0.14	0	0
ENBBiya1	tʃ	0.27	14	4
ENBBiya1	tʃʷ	-0.41	0	0
ENBBiya1	tʰ	-0.24	0	0
ENBBiya1	tʲ	-0.35	0	0
ENBBiya1	tʷ	0.56	1	1
ENBBiya1	tˢ	-0.14	0	0
ENBBiya1	u	-0.64	15	-10
ENBBiya1	uʱ	0.0	1	0
ENBBiya1	uː	0.08	3	0
ENBBiya1	uːʱ	-0.14	0	0
ENBBiya1	v	-0.45	0	0
ENBBiya1	vʷ	-0.24	0	0
ENBBiya1	w	0.26	36	9
ENBBiya1	z	-0.68	13	-9
ENBBiya1	zː	-0.14	0	0
ENBBiya1	²¹	-0.14	0	0
ENBBiya1	³	-0.49	51	-25
ENBBiya1	³¹	-0.2	0	0
ENBBiya1	³⁵	-0.14	0	0
ENBBiya1	¹	-0.63	249	-158
ENBBiya1	¹³	-0.09	1	0
ENBBiya1	¹⁵	-0.67	21	-14
ENBBiya1	ã	2.63	6	16
ENBBiya1	ãː	1.88	1	2
ENBBiya1	æ	-0.25	0	0
ENBBiya1	æː	-0.2	0	0
ENBBiya1	æ̃	-0.2	0	0
ENBBiya1	õ	-0.34	0	0
ENBBiya1	õː	-0.31	0	0
ENBBiya1	ø	-0.54	0	0
ENBBiya1	øː	-0.28	0	0
ENBBiya1	ĩ	-0.26	0	0
ENBBiya1	ĩː	-0.14	0	0
ENBBiya1	ŋ	-0.03	80	-2
ENBBiya1	ŋm	-0.53	0	0
ENBBiya1	ŋmʷ	-0.14	0	0
ENBBiya1	ŋʷ	-0.34	0	0
ENBBiya1	ŋˤ	-0.14	0	0
ENBBiya1	œ	-0.36	0	0
ENBBiya1	œː	-0.29	0	0
ENBBiya1	œ̃	-0.14	0	0
ENBBiya1	ũ	-0.28	0	0
ENBBiya1	ũʱ	-0.14	0	0
ENBBiya1	ũː	-0.24	0	0
ENBBiya1	ɑ	-0.07	1	0
ENBBiya1	ɑː	-0.4	0	0
ENBBiya1	ɑ̃	-0.14	0	0
ENBBiya1	ɑ̃ː	-0.14	0	0
ENBBiya1	ɒ	-0.32	0	0
ENBBiya1	ɒː	-0.28	0	0
ENBBiya1	ɒ̃	-0.14	0	0
ENBBiya1	ɒ̃ː	-0.14	0	0
ENBBiya1	ɔ	0.33	32	10
ENBBiya1	ɔː	-0.22	3	-1
ENBBiya1	ɔ̃	-0.23	0	0
ENBBiya1	ɔ̃ː	-0.19	0	0
ENBBiya1	ɘ	-0.34	0	0
ENBBiya1	ɘː	-0.29	0	0
ENBBiya1	ə	0.27	216	57
ENBBiya1	əː	-0.1	5	-1
ENBBiya1	əˠ	-0.14	0	0
ENBBiya1	ə̃	1.71	2	3
ENBBiya1	ə̃ː	-0.2	0	0
ENBBiya1	ɛ	-0.82	6	-5
ENBBiya1	ɛː	-0.94	1	-1
ENBBiya1	ɛ̃	-0.32	0	0
ENBBiya1	ɛ̃ː	-0.28	0	0
ENBBiya1	ɠ	-0.14	0	0
ENBBiya1	ɣ	-0.16	4	-1
ENBBiya1	ɥ	-0.46	2	-1
ENBBiya1	ɦ	-0.24	0	0
ENBBiya1	ɦː	-0.16	0	0
ENBBiya1	ɨ	0.29	3	1
ENBBiya1	ɨː	-0.34	0	0
ENBBiya1	ɨ̃	-0.24	0	0
ENBBiya1	ɪ	0.59	87	51
ENBBiya1	ɪː	-0.8	1	-1
ENBBiya1	ɪ̃	-0.26	0	0
ENBBiya1	ɪ̃ː	-0.22	0	0
ENBBiya1	ɯ	-0.2	0	0
ENBBiya1	ɱ	-0.44	0	0
ENBBiya1	ɲ	-0.44	15	-7
ENBBiya1	ɲʲ	-0.79	0	0
ENBBiya1	ɲʷ	-0.4	0	0
ENBBiya1	ɳ	-0.14	0	0
ENBBiya1	ʃ	-0.59	11	-7
ENBBiya1	ʃʲ	-0.59	0	0
ENBBiya1	ʃʷ	-0.4	0	0
ENBBiya1	ʉ	-0.26	0	0
ENBBiya1	ʉʱ	-0.14	0	0
ENBBiya1	ʉː	-0.14	0	0
ENBBiya1	ʊ	1.08	100	108
ENBBiya1	ʊʱ	0.19	1	0
ENBBiya1	ʊʱː	-0.14	0	0
ENBBiya1	ʊː	-0.63	2	-1
ENBBiya1	ʊ̃	2.74	2	5
ENBBiya1	ʊ̃ː	4.1	2	8
ENBBiya1	ʊ̤	-0.14	0	0
ENBBiya1	ʒ	-0.6	0	0
ENBBiya1	ʒʷ	-0.2	0	0
ENBBiya1	ʔ	-0.4	2	-1
ENBBiya1	β	-0.35	0	0
ENBBiya1	βʷ	-0.14	0	0
ENBBiya1	ẽ	-0.23	0	0
ENBBiya1	ẽː	-0.14	0	0
ENBBiya1	⁴⁵	-0.14	0	0
ENBBiya1	⁵	2.3	410	941
ENBBiya1	⁵³	-0.2	12	-2
ENBBiya1	⁵¹	-1.76	18	-32
ENBBiya1	ⁿb	-0.37	0	0
ENBBiya1	ⁿbʷ	-0.37	0	0
ENBBiya1	ⁿd	-0.45	0	0
ENBBiya1	ⁿdʷ	-0.14	0	0
ENBBiya1	ⁿt	-0.4	0	0
FBCBiya8	a	-0.16	122	-20
FBCBiya8	aː	0.52	27	14
FBCBiya8	b	-0.82	55	-45
FBCBiya8	bʷ	0.86	7	6
FBCBiya8	d	0.13	30	4
FBCBiya8	dzʷ	-0.2	0	0
FBCBiya8	dʒ	-0.48	11	-5
FBCBiya8	dʒʷ	-0.22	0	0
FBCBiya8	dʷ	-0.19	0	0
FBCBiya8	e	-0.66	10	-7
FBCBiya8	eː	-0.18	5	-1
FBCBiya8	f	0.32	57	18
FBCBiya8	fʲ	1.97	6	12
FBCBiya8	fʷ	1.94	8	16
FBCBiya8	g	-0.42	12	-5
FBCBiya8	gb	0.18	11	2
FBCBiya8	gʷ	-0.31	0	0
FBCBiya8	h	0.2	19	4
FBCBiya8	i	-0.47	40	-19
FBCBiya8	iː	-0.42	5	-2
FBCBiya8	j	-0.7	25	-17
FBCBiya8	k	0.61	127	78
FBCBiya8	kp	-0.51	12	-6
FBCBiya8	kpʳʷ	-0.2	0	0
FBCBiya8	kpʷ	-0.14	0	0
FBCBiya8	kx	-0.71	0	0
FBCBiya8	kʰ	-0.14	0	0
FBCBiya8	kʲ	-0.4	0	0
FBCBiya8	kʷ	1.09	16	17
FBCBiya8	l	-0.04	29	-1
FBCBiya8	m	0.08	93	8
FBCBiya8	mʷ	-0.56	0	0
FBCBiya8	n	-0.26	99	-26
FBCBiya8	nʷ	-0.2	0	0
FBCBiya8	o	-0.93	18	-17
FBCBiya8	oː	-0.37	6	-2
FBCBiya8	p	-0.61	1	-1
FBCBiya8	q	-0.14	0	0
FBCBiya8	r	-0.69	0	0
FBCBiya8	s	0.56	36	20
FBCBiya8	sʷ	-0.14	0	0
FBCBiya8	t	-0.38	44	-17
FBCBiya8	ts	-0.92	5	-5
FBCBiya8	tsʷ	-0.24	0	0
FBCBiya8	tsː	-0.14	0	0
FBCBiya8	tʃ	0.42	15	6
FBCBiya8	tʃʷ	-0.41	0	0
FBCBiya8	tʰ	-0.24	0	0
FBCBiya8	tʲ	0.58	3	2
FBCBiya8	tʷ	0.56	1	1
FBCBiya8	tˢ	-0.14	0	0
FBCBiya8	u	-0.89	12	-11
FBCBiya8	uʱ	0.0	1	0
FBCBiya8	uː	-0.26	2	-1
FBCBiya8	uːʱ	-0.14	0	0
FBCBiya8	v	-0.45	0	0
FBCBiya8	vʷ	-0.24	0	0
FBCBiya8	w	-1.14	12	-14
FBCBiya8	z	-0.6	14	-8
FBCBiya8	zː	-0.14	0	0
FBCBiya8	²¹	-0.14	0	0
FBCBiya8	³	-0.35	55	-19
FBCBiya8	³¹	-0.2	0	0
FBCBiya8	³⁵	-0.14	0	0
FBCBiya8	¹	0.9	350	315
FBCBiya8	¹³	-0.09	1	0
FBCBiya8	¹⁵	-0.39	26	-10
FBCBiya8	ã	0.07	1	0
FBCBiya8	ãː	-0.33	0	0
FBCBiya8	æ	0.13	1	0
FBCBiya8	æː	-0.2	0	0
FBCBiya8	æ̃	5.05	1	5
FBCBiya8	õ	-0.34	0	0
FBCBiya8	õː	-0.31	0	0
FBCBiya8	ø	-0.23	1	0
FBCBiya8	øː	-0.28	0	0
FBCBiya8	ĩ	0.31	1	0
FBCBiya8	ĩː	-0.14	0	0
FBCBiya8	ŋ	-0.18	76	-14
FBCBiya8	ŋm	0.77	5	4
FBCBiya8	ŋmʷ	-0.14	0	0
FBCBiya8	ŋʷ	-0.34	0	0
FBCBiya8	ŋˤ	-0.14	0	0
FBCBiya8	œ	-0.36	0	0
FBCBiya8	œː	-0.29	0	0
FBCBiya8	œ̃	7.21	1	7
FBCBiya8	ũ	0.37	1	0
FBCBiya8	ũʱ	-0.14	0	0
FBCBiya8	ũː	-0.24	0	0
FBCBiya8	ɑ	-0.07	1	0
FBCBiya8	ɑː	1.01	1	1
FBCBiya8	ɑ̃	-0.14	0	0
FBCBiya8	ɑ̃ː	-0.14	0	0
FBCBiya8	ɒ	-0.32	0	0
FBCBiya8	ɒː	-0.28	0	0
FBCBiya8	ɒ̃	-0.14	0	0
FBCBiya8	ɒ̃ː	-0.14	0	0
FBCBiya8	ɔ	-0.04	27	-1
FBCBiya8	ɔː	0.02	4	0
FBCBiya8	ɔ̃	-0.23	0	0
FBCBiya8	ɔ̃ː	-0.19	0	0
FBCBiya8	ɘ	-0.34	0	0
FBCBiya8	ɘː	-0.29	0	0
FBCBiya8	ə	0.32	221	70
FBCBiya8	əː	0.3	8	2
FBCBiya8	əˠ	-0.14	0	0
FBCBiya8	ə̃	1.71	2	3
FBCBiya8	ə̃ː	-0.2	0	0
FBCBiya8	ɛ	-0.5	14	-7
FBCBiya8	ɛː	-0.47	4	-2
FBCBiya8	ɛ̃	0.93	2	2
FBCBiya8	ɛ̃ː	4.67	3	14
FBCBiya8	ɠ	-0.14	0	0
FBCBiya8	ɣ	-0.46	0	0
FBCBiya8	ɥ	-0.61	0	0
FBCBiya8	ɦ	-0.24	0	0
FBCBiya8	ɦː	-0.16	0	0
FBCBiya8	ɨ	-0.03	2	0
FBCBiya8	ɨː	-0.34	0	0
FBCBiya8	ɨ̃	2.05	2	4
FBCBiya8	ɪ	1.32	118	156
FBCBiya8	ɪː	-0.8	1	-1
FBCBiya8	ɪ̃	-0.26	0	0
FBCBiya8	ɪ̃ː	-0.22	0	0
FBCBiya8	ɯ	-0.2	0	0
FBCBiya8	ɱ	0.94	1	1
FBCBiya8	ɲ	-0.83	9	-7
FBCBiya8	ɲʲ	1.86	5	9
FBCBiya8	ɲʷ	-0.4	0	0
FBCBiya8	ɳ	-0.14	0	0
FBCBiya8	ʃ	-0.59	11	-7
FBCBiya8	ʃʲ	-0.32	1	0
FBCBiya8	ʃʷ	-0.4	0	0
FBCBiya8	ʉ	-0.26	0	0
FBCBiya8	ʉʱ	-0.14	0	0
FBCBiya8	ʉː	-0.14	0	0
FBCBiya8	ʊ	1.17	103	121
FBCBiya8	ʊʱ	-0.47	0	0
FBCBiya8	ʊʱː	-0.14	0	0
FBCBiya8	ʊː	-0.22	5	-1
FBCBiya8	ʊ̃	-0.38	0	0
FBCBiya8	ʊ̃ː	1.88	1	2
FBCBiya8	ʊ̤	-0.14	0	0
FBCBiya8	ʒ	-0.6	0	0
FBCBiya8	ʒʷ	-0.2	0	0
FBCBiya8	ʔ	-0.4	2	-1
FBCBiya8	β	-0.35	0	0
FBCBiya8	βʷ	-0.14	0	0
FBCBiya8	ẽ	2.82	1	3
FBCBiya8	ẽː	7.21	1	7
FBCBiya8	⁴⁵	-0.14	0	0
FBCBiya8	⁵	0.6	326	194
FBCBiya8	⁵³	0.56	21	12
FBCBiya8	⁵¹	-1.76	18	-32
FBCBiya8	ⁿb	-0.37	0	0
FBCBiya8	ⁿbʷ	-0.37	0	0
FBCBiya8	ⁿd	-0.45	0	0
FBCBiya8	ⁿdʷ	-0.14	0	0
FBCBiya8	ⁿt	-0.4	0	0
ICNBiya2	a	0.26	139	37
ICNBiya2	aː	1.1	34	38
ICNBiya2	b	-0.3	65	-20
ICNBiya2	bʷ	-0.66	1	-1
ICNBiya2	d	0.43	35	15
ICNBiya2	dzʷ	-0.2	0	0
ICNBiya2	dʒ	-0.15	15	-2
ICNBiya2	dʒʷ	-0.22	0	0
ICNBiya2	dʷ	-0.19	0	0
ICNBiya2	e	-0.73	9	-7
ICNBiya2	eː	-0.45	3	-1
ICNBiya2	f	0.55	61	34
ICNBiya2	fʲ	-0.6	0	0
ICNBiya2	fʷ	-0.59	0	0
ICNBiya2	g	-0.69	9	-6
ICNBiya2	gb	-1.69	3	-5
ICNBiya2	gʷ	-0.31	0	0
ICNBiya2	h	0.1	17	2
ICNBiya2	i	-0.18	50	-9
ICNBiya2	iː	-0.63	4	-3
ICNBiya2	j	-0.07	36	-2
ICNBiya2	k	0.76	132	100
ICNBiya2	kp	0.92	21	19
ICNBiya2	kpʳʷ	-0.2	0	0
ICNBiya2	kpʷ	7.21	1	7
ICNBiya2	kx	-0.33	1	0
ICNBiya2	kʰ	-0.14	0	0
ICNBiya2	kʲ	-0.4	0	0
ICNBiya2	kʷ	-0.35	3	-1
ICNBiya2	l	0.03	30	1
ICNBiya2	m	0.56	103	58
ICNBiya2	mʷ	-0.56	0	0
ICNBiya2	n	0.38	114	44
ICNBiya2	nʷ	-0.2	0	0
ICNBiya2	o	-0.93	18	-17
ICNBiya2	oː	-0.59	4	-2
ICNBiya2	p	0.42	4	2
ICNBiya2	q	-0.14	0	0
ICNBiya2	r	0.0	1	0
ICNBiya2	s	0.43	34	14
ICNBiya2	sʷ	-0.14	0	0
ICNBiya2	t	0.69	54	37
ICNBiya2	ts	-0.98	4	-4
ICNBiya2	tsʷ	-0.24	0	0
ICNBiya2	tsː	-0.14	0	0
ICNBiya2	tʃ	0.56	16	9
ICNBiya2	tʃʷ	-0.41	0	0
ICNBiya2	tʰ	-0.24	0	0
ICNBiya2	tʲ	-0.35	0	0
ICNBiya2	tʷ	-0.43	0	0
ICNBiya2	tˢ	-0.14	0	0
ICNBiya2	u	2.11	48	101
ICNBiya2	uʱ	0.48	2	1
ICNBiya2	uː	0.08	3	0
ICNBiya2	uːʱ	-0.14	0	0
ICNBiya2	v	-0.45	0	0
ICNBiya2	vʷ	-0.24	0	0
ICNBiya2	w	0.32	37	12
ICNBiya2	z	-0.39	17	-7
ICNBiya2	zː	-0.14	0	0
ICNBiya2	²¹	-0.14	0	0
ICNBiya2	³	0.19	71	13
ICNBiya2	³¹	-0.2	0	0
ICNBiya2	³⁵	-0.14	0	0
ICNBiya2	¹	-0.92	230	-212
ICNBiya2	¹³	0.58	2	1
ICNBiya2	¹⁵	-0.23	29	-7
ICNBiya2	ã	0.58	2	1
ICNBiya2	ãː	-0.33	0	0
ICNBiya2	æ	-0.25	0	0
ICNBiya2	æː	-0.2	0	0
ICNBiya2	æ̃	-0.2	0	0
ICNBiya2	õ	-0.34	0	0
ICNBiya2	õː	1.32	1	1
ICNBiya2	ø	-0.54	0	0
ICNBiya2	øː	-0.28	0	0
ICNBiya2	ĩ	-0.26	0	0
ICNBiya2	ĩː	-0.14	0	0
ICNBiya2	ŋ	-0.49	68	-33
ICNBiya2	ŋm	0.25	3	1
ICNBiya2	ŋmʷ	-0.14	0	0
ICNBiya2	ŋʷ	-0.34	0	0
ICNBiya2	ŋˤ	-0.14	0	0
ICNBiya2	œ	-0.36	0	0
ICNBiya2	œː	-0.29	0	0
ICNBiya2	œ̃	-0.14	0	0
ICNBiya2	ũ	-0.28	0	0
ICNBiya2	ũʱ	-0.14	0	0
ICNBiya2	ũː	-0.24	0	0
ICNBiya2	ɑ	-0.47	0	0
ICNBiya2	ɑː	-0.4	0	0
ICNBiya2	ɑ̃	-0.14	0	0
ICNBiya2	ɑ̃ː	-0.14	0	0
ICNBiya2	ɒ	-0.32	0	0
ICNBiya2	ɒː	-0.28	0	0
ICNBiya2	ɒ̃	-0.14	0	0
ICNBiya2	ɒ̃ː	-0.14	0	0
ICNBiya2	ɔ	1.13	43	48
ICNBiya2	ɔː	-0.46	2	-1
ICNBiya2	ɔ̃	-0.23	0	0
ICNBiya2	ɔ̃ː	-0.19	0	0
ICNBiya2	ɘ	-0.34	0	0
ICNBiya2	ɘː	-0.29	0	0
ICNBiya2	ə	-0.09	181	-17
ICNBiya2	əː	-0.51	2	-1
ICNBiya2	əˠ	-0.14	0	0
ICNBiya2	ə̃	-0.56	0	0
ICNBiya2	ə̃ː	-0.2	0	0
ICNBiya2	ɛ	-0.46	15	-7
ICNBiya2	ɛː	-0.94	1	-1
ICNBiya2	ɛ̃	-0.32	0	0
ICNBiya2	ɛ̃ː	-0.28	0	0
ICNBiya2	ɠ	-0.14	0	0
ICNBiya2	ɣ	-0.39	1	0
ICNBiya2	ɥ	-0.54	1	-1
ICNBiya2	ɦ	-0.24	0	0
ICNBiya2	ɦː	-0.16	0	0
ICNBiya2	ɨ	-0.68	0	0
ICNBiya2	ɨː	-0.34	0	0
ICNBiya2	ɨ̃	-0.24	0	0
ICNBiya2	ɪ	0.66	90	60
ICNBiya2	ɪː	-1.19	0	0
ICNBiya2	ɪ̃	-0.26	0	0
ICNBiya2	ɪ̃ː	-0.22	0	0
ICNBiya2	ɯ	-0.2	0	0
ICNBiya2	ɱ	-0.44	0	0
ICNBiya2	ɲ	-0.51	14	-7
ICNBiya2	ɲʲ	-0.79	0	0
ICNBiya2	ɲʷ	-0.4	0	0
ICNBiya2	ɳ	-0.14	0	0
ICNBiya2	ʃ	-0.5	12	-6
ICNBiya2	ʃʲ	-0.59	0	0
ICNBiya2	ʃʷ	-0.4	0	0
ICNBiya2	ʉ	-0.26	0	0
ICNBiya2	ʉʱ	-0.14	0	0
ICNBiya2	ʉː	-0.14	0	0
ICNBiya2	ʊ	0.5	82	41
ICNBiya2	ʊʱ	-0.47	0	0
ICNBiya2	ʊʱː	-0.14	0	0
ICNBiya2	ʊː	0.19	8	1
ICNBiya2	ʊ̃	2.74	2	5
ICNBiya2	ʊ̃ː	1.88	1	2
ICNBiya2	ʊ̤	-0.14	0	0
ICNBiya2	ʒ	-0.6	0	0
ICNBiya2	ʒʷ	-0.2	0	0
ICNBiya2	ʔ	-0.5	0	0
ICNBiya2	β	-0.35	0	0
ICNBiya2	βʷ	-0.14	0	0
ICNBiya2	ẽ	-0.23	0	0
ICNBiya2	ẽː	-0.14	0	0
ICNBiya2	⁴⁵	-0.14	0	0
ICNBiya2	⁵	2.07	399	827
ICNBiya2	⁵³	-0.2	12	-2
ICNBiya2	⁵¹	-1.6	21	-34
ICNBiya2	ⁿb	-0.37	0	0
ICNBiya2	ⁿbʷ	-0.37	0	0
ICNBiya2	ⁿd	-0.45	0	0
ICNBiya2	ⁿdʷ	-0.14	0	0
ICNBiya2	ⁿt	-0.4	0	0
JGYKoshin3	a	-0.36	114	-42
JGYKoshin3	aː	-1.33	5	-7
JGYKoshin3	b	0.06	72	5
JGYKoshin3	bʷ	0.1	4	0
JGYKoshin3	d	-0.4	21	-8
JGYKoshin3	dzʷ	-0.2	0	0
JGYKoshin3	dʒ	0.75	26	20
JGYKoshin3	dʒʷ	-0.22	0	0
JGYKoshin3	dʷ	6.44	4	26
JGYKoshin3	e	-0.1	18	-2
JGYKoshin3	eː	0.37	9	3
JGYKoshin3	f	0.78	65	51
JGYKoshin3	fʲ	0.26	2	1
JGYKoshin3	fʷ	0.04	2	0
JGYKoshin3	g	-0.24	14	-3
JGYKoshin3	gb	-0.29	9	-3
JGYKoshin3	gʷ	-0.31	0	0
JGYKoshin3	h	-0.75	0	0
JGYKoshin3	i	-0.41	42	-17
JGYKoshin3	iː	3.39	23	78
JGYKoshin3	j	-1.45	12	-17
JGYKoshin3	k	-0.45	91	-41
JGYKoshin3	kp	-0.51	12	-6
JGYKoshin3	kpʳʷ	-0.2	0	0
JGYKoshin3	kpʷ	-0.14	0	0
JGYKoshin3	kx	-0.71	0	0
JGYKoshin3	kʰ	-0.14	0	0
JGYKoshin3	kʲ	0.76	5	4
JGYKoshin3	kʷ	0.31	9	3
JGYKoshin3	l	-0.84	18	-15
JGYKoshin3	m	-0.92	72	-66
JGYKoshin3	mʷ	-0.56	0	0
JGYKoshin3	n	-0.05	104	-5
JGYKoshin3	nʷ	-0.2	0	0
JGYKoshin3	o	-1.32	9	-12
JGYKoshin3	oː	-0.59	4	-2
JGYKoshin3	p	-0.96	0	0
JGYKoshin3	q	-0.14	0	0
JGYKoshin3	r	-0.69	0	0
JGYKoshin3	s	-1.08	12	-13
JGYKoshin3	sʷ	-0.14	0	0
JGYKoshin3	t	0.8	55	44
JGYKoshin3	ts	1.02	33	34
JGYKoshin3	tsʷ	-0.24	0	0
JGYKoshin3	tsː	-0.14	0	0
JGYKoshin3	tʃ	-1.18	4	-5
JGYKoshin3	tʃʷ	-0.41	0	0
JGYKoshin3	tʰ	-0.24	0	0
JGYKoshin3	tʲ	4.02	14	56
JGYKoshin3	tʷ	-0.43	0	0
JGYKoshin3	tˢ	-0.14	0	0
JGYKoshin3	u	0.86	33	28
JGYKoshin3	uʱ	0.48	2	1
JGYKoshin3	uː	-0.26	2	-1
JGYKoshin3	uːʱ	-0.14	0	0
JGYKoshin3	v	-0.45	0	0
JGYKoshin3	vʷ	-0.24	0	0
JGYKoshin3	w	-0.33	26	-9
JGYKoshin3	z	-0.46	16	-7
JGYKoshin3	zː	-0.14	0	0
JGYKoshin3	²¹	-0.14	0	0
JGYKoshin3	³	-0.55	49	-27
JGYKoshin3	³¹	-0.2	0	0
JGYKoshin3	³⁵	-0.14	0	0
JGYKoshin3	¹	-0.25	274	-70
JGYKoshin3	¹³	-0.76	0	0
JGYKoshin3	¹⁵	-0.39	26	-10
JGYKoshin3	ã	3.14	7	22
JGYKoshin3	ãː	4.1	2	8
JGYKoshin3	æ	-0.25	0	0
JGYKoshin3	æː	-0.2	0	0
JGYKoshin3	æ̃	-0.2	0	0
JGYKoshin3	õ	-0.34	0	0
JGYKoshin3	õː	2.94	2	6
JGYKoshin3	ø	2.25	9	20
JGYKoshin3	øː	-0.28	0	0
JGYKoshin3	ĩ	6.01	11	66
JGYKoshin3	ĩː	7.21	2	14
JGYKoshin3	ŋ	-0.26	74	-19
JGYKoshin3	ŋm	-0.53	0	0
JGYKoshin3	ŋmʷ	-0.14	0	0
JGYKoshin3	ŋʷ	-0.34	0	0
JGYKoshin3	ŋˤ	-0.14	0	0
JGYKoshin3	œ	-0.36	0	0
JGYKoshin3	œː	-0.29	0	0
JGYKoshin3	œ̃	-0.14	0	0
JGYKoshin3	ũ	4.24	7	30
JGYKoshin3	ũʱ	-0.14	0	0
JGYKoshin3	ũː	4.75	2	10
JGYKoshin3	ɑ	-0.47	0	0
JGYKoshin3	ɑː	-0.4	0	0
JGYKoshin3	ɑ̃	-0.14	0	0
JGYKoshin3	ɑ̃ː	-0.14	0	0
JGYKoshin3	ɒ	0.03	2	0
JGYKoshin3	ɒː	0.2	2	0
JGYKoshin3	ɒ̃	-0.14	0	0
JGYKoshin3	ɒ̃ː	-0.14	0	0
JGYKoshin3	ɔ	0.4	33	13
JGYKoshin3	ɔː	-0.46	2	-1
JGYKoshin3	ɔ̃	3.76	2	8
JGYKoshin3	ɔ̃ː	-0.19	0	0
JGYKoshin3	ɘ	-0.34	0	0
JGYKoshin3	ɘː	-0.29	0	0
JGYKoshin3	ə	0.95	283	269
JGYKoshin3	əː	-0.1	5	-1
JGYKoshin3	əˠ	-0.14	0	0
JGYKoshin3	ə̃	3.98	4	16
JGYKoshin3	ə̃ː	-0.2	0	0
JGYKoshin3	ɛ	-0.7	9	-6
JGYKoshin3	ɛː	0.33	9	3
JGYKoshin3	ɛ̃	-0.32	0	0
JGYKoshin3	ɛ̃ː	3.02	2	6
JGYKoshin3	ɠ	-0.14	0	0
JGYKoshin3	ɣ	-0.46	0	0
JGYKoshin3	ɥ	0.61	16	10
JGYKoshin3	ɦ	-0.24	0	0
JGYKoshin3	ɦː	-0.16	0	0
JGYKoshin3	ɨ	-0.68	0	0
JGYKoshin3	ɨː	-0.34	0	0
JGYKoshin3	ɨ̃	-0.24	0	0
JGYKoshin3	ɪ	-1.36	4	-5
JGYKoshin3	ɪː	0.72	5	4
JGYKoshin3	ɪ̃	2.28	2	5
JGYKoshin3	ɪ̃ː	5.63	4	23
JGYKoshin3	ɯ	-0.2	0	0
JGYKoshin3	ɱ	2.33	2	5
JGYKoshin3	ɲ	1.42	44	63
JGYKoshin3	ɲʲ	0.27	2	1
JGYKoshin3	ɲʷ	3.98	5	20
JGYKoshin3	ɳ	-0.14	0	0
JGYKoshin3	ʃ	0.14	19	3
JGYKoshin3	ʃʲ	-0.05	2	0
JGYKoshin3	ʃʷ	3.32	4	13
JGYKoshin3	ʉ	-0.26	0	0
JGYKoshin3	ʉʱ	-0.14	0	0
JGYKoshin3	ʉː	-0.14	0	0
JGYKoshin3	ʊ	-1.08	33	-36
JGYKoshin3	ʊʱ	-0.47	0	0
JGYKoshin3	ʊʱː	-0.14	0	0
JGYKoshin3	ʊː	2.23	23	51
JGYKoshin3	ʊ̃	-0.38	0	0
JGYKoshin3	ʊ̃ː	-0.33	0	0
JGYKoshin3	ʊ̤	-0.14	0	0
JGYKoshin3	ʒ	2.85	18	51
JGYKoshin3	ʒʷ	5.74	4	23
JGYKoshin3	ʔ	-0.5	0	0
JGYKoshin3	β	1.98	2	4
JGYKoshin3	βʷ	-0.14	0	0
JGYKoshin3	ẽ	-0.23	0	0
JGYKoshin3	ẽː	-0.14	0	0
JGYKoshin3	⁴⁵	-0.14	0	0
JGYKoshin3	⁵	0.8	336	268
JGYKoshin3	⁵³	-1.21	0	0
JGYKoshin3	⁵¹	1.82	86	156
JGYKoshin3	ⁿb	4.22	30	126
JGYKoshin3	ⁿbʷ	2.46	2	5
JGYKoshin3	ⁿd	1.39	9	13
JGYKoshin3	ⁿdʷ	-0.14	0	0
JGYKoshin3	ⁿt	-0.4	0	0
KBMNgun4	a	-0.26	118	-31
KBMNgun4	aː	-0.41	16	-7
KBMNgun4	b	2.45	118	289
KBMNgun4	bʷ	1.62	10	16
KBMNgun4	d	-0.81	14	-11
KBMNgun4	dzʷ	-0.2	0	0
KBMNgun4	dʒ	-0.65	9	-6
KBMNgun4	dʒʷ	-0.22	0	0
KBMNgun4	dʷ	-0.19	0	0
KBMNgun4	e	-0.94	6	-6
KBMNgun4	eː	-0.86	0	0
KBMNgun4	f	-0.43	44	-19
KBMNgun4	fʲ	-0.17	1	0
KBMNgun4	fʷ	1.31	6	8
KBMNgun4	g	-1.49	0	0
KBMNgun4	gb	-0.76	7	-5
KBMNgun4	gʷ	-0.31	0	0
KBMNgun4	h	0.45	24	11
KBMNgun4	i	1.04	92	96
KBMNgun4	iː	1.28	13	17
KBMNgun4	j	-0.93	21	-20
KBMNgun4	k	-0.66	84	-55
KBMNgun4	kp	0.44	18	8
KBMNgun4	kpʳʷ	-0.2	0	0
KBMNgun4	kpʷ	-0.14	0	0
KBMNgun4	kx	-0.71	0	0
KBMNgun4	kʰ	-0.14	0	0
KBMNgun4	kʲ	-0.4	0	0
KBMNgun4	kʷ	4.63	48	222
KBMNgun4	l	-1.2	13	-16
KBMNgun4	m	-0.97	71	-69
KBMNgun4	mʷ	-0.09	1	0
KBMNgun4	n	0.25	111	28
KBMNgun4	nʷ	-0.2	0	0
KBMNgun4	o	1.44	72	103
KBMNgun4	oː	-0.05	9	0
KBMNgun4	p	-0.96	0	0
KBMNgun4	q	-0.14	0	0
KBMNgun4	r	-0.69	0	0
KBMNgun4	s	-1.28	9	-12
KBMNgun4	sʷ	-0.14	0	0
KBMNgun4	t	-0.05	47	-3
KBMNgun4	ts	-0.85	6	-5
KBMNgun4	tsʷ	-0.24	0	0
KBMNgun4	tsː	-0.14	0	0
KBMNgun4	tʃ	-1.61	1	-2
KBMNgun4	tʃʷ	-0.41	0	0
KBMNgun4	tʰ	-0.24	0	0
KBMNgun4	tʲ	-0.35	0	0
KBMNgun4	tʷ	-0.43	0	0
KBMNgun4	tˢ	-0.14	0	0
KBMNgun4	u	-0.23	20	-5
KBMNgun4	uʱ	-0.48	0	0
KBMNgun4	uː	-0.95	0	0
KBMNgun4	uːʱ	-0.14	0	0
KBMNgun4	v	-0.45	0	0
KBMNgun4	vʷ	-0.24	0	0
KBMNgun4	w	-0.27	27	-7
KBMNgun4	z	-0.39	17	-7
KBMNgun4	zː	-0.14	0	0
KBMNgun4	²¹	-0.14	0	0
KBMNgun4	³	-0.92	38	-35
KBMNgun4	³¹	-0.2	0	0
KBMNgun4	³⁵	-0.14	0	0
KBMNgun4	¹	1.76	407	718
KBMNgun4	¹³	-0.76	0	0
KBMNgun4	¹⁵	-0.12	31	-4
KBMNgun4	ã	-0.44	0	0
KBMNgun4	ãː	-0.33	0	0
KBMNgun4	æ	-0.25	0	0
KBMNgun4	æː	-0.2	0	0
KBMNgun4	æ̃	-0.2	0	0
KBMNgun4	õ	-0.34	0	0
KBMNgun4	õː	-0.31	0	0
KBMNgun4	ø	-0.23	1	0
KBMNgun4	øː	-0.28	0	0
KBMNgun4	ĩ	-0.26	0	0
KBMNgun4	ĩː	-0.14	0	0
KBMNgun4	ŋ	-1.29	47	-61
KBMNgun4	ŋm	-0.27	1	0
KBMNgun4	ŋmʷ	-0.14	0	0
KBMNgun4	ŋʷ	-0.34	0	0
KBMNgun4	ŋˤ	-0.14	0	0
KBMNgun4	œ	-0.36	0	0
KBMNgun4	œː	-0.29	0	0
KBMNgun4	œ̃	-0.14	0	0
KBMNgun4	ũ	-0.28	0	0
KBMNgun4	ũʱ	-0.14	0	0
KBMNgun4	ũː	-0.24	0	0
KBMNgun4	ɑ	-0.47	0	0
KBMNgun4	ɑː	-0.4	0	0
KBMNgun4	ɑ̃	-0.14	0	0
KBMNgun4	ɑ̃ː	-0.14	0	0
KBMNgun4	ɒ	-0.32	0	0
KBMNgun4	ɒː	-0.28	0	0
KBMNgun4	ɒ̃	-0.14	0	0
KBMNgun4	ɒ̃ː	-0.14	0	0
KBMNgun4	ɔ	-0.26	24	-6
KBMNgun4	ɔː	-0.7	1	-1
KBMNgun4	ɔ̃	-0.23	0	0
KBMNgun4	ɔ̃ː	-0.19	0	0
KBMNgun4	ɘ	-0.34	0	0
KBMNgun4	ɘː	-0.29	0	0
KBMNgun4	ə	-0.69	122	-85
KBMNgun4	əː	-0.77	0	0
KBMNgun4	əˠ	-0.14	0	0
KBMNgun4	ə̃	-0.56	0	0
KBMNgun4	ə̃ː	-0.2	0	0
KBMNgun4	ɛ	1.92	75	144
KBMNgun4	ɛː	-0.47	4	-2
KBMNgun4	ɛ̃	-0.32	0	0
KBMNgun4	ɛ̃ː	-0.28	0	0
KBMNgun4	ɠ	-0.14	0	0
KBMNgun4	ɣ	-0.46	0	0
KBMNgun4	ɥ	-0.38	3	-1
KBMNgun4	ɦ	-0.24	0	0
KBMNgun4	ɦː	-0.16	0	0
KBMNgun4	ɨ	-0.35	1	0
KBMNgun4	ɨː	-0.34	0	0
KBMNgun4	ɨ̃	-0.24	0	0
KBMNgun4	ɪ	1.09	108	117
KBMNgun4	ɪː	1.1	6	7
KBMNgun4	ɪ̃	-0.26	0	0
KBMNgun4	ɪ̃ː	-0.22	0	0
KBMNgun4	ɯ	-0.2	0	0
KBMNgun4	ɱ	-0.44	0	0
KBMNgun4	ɲ	1.42	44	63
KBMNgun4	ɲʲ	-0.26	1	0
KBMNgun4	ɲʷ	-0.4	0	0
KBMNgun4	ɳ	-0.14	0	0
KBMNgun4	ʃ	-0.78	9	-7
KBMNgun4	ʃʲ	0.49	4	2
KBMNgun4	ʃʷ	-0.4	0	0
KBMNgun4	ʉ	-0.26	0	0
KBMNgun4	ʉʱ	-0.14	0	0
KBMNgun4	ʉː	-0.14	0	0
KBMNgun4	ʊ	0.92	95	87
KBMNgun4	ʊʱ	-0.47	0	0
KBMNgun4	ʊʱː	-0.14	0	0
KBMNgun4	ʊː	-0.36	4	-1
KBMNgun4	ʊ̃	-0.38	0	0
KBMNgun4	ʊ̃ː	-0.33	0	0
KBMNgun4	ʊ̤	-0.14	0	0
KBMNgun4	ʒ	0.17	4	1
KBMNgun4	ʒʷ	-0.2	0	0
KBMNgun4	ʔ	-0.5	0	0
KBMNgun4	β	-0.35	0	0
KBMNgun4	βʷ	-0.14	0	0
KBMNgun4	ẽ	-0.23	0	0
KBMNgun4	ẽː	-0.14	0	0
KBMNgun4	⁴⁵	-0.14	0	0
KBMNgun4	⁵	-0.94	250	-235
KBMNgun4	⁵³	-0.45	9	-4
KBMNgun4	⁵¹	0.56	62	35
KBMNgun4	ⁿb	0.24	4	1
KBMNgun4	ⁿbʷ	1.04	1	1
KBMNgun4	ⁿd	1.6	10	16
KBMNgun4	ⁿdʷ	-0.14	0	0
KBMNgun4	ⁿt	2.5	4	10
KCSKung3	a	-1.44	71	-103
KCSKung3	aː	-1.25	6	-8
KCSKung3	b	-0.66	58	-39
KCSKung3	bʷ	-0.15	3	0
KCSKung3	d	0.54	37	20
KCSKung3	dzʷ	-0.2	0	0
KCSKung3	dʒ	-1.22	2	-2
KCSKung3	dʒʷ	-0.22	0	0
KCSKung3	dʷ	-0.19	0	0
KCSKung3	e	1.29	38	49
KCSKung3	eː	-0.59	2	-1
KCSKung3	f	0.72	64	46
KCSKung3	fʲ	0.26	2	1
KCSKung3	fʷ	0.04	2	0
KCSKung3	g	-0.78	8	-6
KCSKung3	gb	-1.69	3	-5
KCSKung3	gʷ	-0.31	0	0
KCSKung3	h	-0.75	0	0
KCSKung3	i	-0.38	43	-16
KCSKung3	iː	-1.47	0	0
KCSKung3	j	0.51	46	23
KCSKung3	k	0.44	121	53
KCSKung3	kp	-2.11	2	-4
KCSKung3	kpʳʷ	-0.2	0	0
KCSKung3	kpʷ	-0.14	0	0
KCSKung3	kx	0.42	3	1
KCSKung3	kʰ	-0.14	0	0
KCSKung3	kʲ	0.3	3	1
KCSKung3	kʷ	-0.02	6	0
KCSKung3	l	-0.26	26	-7
KCSKung3	m	1.9	131	249
KCSKung3	mʷ	0.85	3	3
KCSKung3	n	-1.93	60	-116
KCSKung3	nʷ	-0.2	0	0
KCSKung3	o	-0.36	31	-11
KCSKung3	oː	-0.48	5	-2
KCSKung3	p	-0.27	2	-1
KCSKung3	q	-0.14	0	0
KCSKung3	r	-0.69	0	0
KCSKung3	s	2.0	57	114
KCSKung3	sʷ	-0.14	0	0
KCSKung3	t	0.69	54	37
KCSKung3	ts	-0.29	14	-4
KCSKung3	tsʷ	-0.24	0	0
KCSKung3	tsː	-0.14	0	0
KCSKung3	tʃ	-0.16	11	-2
KCSKung3	tʃʷ	-0.41	0	0
KCSKung3	tʰ	-0.24	0	0
KCSKung3	tʲ	0.27	2	1
KCSKung3	tʷ	-0.43	0	0
KCSKung3	tˢ	-0.14	0	0
KCSKung3	u	0.19	25	5
KCSKung3	uʱ	-0.48	0	0
KCSKung3	uː	0.77	5	4
KCSKung3	uːʱ	-0.14	0	0
KCSKung3	v	0.54	3	2
KCSKung3	vʷ	-0.24	0	0
KCSKung3	w	-0.5	23	-12
KCSKung3	z	1.29	40	52
KCSKung3	zː	-0.14	0	0
KCSKung3	²¹	-0.14	0	0
KCSKung3	³	-0.65	46	-30
KCSKung3	³¹	-0.2	0	0
KCSKung3	³⁵	-0.14	0	0
KCSKung3	¹	0.84	346	290
KCSKung3	¹³	-0.76	0	0
KCSKung3	¹⁵	-1.01	15	-15
KCSKung3	ã	-0.44	0	0
KCSKung3	ãː	-0.33	0	0
KCSKung3	æ	0.51	2	1
KCSKung3	æː	-0.2	0	0
KCSKung3	æ̃	-0.2	0	0
KCSKung3	õ	-0.34	0	0
KCSKung3	õː	-0.31	0	0
KCSKung3	ø	1.32	6	8
KCSKung3	øː	-0.28	0	0
KCSKung3	ĩ	-0.26	0	0
KCSKung3	ĩː	-0.14	0	0
KCSKung3	ŋ	-0.87	58	-51
KCSKung3	ŋm	-0.53	0	0
KCSKung3	ŋmʷ	-0.14	0	0
KCSKung3	ŋʷ	-0.34	0	0
KCSKung3	ŋˤ	-0.14	0	0
KCSKung3	œ	-0.36	0	0
KCSKung3	œː	-0.29	0	0
KCSKung3	œ̃	-0.14	0	0
KCSKung3	ũ	-0.28	0	0
KCSKung3	ũʱ	-0.14	0	0
KCSKung3	ũː	-0.24	0	0
KCSKung3	ɑ	0.34	2	1
KCSKung3	ɑː	2.42	2	5
KCSKung3	ɑ̃	-0.14	0	0
KCSKung3	ɑ̃ː	-0.14	0	0
KCSKung3	ɒ	0.55	5	3
KCSKung3	ɒː	-0.28	0	0
KCSKung3	ɒ̃	-0.14	0	0
KCSKung3	ɒ̃ː	-0.14	0	0
KCSKung3	ɔ	0.54	35	19
KCSKung3	ɔː	-0.46	2	-1
KCSKung3	ɔ̃	-0.23	0	0
KCSKung3	ɔ̃ː	-0.19	0	0
KCSKung3	ɘ	0.71	3	2
KCSKung3	ɘː	0.62	2	1
KCSKung3	ə	0.9	278	250
KCSKung3	əː	3.13	29	91
KCSKung3	əˠ	-0.14	0	0
KCSKung3	ə̃	-0.56	0	0
KCSKung3	ə̃ː	-0.2	0	0
KCSKung3	ɛ	-0.82	6	-5
KCSKung3	ɛː	2.08	20	42
KCSKung3	ɛ̃	-0.32	0	0
KCSKung3	ɛ̃ː	-0.28	0	0
KCSKung3	ɠ	-0.14	0	0
KCSKung3	ɣ	4.11	60	246
KCSKung3	ɥ	-0.23	5	-1
KCSKung3	ɦ	-0.24	0	0
KCSKung3	ɦː	-0.16	0	0
KCSKung3	ɨ	-0.68	0	0
KCSKung3	ɨː	-0.34	0	0
KCSKung3	ɨ̃	-0.24	0	0
KCSKung3	ɪ	-0.23	52	-12
KCSKung3	ɪː	-1.19	0	0
KCSKung3	ɪ̃	-0.26	0	0
KCSKung3	ɪ̃ː	-0.22	0	0
KCSKung3	ɯ	-0.2	0	0
KCSKung3	ɱ	-0.44	0	0
KCSKung3	ɲ	-0.25	18	-5
KCSKung3	ɲʲ	0.27	2	1
KCSKung3	ɲʷ	-0.4	0	0
KCSKung3	ɳ	-0.14	0	0
KCSKung3	ʃ	-1.6	0	0
KCSKung3	ʃʲ	-0.59	0	0
KCSKung3	ʃʷ	-0.4	0	0
KCSKung3	ʉ	-0.26	0	0
KCSKung3	ʉʱ	-0.14	0	0
KCSKung3	ʉː	-0.14	0	0
KCSKung3	ʊ	-0.82	41	-34
KCSKung3	ʊʱ	0.85	2	2
KCSKung3	ʊʱː	-0.14	0	0
KCSKung3	ʊː	-0.22	5	-1
KCSKung3	ʊ̃	-0.38	0	0
KCSKung3	ʊ̃ː	-0.33	0	0
KCSKung3	ʊ̤	-0.14	0	0
KCSKung3	ʒ	0.94	8	7
KCSKung3	ʒʷ	-0.2	0	0
KCSKung3	ʔ	1.6	41	66
KCSKung3	β	1.98	2	4
KCSKung3	βʷ	-0.14	0	0
KCSKung3	ẽ	-0.23	0	0
KCSKung3	ẽː	-0.14	0	0
KCSKung3	⁴⁵	-0.14	0	0
KCSKung3	⁵	-1.3	232	-303
KCSKung3	⁵³	0.56	21	12
KCSKung3	⁵¹	1.24	75	93
KCSKung3	ⁿb	-0.37	0	0
KCSKung3	ⁿbʷ	-0.37	0	0
KCSKung3	ⁿd	-0.45	0	0
KCSKung3	ⁿdʷ	-0.14	0	0
KCSKung3	ⁿt	-0.4	0	0
KCYBuu2	a	-0.82	96	-78
KCYBuu2	aː	0.35	25	9
KCYBuu2	b	-0.92	53	-49
KCYBuu2	bʷ	-0.91	0	0
KCYBuu2	d	0.78	41	32
KCYBuu2	dzʷ	-0.2	0	0
KCYBuu2	dʒ	0.18	19	3
KCYBuu2	dʒʷ	-0.22	0	0
KCYBuu2	dʷ	-0.19	0	0
KCYBuu2	e	-0.03	19	-1
KCYBuu2	eː	0.37	9	3
KCYBuu2	f	-0.26	47	-12
KCYBuu2	fʲ	-0.6	0	0
KCYBuu2	fʷ	-0.59	0	0
KCYBuu2	g	0.11	18	2
KCYBuu2	gb	1.12	15	17
KCYBuu2	gʷ	-0.31	0	0
KCYBuu2	h	-0.7	1	-1
KCYBuu2	i	-0.93	24	-22
KCYBuu2	iː	1.07	12	13
KCYBuu2	j	0.8	51	41
KCYBuu2	k	1.68	163	274
KCYBuu2	kp	-0.99	9	-9
KCYBuu2	kpʳʷ	-0.2	0	0
KCYBuu2	kpʷ	-0.14	0	0
KCYBuu2	kx	0.79	4	3
KCYBuu2	kʰ	-0.14	0	0
KCYBuu2	kʲ	-0.4	0	0
KCYBuu2	kʷ	-0.69	0	0
KCYBuu2	l	-0.26	26	-7
KCYBuu2	m	-0.25	86	-22
KCYBuu2	mʷ	-0.56	0	0
KCYBuu2	n	1.45	139	202
KCYBuu2	nʷ	-0.2	0	0
KCYBuu2	o	-0.18	35	-6
KCYBuu2	oː	0.39	13	5
KCYBuu2	p	2.15	9	19
KCYBuu2	q	-0.14	0	0
KCYBuu2	r	0.0	1	0
KCYBuu2	s	1.59	51	81
KCYBuu2	sʷ	-0.14	0	0
KCYBuu2	t	0.8	55	44
KCYBuu2	ts	-0.09	17	-1
KCYBuu2	tsʷ	-0.24	0	0
KCYBuu2	tsː	-0.14	0	0
KCYBuu2	tʃ	0.13	13	2
KCYBuu2	tʃʷ	-0.41	0	0
KCYBuu2	tʰ	-0.24	0	0
KCYBuu2	tʲ	-0.35	0	0
KCYBuu2	tʷ	-0.43	0	0
KCYBuu2	tˢ	-0.14	0	0
KCYBuu2	u	-0.81	13	-11
KCYBuu2	uʱ	-0.48	0	0
KCYBuu2	uː	-0.95	0	0
KCYBuu2	uːʱ	-0.14	0	0
KCYBuu2	v	-0.45	0	0
KCYBuu2	vʷ	-0.24	0	0
KCYBuu2	w	-0.09	30	-3
KCYBuu2	z	-0.68	13	-9
KCYBuu2	zː	-0.14	0	0
KCYBuu2	²¹	-0.14	0	0
KCYBuu2	³	-0.82	41	-34
KCYBuu2	³¹	-0.2	0	0
KCYBuu2	³⁵	-0.14	0	0
KCYBuu2	¹	-1.01	224	-227
KCYBuu2	¹³	0.58	2	1
KCYBuu2	¹⁵	-0.84	18	-15
KCYBuu2	ã	-0.44	0	0
KCYBuu2	ãː	1.88	1	2
KCYBuu2	æ	-0.25	0	0
KCYBuu2	æː	5.05	1	5
KCYBuu2	æ̃	-0.2	0	0
KCYBuu2	õ	-0.34	0	0
KCYBuu2	õː	2.94	2	6
KCYBuu2	ø	-0.54	0	0
KCYBuu2	øː	-0.28	0	0
KCYBuu2	ĩ	-0.26	0	0
KCYBuu2	ĩː	-0.14	0	0
KCYBuu2	ŋ	0.44	92	40
KCYBuu2	ŋm	-0.27	1	0
KCYBuu2	ŋmʷ	-0.14	0	0
KCYBuu2	ŋʷ	-0.34	0	0
KCYBuu2	ŋˤ	-0.14	0	0
KCYBuu2	œ	-0.36	0	0
KCYBuu2	œː	-0.29	0	0
KCYBuu2	œ̃	-0.14	0	0
KCYBuu2	ũ	0.37	1	0
KCYBuu2	ũʱ	-0.14	0	0
KCYBuu2	ũː	-0.24	0	0
KCYBuu2	ɑ	-0.47	0	0
KCYBuu2	ɑː	-0.4	0	0
KCYBuu2	ɑ̃	-0.14	0	0
KCYBuu2	ɑ̃ː	-0.14	0	0
KCYBuu2	ɒ	-0.32	0	0
KCYBuu2	ɒː	-0.28	0	0
KCYBuu2	ɒ̃	-0.14	0	0
KCYBuu2	ɒ̃ː	-0.14	0	0
KCYBuu2	ɔ	-0.77	17	-13
KCYBuu2	ɔː	-0.46	2	-1
KCYBuu2	ɔ̃	-0.23	0	0
KCYBuu2	ɔ̃ː	-0.19	0	0
KCYBuu2	ɘ	-0.34	0	0
KCYBuu2	ɘː	-0.29	0	0
KCYBuu2	ə	1.46	333	487
KCYBuu2	əː	0.03	6	0
KCYBuu2	əˠ	-0.14	0	0
KCYBuu2	ə̃	0.58	1	1
KCYBuu2	ə̃ː	-0.2	0	0
KCYBuu2	ɛ	-0.7	9	-6
KCYBuu2	ɛː	-0.94	1	-1
KCYBuu2	ɛ̃	-0.32	0	0
KCYBuu2	ɛ̃ː	-0.28	0	0
KCYBuu2	ɠ	-0.14	0	0
KCYBuu2	ɣ	-0.31	2	-1
KCYBuu2	ɥ	-0.61	0	0
KCYBuu2	ɦ	-0.24	0	0
KCYBuu2	ɦː	-0.16	0	0
KCYBuu2	ɨ	-0.35	1	0
KCYBuu2	ɨː	2.22	1	2
KCYBuu2	ɨ̃	-0.24	0	0
KCYBuu2	ɪ	-0.49	41	-20
KCYBuu2	ɪː	1.48	7	10
KCYBuu2	ɪ̃	1.01	1	1
KCYBuu2	ɪ̃ː	-0.22	0	0
KCYBuu2	ɯ	-0.2	0	0
KCYBuu2	ɱ	-0.44	0	0
KCYBuu2	ɲ	-0.57	13	-7
KCYBuu2	ɲʲ	-0.79	0	0
KCYBuu2	ɲʷ	-0.4	0	0
KCYBuu2	ɳ	-0.14	0	0
KCYBuu2	ʃ	0.6	24	14
KCYBuu2	ʃʲ	-0.59	0	0
KCYBuu2	ʃʷ	-0.4	0	0
KCYBuu2	ʉ	-0.26	0	0
KCYBuu2	ʉʱ	-0.14	0	0
KCYBuu2	ʉː	-0.14	0	0
KCYBuu2	ʊ	-1.24	28	-35
KCYBuu2	ʊʱ	0.85	2	2
KCYBuu2	ʊʱː	-0.14	0	0
KCYBuu2	ʊː	0.32	9	3
KCYBuu2	ʊ̃	-0.38	0	0
KCYBuu2	ʊ̃ː	-0.33	0	0
KCYBuu2	ʊ̤	-0.14	0	0
KCYBuu2	ʒ	-0.6	0	0
KCYBuu2	ʒʷ	-0.2	0	0
KCYBuu2	ʔ	-0.45	1	0
KCYBuu2	β	-0.35	0	0
KCYBuu2	βʷ	-0.14	0	0
KCYBuu2	ẽ	-0.23	0	0
KCYBuu2	ẽː	-0.14	0	0
KCYBuu2	⁴⁵	-0.14	0	0
KCYBuu2	⁵	1.81	386	699
KCYBuu2	⁵³	-0.2	12	-2
KCYBuu2	⁵¹	-0.6	40	-24
KCYBuu2	ⁿb	-0.37	0	0
KCYBuu2	ⁿbʷ	-0.37	0	0
KCYBuu2	ⁿd	-0.45	0	0
KCYBuu2	ⁿdʷ	-0.14	0	0
KCYBuu2	ⁿt	-0.4	0	0
KDCAjumbu10	a	1.22	177	215
KDCAjumbu10	aː	0.35	25	9
KDCAjumbu10	b	-0.72	57	-41
KDCAjumbu10	bʷ	0.86	7	6
KDCAjumbu10	d	-0.87	13	-11
KDCAjumbu10	dzʷ	-0.2	0	0
KDCAjumbu10	dʒ	-0.81	7	-6
KDCAjumbu10	dʒʷ	6.98	17	119
KDCAjumbu10	dʷ	-0.19	0	0
KDCAjumbu10	e	-1.22	2	-2
KDCAjumbu10	eː	-0.18	5	-1
KDCAjumbu10	f	0.32	57	18
KDCAjumbu10	fʲ	2.82	8	23
KDCAjumbu10	fʷ	1.62	7	11
KDCAjumbu10	g	-0.15	15	-2
KDCAjumbu10	gb	0.42	12	5
KDCAjumbu10	gʷ	4.74	20	95
KDCAjumbu10	h	-0.75	0	0
KDCAjumbu10	i	-0.82	28	-23
KDCAjumbu10	iː	-1.47	0	0
KDCAjumbu10	j	-1.56	10	-16
KDCAjumbu10	k	0.64	128	82
KDCAjumbu10	kp	0.28	17	5
KDCAjumbu10	kpʳʷ	5.05	2	10
KDCAjumbu10	kpʷ	-0.14	0	0
KDCAjumbu10	kx	-0.71	0	0
KDCAjumbu10	kʰ	-0.14	0	0
KDCAjumbu10	kʲ	3.79	18	68
KDCAjumbu10	kʷ	0.75	13	10
KDCAjumbu10	l	-0.12	28	-3
KDCAjumbu10	m	-2.21	45	-100
KDCAjumbu10	mʷ	1.78	5	9
KDCAjumbu10	n	0.43	115	49
KDCAjumbu10	nʷ	5.05	2	10
KDCAjumbu10	o	1.7	78	132
KDCAjumbu10	oː	-0.7	3	-2
KDCAjumbu10	p	-0.96	0	0
KDCAjumbu10	q	-0.14	0	0
KDCAjumbu10	r	-0.69	0	0
KDCAjumbu10	s	0.7	38	27
KDCAjumbu10	sʷ	-0.14	0	0
KDCAjumbu10	t	-1.34	35	-47
KDCAjumbu10	ts	-0.57	10	-6
KDCAjumbu10	tsʷ	-0.24	0	0
KDCAjumbu10	tsː	-0.14	0	0
KDCAjumbu10	tʃ	-1.32	3	-4
KDCAjumbu10	tʃʷ	2.51	2	5
KDCAjumbu10	tʰ	-0.24	0	0
KDCAjumbu10	tʲ	-0.35	0	0
KDCAjumbu10	tʷ	1.54	2	3
KDCAjumbu10	tˢ	-0.14	0	0
KDCAjumbu10	u	-0.23	20	-5
KDCAjumbu10	uʱ	1.9	5	10
KDCAjumbu10	uː	-0.95	0	0
KDCAjumbu10	uːʱ	-0.14	0	0
KDCAjumbu10	v	1.86	7	13
KDCAjumbu10	vʷ	5.21	3	16
KDCAjumbu10	w	-1.44	7	-10
KDCAjumbu10	z	0.56	30	17
KDCAjumbu10	zː	-0.14	0	0
KDCAjumbu10	²¹	-0.14	0	0
KDCAjumbu10	³	-1.19	30	-36
KDCAjumbu10	³¹	-0.2	0	0
KDCAjumbu10	³⁵	-0.14	0	0
KDCAjumbu10	¹	0.58	329	191
KDCAjumbu10	¹³	-0.76	0	0
KDCAjumbu10	¹⁵	-1.28	10	-13
KDCAjumbu10	ã	-0.44	0	0
KDCAjumbu10	ãː	-0.33	0	0
KDCAjumbu10	æ	-0.25	0	0
KDCAjumbu10	æː	-0.2	0	0
KDCAjumbu10	æ̃	-0.2	0	0
KDCAjumbu10	õ	-0.34	0	0
KDCAjumbu10	õː	-0.31	0	0
KDCAjumbu10	ø	1.01	5	5
KDCAjumbu10	øː	-0.28	0	0
KDCAjumbu10	ĩ	-0.26	0	0
KDCAjumbu10	ĩː	-0.14	0	0
KDCAjumbu10	ŋ	-1.18	50	-59
KDCAjumbu10	ŋm	-0.53	0	0
KDCAjumbu10	ŋmʷ	-0.14	0	0
KDCAjumbu10	ŋʷ	5.71	13	74
KDCAjumbu10	ŋˤ	-0.14	0	0
KDCAjumbu10	œ	-0.36	0	0
KDCAjumbu10	œː	-0.29	0	0
KDCAjumbu10	œ̃	-0.14	0	0
KDCAjumbu10	ũ	-0.28	0	0
KDCAjumbu10	ũʱ	-0.14	0	0
KDCAjumbu10	ũː	-0.24	0	0
KDCAjumbu10	ɑ	0.34	2	1
KDCAjumbu10	ɑː	-0.4	0	0
KDCAjumbu10	ɑ̃	-0.14	0	0
KDCAjumbu10	ɑ̃ː	-0.14	0	0
KDCAjumbu10	ɒ	-0.32	0	0
KDCAjumbu10	ɒː	-0.28	0	0
KDCAjumbu10	ɒ̃	-0.14	0	0
KDCAjumbu10	ɒ̃ː	-0.14	0	0
KDCAjumbu10	ɔ	-0.55	20	-11
KDCAjumbu10	ɔː	-0.46	2	-1
KDCAjumbu10	ɔ̃	-0.23	0	0
KDCAjumbu10	ɔ̃ː	-0.19	0	0
KDCAjumbu10	ɘ	0.36	2	1
KDCAjumbu10	ɘː	-0.29	0	0
KDCAjumbu10	ə	0.84	272	228
KDCAjumbu10	əː	-0.77	0	0
KDCAjumbu10	əˠ	-0.14	0	0
KDCAjumbu10	ə̃	-0.56	0	0
KDCAjumbu10	ə̃ː	-0.2	0	0
KDCAjumbu10	ɛ	-0.34	18	-6
KDCAjumbu10	ɛː	1.29	15	19
KDCAjumbu10	ɛ̃	-0.32	0	0
KDCAjumbu10	ɛ̃ː	-0.28	0	0
KDCAjumbu10	ɠ	-0.14	0	0
KDCAjumbu10	ɣ	0.07	7	1
KDCAjumbu10	ɥ	0.92	20	18
KDCAjumbu10	ɦ	-0.24	0	0
KDCAjumbu10	ɦː	-0.16	0	0
KDCAjumbu10	ɨ	0.29	3	1
KDCAjumbu10	ɨː	-0.34	0	0
KDCAjumbu10	ɨ̃	-0.24	0	0
KDCAjumbu10	ɪ	-0.92	23	-21
KDCAjumbu10	ɪː	-1.19	0	0
KDCAjumbu10	ɪ̃	-0.26	0	0
KDCAjumbu10	ɪ̃ː	-0.22	0	0
KDCAjumbu10	ɯ	-0.2	0	0
KDCAjumbu10	ɱ	-0.44	0	0
KDCAjumbu10	ɲ	2.97	68	202
KDCAjumbu10	ɲʲ	0.8	3	2
KDCAjumbu10	ɲʷ	1.35	2	3
KDCAjumbu10	ɳ	-0.14	0	0
KDCAjumbu10	ʃ	-0.5	12	-6
KDCAjumbu10	ʃʲ	-0.05	2	0
KDCAjumbu10	ʃʷ	-0.4	0	0
KDCAjumbu10	ʉ	-0.26	0	0
KDCAjumbu10	ʉʱ	-0.14	0	0
KDCAjumbu10	ʉː	-0.14	0	0
KDCAjumbu10	ʊ	-1.56	18	-28
KDCAjumbu10	ʊʱ	-0.47	0	0
KDCAjumbu10	ʊʱː	-0.14	0	0
KDCAjumbu10	ʊː	-0.9	0	0
KDCAjumbu10	ʊ̃	-0.38	0	0
KDCAjumbu10	ʊ̃ː	-0.33	0	0
KDCAjumbu10	ʊ̤	-0.14	0	0
KDCAjumbu10	ʒ	1.32	10	13
KDCAjumbu10	ʒʷ	-0.2	0	0
KDCAjumbu10	ʔ	0.27	15	4
KDCAjumbu10	β	-0.35	0	0
KDCAjumbu10	βʷ	-0.14	0	0
KDCAjumbu10	ẽ	-0.23	0	0
KDCAjumbu10	ẽː	-0.14	0	0
KDCAjumbu10	⁴⁵	-0.14	0	0
KDCAjumbu10	⁵	-0.64	265	-169
KDCAjumbu10	⁵³	-1.21	0	0
KDCAjumbu10	⁵¹	2.92	107	313
KDCAjumbu10	ⁿb	0.4	5	2
KDCAjumbu10	ⁿbʷ	-0.37	0	0
KDCAjumbu10	ⁿd	2.01	12	24
KDCAjumbu10	ⁿdʷ	-0.14	0	0
KDCAjumbu10	ⁿt	3.22	5	16
KDVFang1	a	-1.47	70	-103
KDVFang1	aː	-0.75	12	-9
KDVFang1	b	-0.61	59	-36
KDVFang1	bʷ	-0.91	0	0
KDVFang1	d	0.6	38	23
KDVFang1	dzʷ	-0.2	0	0
KDVFang1	dʒ	-0.73	8	-6
KDVFang1	dʒʷ	-0.22	0	0
KDVFang1	dʷ	-0.19	0	0
KDVFang1	e	-0.24	16	-4
KDVFang1	eː	-0.73	1	-1
KDVFang1	f	1.42	76	108
KDVFang1	fʲ	-0.6	0	0
KDVFang1	fʷ	-0.59	0	0
KDVFang1	g	1.53	34	52
KDVFang1	gb	1.35	16	22
KDVFang1	gʷ	-0.31	0	0
KDVFang1	h	-0.6	3	-2
KDVFang1	i	-0.99	22	-22
KDVFang1	iː	-0.84	3	-3
KDVFang1	j	0.62	48	30
KDVFang1	k	0.26	115	30
KDVFang1	kp	0.76	20	15
KDVFang1	kpʳʷ	-0.2	0	0
KDVFang1	kpʷ	-0.14	0	0
KDVFang1	kx	2.66	9	24
KDVFang1	kʰ	-0.14	0	0
KDVFang1	kʲ	-0.4	0	0
KDVFang1	kʷ	-0.69	0	0
KDVFang1	l	2.26	61	138
KDVFang1	m	-0.01	91	-1
KDVFang1	mʷ	-0.56	0	0
KDVFang1	n	0.08	107	9
KDVFang1	nʷ	-0.2	0	0
KDVFang1	o	-1.01	16	-16
KDVFang1	oː	-0.81	2	-2
KDVFang1	p	-0.61	1	-1
KDVFang1	q	-0.14	0	0
KDVFang1	r	-0.69	0	0
KDVFang1	s	1.45	49	71
KDVFang1	sʷ	-0.14	0	0
KDVFang1	t	-0.7	41	-29
KDVFang1	ts	-0.09	17	-1
KDVFang1	tsʷ	-0.24	0	0
KDVFang1	tsː	-0.14	0	0
KDVFang1	tʃ	0.85	18	15
KDVFang1	tʃʷ	-0.41	0	0
KDVFang1	tʰ	-0.24	0	0
KDVFang1	tʲ	-0.35	0	0
KDVFang1	tʷ	-0.43	0	0
KDVFang1	tˢ	-0.14	0	0
KDVFang1	u	0.94	34	32
KDVFang1	uʱ	0.0	1	0
KDVFang1	uː	-0.95	0	0
KDVFang1	uːʱ	-0.14	0	0
KDVFang1	v	0.87	4	3
KDVFang1	vʷ	-0.24	0	0
KDVFang1	w	0.96	48	46
KDVFang1	z	-0.6	14	-8
KDVFang1	zː	-0.14	0	0
KDVFang1	²¹	-0.14	0	0
KDVFang1	³	1.24	102	126
KDVFang1	³¹	-0.2	0	0
KDVFang1	³⁵	-0.14	0	0
KDVFang1	¹	-0.24	275	-66
KDVFang1	¹³	-0.09	1	0
KDVFang1	¹⁵	-0.45	25	-11
KDVFang1	ã	0.07	1	0
KDVFang1	ãː	-0.33	0	0
KDVFang1	æ	-0.25	0	0
KDVFang1	æː	-0.2	0	0
KDVFang1	æ̃	-0.2	0	0
KDVFang1	õ	1.22	2	2
KDVFang1	õː	-0.31	0	0
KDVFang1	ø	-0.54	0	0
KDVFang1	øː	-0.28	0	0
KDVFang1	ĩ	-0.26	0	0
KDVFang1	ĩː	-0.14	0	0
KDVFang1	ŋ	1.2	112	135
KDVFang1	ŋm	2.84	13	37
KDVFang1	ŋmʷ	-0.14	0	0
KDVFang1	ŋʷ	-0.34	0	0
KDVFang1	ŋˤ	-0.14	0	0
KDVFang1	œ	-0.05	1	0
KDVFang1	œː	-0.29	0	0
KDVFang1	œ̃	-0.14	0	0
KDVFang1	ũ	-0.28	0	0
KDVFang1	ũʱ	-0.14	0	0
KDVFang1	ũː	-0.24	0	0
KDVFang1	ɑ	2.76	8	22
KDVFang1	ɑː	1.01	1	1
KDVFang1	ɑ̃	-0.14	0	0
KDVFang1	ɑ̃ː	7.21	1	7
KDVFang1	ɒ	-0.14	1	0
KDVFang1	ɒː	-0.28	0	0
KDVFang1	ɒ̃	-0.14	0	0
KDVFang1	ɒ̃ː	-0.14	0	0
KDVFang1	ɔ	-0.26	24	-6
KDVFang1	ɔː	-0.94	0	0
KDVFang1	ɔ̃	-0.23	0	0
KDVFang1	ɔ̃ː	-0.19	0	0
KDVFang1	ɘ	-0.34	0	0
KDVFang1	ɘː	-0.29	0	0
KDVFang1	ə	1.78	364	647
KDVFang1	əː	-0.64	1	-1
KDVFang1	əˠ	-0.14	0	0
KDVFang1	ə̃	-0.56	0	0
KDVFang1	ə̃ː	-0.2	0	0
KDVFang1	ɛ	-0.3	19	-6
KDVFang1	ɛː	0.49	10	5
KDVFang1	ɛ̃	0.93	2	2
KDVFang1	ɛ̃ː	-0.28	0	0
KDVFang1	ɠ	-0.14	0	0
KDVFang1	ɣ	0.83	17	14
KDVFang1	ɥ	-0.61	0	0
KDVFang1	ɦ	-0.24	0	0
KDVFang1	ɦː	-0.16	0	0
KDVFang1	ɨ	2.88	11	32
KDVFang1	ɨː	2.22	1	2
KDVFang1	ɨ̃	-0.24	0	0
KDVFang1	ɪ	-0.87	25	-22
KDVFang1	ɪː	-0.04	3	0
KDVFang1	ɪ̃	-0.26	0	0
KDVFang1	ɪ̃ː	-0.22	0	0
KDVFang1	ɯ	5.05	1	5
KDVFang1	ɱ	-0.44	0	0
KDVFang1	ɲ	-1.09	5	-5
KDVFang1	ɲʲ	-0.79	0	0
KDVFang1	ɲʷ	-0.4	0	0
KDVFang1	ɳ	-0.14	0	0
KDVFang1	ʃ	-0.78	9	-7
KDVFang1	ʃʲ	-0.59	0	0
KDVFang1	ʃʷ	-0.4	0	0
KDVFang1	ʉ	1.68	1	2
KDVFang1	ʉʱ	-0.14	0	0
KDVFang1	ʉː	-0.14	0	0
KDVFang1	ʊ	-0.86	40	-34
KDVFang1	ʊʱ	-0.47	0	0
KDVFang1	ʊʱː	-0.14	0	0
KDVFang1	ʊː	-0.5	3	-1
KDVFang1	ʊ̃	-0.38	0	0
KDVFang1	ʊ̃ː	-0.33	0	0
KDVFang1	ʊ̤	-0.14	0	0
KDVFang1	ʒ	-0.02	3	0
KDVFang1	ʒʷ	-0.2	0	0
KDVFang1	ʔ	-0.5	0	0
KDVFang1	β	-0.35	0	0
KDVFang1	βʷ	-0.14	0	0
KDVFang1	ẽ	-0.23	0	0
KDVFang1	ẽː	-0.14	0	0
KDVFang1	⁴⁵	-0.14	0	0
KDVFang1	⁵	-1.24	235	-292
KDVFang1	⁵³	0.39	19	7
KDVFang1	⁵¹	-0.65	39	-25
KDVFang1	ⁿb	-0.37	0	0
KDVFang1	ⁿbʷ	-0.37	0	0
KDVFang1	ⁿd	-0.45	0	0
KDVFang1	ⁿdʷ	-0.14	0	0
KDVFang1	ⁿt	-0.4	0	0
KEMBuu1	a	-1.62	64	-104
KEMBuu1	aː	0.68	29	20
KEMBuu1	b	-0.72	57	-41
KEMBuu1	bʷ	-0.91	0	0
KEMBuu1	d	0.66	39	26
KEMBuu1	dzʷ	-0.2	0	0
KEMBuu1	dʒ	0.26	20	5
KEMBuu1	dʒʷ	-0.22	0	0
KEMBuu1	dʷ	-0.19	0	0
KEMBuu1	e	-0.45	13	-6
KEMBuu1	eː	0.5	10	5
KEMBuu1	f	0.03	52	2
KEMBuu1	fʲ	-0.6	0	0
KEMBuu1	fʷ	-0.59	0	0
KEMBuu1	g	0.11	18	2
KEMBuu1	gb	1.82	18	33
KEMBuu1	gʷ	-0.31	0	0
KEMBuu1	h	-0.75	0	0
KEMBuu1	i	-0.85	27	-23
KEMBuu1	iː	0.22	8	2
KEMBuu1	j	1.08	56	61
KEMBuu1	k	1.62	161	261
KEMBuu1	kp	-0.51	12	-6
KEMBuu1	kpʳʷ	-0.2	0	0
KEMBuu1	kpʷ	-0.14	0	0
KEMBuu1	kx	0.42	3	1
KEMBuu1	kʰ	-0.14	0	0
KEMBuu1	kʲ	-0.4	0	0
KEMBuu1	kʷ	-0.69	0	0
KEMBuu1	l	-0.48	23	-11
KEMBuu1	m	0.13	94	12
KEMBuu1	mʷ	-0.56	0	0
KEMBuu1	n	1.66	144	240
KEMBuu1	nʷ	-0.2	0	0
KEMBuu1	o	-0.45	29	-13
KEMBuu1	oː	0.93	18	17
KEMBuu1	p	2.84	11	31
KEMBuu1	q	-0.14	0	0
KEMBuu1	r	0.0	1	0
KEMBuu1	s	1.66	52	86
KEMBuu1	sʷ	-0.14	0	0
KEMBuu1	t	0.48	52	25
KEMBuu1	ts	-0.09	17	-1
KEMBuu1	tsʷ	-0.24	0	0
KEMBuu1	tsː	-0.14	0	0
KEMBuu1	tʃ	0.27	14	4
KEMBuu1	tʃʷ	-0.41	0	0
KEMBuu1	tʰ	-0.24	0	0
KEMBuu1	tʲ	-0.35	0	0
KEMBuu1	tʷ	-0.43	0	0
KEMBuu1	tˢ	-0.14	0	0
KEMBuu1	u	-0.48	17	-8
KEMBuu1	uʱ	-0.48	0	0
KEMBuu1	uː	-0.26	2	-1
KEMBuu1	uːʱ	-0.14	0	0
KEMBuu1	v	-0.45	0	0
KEMBuu1	vʷ	-0.24	0	0
KEMBuu1	w	0.2	35	7
KEMBuu1	z	-0.6	14	-8
KEMBuu1	zː	-0.14	0	0
KEMBuu1	²¹	-0.14	0	0
KEMBuu1	³	-1.03	35	-36
KEMBuu1	³¹	-0.2	0	0
KEMBuu1	³⁵	-0.14	0	0
KEMBuu1	¹	-0.89	232	-207
KEMBuu1	¹³	1.25	3	4
KEMBuu1	¹⁵	-0.56	23	-13
KEMBuu1	ã	-0.44	0	0
KEMBuu1	ãː	1.88	1	2
KEMBuu1	æ	-0.25	0	0
KEMBuu1	æː	-0.2	0	0
KEMBuu1	æ̃	-0.2	0	0
KEMBuu1	õ	-0.34	0	0
KEMBuu1	õː	4.56	3	14
KEMBuu1	ø	-0.23	1	0
KEMBuu1	øː	-0.28	0	0
KEMBuu1	ĩ	0.31	1	0
KEMBuu1	ĩː	-0.14	0	0
KEMBuu1	ŋ	0.01	81	1
KEMBuu1	ŋm	-0.53	0	0
KEMBuu1	ŋmʷ	-0.14	0	0
KEMBuu1	ŋʷ	-0.34	0	0
KEMBuu1	ŋˤ	-0.14	0	0
KEMBuu1	œ	-0.36	0	0
KEMBuu1	œː	-0.29	0	0
KEMBuu1	œ̃	-0.14	0	0
KEMBuu1	ũ	-0.28	0	0
KEMBuu1	ũʱ	-0.14	0	0
KEMBuu1	ũː	-0.24	0	0
KEMBuu1	ɑ	-0.47	0	0
KEMBuu1	ɑː	-0.4	0	0
KEMBuu1	ɑ̃	-0.14	0	0
KEMBuu1	ɑ̃ː	-0.14	0	0
KEMBuu1	ɒ	-0.32	0	0
KEMBuu1	ɒː	-0.28	0	0
KEMBuu1	ɒ̃	-0.14	0	0
KEMBuu1	ɒ̃ː	-0.14	0	0
KEMBuu1	ɔ	-1.06	13	-14
KEMBuu1	ɔː	-0.46	2	-1
KEMBuu1	ɔ̃	-0.23	0	0
KEMBuu1	ɔ̃ː	3.12	1	3
KEMBuu1	ɘ	-0.34	0	0
KEMBuu1	ɘː	-0.29	0	0
KEMBuu1	ə	1.7	356	604
KEMBuu1	əː	0.03	6	0
KEMBuu1	əˠ	-0.14	0	0
KEMBuu1	ə̃	0.58	1	1
KEMBuu1	ə̃ː	5.05	2	10
KEMBuu1	ɛ	-0.62	11	-7
KEMBuu1	ɛː	-0.63	3	-2
KEMBuu1	ɛ̃	-0.32	0	0
KEMBuu1	ɛ̃ː	-0.28	0	0
KEMBuu1	ɠ	-0.14	0	0
KEMBuu1	ɣ	-0.39	1	0
KEMBuu1	ɥ	-0.61	0	0
KEMBuu1	ɦ	-0.24	0	0
KEMBuu1	ɦː	-0.16	0	0
KEMBuu1	ɨ	-0.68	0	0
KEMBuu1	ɨː	-0.34	0	0
KEMBuu1	ɨ̃	-0.24	0	0
KEMBuu1	ɪ	-0.73	31	-23
KEMBuu1	ɪː	2.24	9	20
KEMBuu1	ɪ̃	2.28	2	5
KEMBuu1	ɪ̃ː	-0.22	0	0
KEMBuu1	ɯ	-0.2	0	0
KEMBuu1	ɱ	-0.44	0	0
KEMBuu1	ɲ	-0.57	13	-7
KEMBuu1	ɲʲ	-0.79	0	0
KEMBuu1	ɲʷ	-0.4	0	0
KEMBuu1	ɳ	-0.14	0	0
KEMBuu1	ʃ	0.33	21	7
KEMBuu1	ʃʲ	-0.59	0	0
KEMBuu1	ʃʷ	0.53	1	1
KEMBuu1	ʉ	-0.26	0	0
KEMBuu1	ʉʱ	-0.14	0	0
KEMBuu1	ʉː	-0.14	0	0
KEMBuu1	ʊ	-1.27	27	-34
KEMBuu1	ʊʱ	0.85	2	2
KEMBuu1	ʊʱː	-0.14	0	0
KEMBuu1	ʊː	1.0	14	14
KEMBuu1	ʊ̃	-0.38	0	0
KEMBuu1	ʊ̃ː	-0.33	0	0
KEMBuu1	ʊ̤	-0.14	0	0
KEMBuu1	ʒ	-0.6	0	0
KEMBuu1	ʒʷ	-0.2	0	0
KEMBuu1	ʔ	-0.5	0	0
KEMBuu1	β	-0.35	0	0
KEMBuu1	βʷ	-0.14	0	0
KEMBuu1	ẽ	-0.23	0	0
KEMBuu1	ẽː	-0.14	0	0
KEMBuu1	⁴⁵	-0.14	0	0
KEMBuu1	⁵	1.12	352	395
KEMBuu1	⁵³	0.39	19	7
KEMBuu1	⁵¹	0.14	54	7
KEMBuu1	ⁿb	-0.37	0	0
KEMBuu1	ⁿbʷ	-0.37	0	0
KEMBuu1	ⁿd	-0.45	0	0
KEMBuu1	ⁿdʷ	-0.14	0	0
KEMBuu1	ⁿt	-0.4	0	0
KFKMashi1	a	1.34	182	244
KFKMashi1	aː	-0.66	13	-9
KFKMashi1	b	0.01	71	1
KFKMashi1	bʷ	-0.66	1	-1
KFKMashi1	d	1.78	58	103
KFKMashi1	dzʷ	-0.2	0	0
KFKMashi1	dʒ	-0.48	11	-5
KFKMashi1	dʒʷ	-0.22	0	0
KFKMashi1	dʷ	-0.19	0	0
KFKMashi1	e	0.52	27	14
KFKMashi1	eː	0.09	7	1
KFKMashi1	f	-0.09	50	-4
KFKMashi1	fʲ	-0.6	0	0
KFKMashi1	fʷ	-0.59	0	0
KFKMashi1	g	0.73	25	18
KFKMashi1	gb	-0.52	8	-4
KFKMashi1	gʷ	-0.31	0	0
KFKMashi1	h	-0.75	0	0
KFKMashi1	i	0.32	67	21
KFKMashi1	iː	-0.84	3	-3
KFKMashi1	j	0.11	39	4
KFKMashi1	k	-0.75	81	-61
KFKMashi1	kp	-0.04	15	-1
KFKMashi1	kpʳʷ	-0.2	0	0
KFKMashi1	kpʷ	-0.14	0	0
KFKMashi1	kx	0.04	2	0
KFKMashi1	kʰ	-0.14	0	0
KFKMashi1	kʲ	-0.4	0	0
KFKMashi1	kʷ	-0.69	0	0
KFKMashi1	l	-0.19	27	-5
KFKMashi1	m	0.66	105	69
KFKMashi1	mʷ	-0.56	0	0
KFKMashi1	n	0.81	124	100
KFKMashi1	nʷ	-0.2	0	0
KFKMashi1	o	-0.18	35	-6
KFKMashi1	oː	-0.59	4	-2
KFKMashi1	p	2.15	9	19
KFKMashi1	q	-0.14	0	0
KFKMashi1	r	2.75	5	14
KFKMashi1	s	-0.19	25	-5
KFKMashi1	sʷ	-0.14	0	0
KFKMashi1	t	1.66	63	104
KFKMashi1	ts	0.88	31	27
KFKMashi1	tsʷ	-0.24	0	0
KFKMashi1	tsː	-0.14	0	0
KFKMashi1	tʃ	1.14	20	23
KFKMashi1	tʃʷ	-0.41	0	0
KFKMashi1	tʰ	-0.24	0	0
KFKMashi1	tʲ	-0.35	0	0
KFKMashi1	tʷ	0.56	1	1
KFKMashi1	tˢ	-0.14	0	0
KFKMashi1	u	-0.31	19	-6
KFKMashi1	uʱ	-0.48	0	0
KFKMashi1	uː	-0.95	0	0
KFKMashi1	uːʱ	-0.14	0	0
KFKMashi1	v	-0.45	0	0
KFKMashi1	vʷ	-0.24	0	0
KFKMashi1	w	1.83	63	116
KFKMashi1	z	1.44	42	60
KFKMashi1	zː	-0.14	0	0
KFKMashi1	²¹	-0.14	0	0
KFKMashi1	³	0.6	83	49
KFKMashi1	³¹	-0.2	0	0
KFKMashi1	³⁵	-0.14	0	0
KFKMashi1	¹	-1.54	189	-292
KFKMashi1	¹³	-0.09	1	0
KFKMashi1	¹⁵	0.66	45	30
KFKMashi1	ã	-0.44	0	0
KFKMashi1	ãː	-0.33	0	0
KFKMashi1	æ	-0.25	0	0
KFKMashi1	æː	-0.2	0	0
KFKMashi1	æ̃	-0.2	0	0
KFKMashi1	õ	-0.34	0	0
KFKMashi1	õː	-0.31	0	0
KFKMashi1	ø	-0.54	0	0
KFKMashi1	øː	-0.28	0	0
KFKMashi1	ĩ	-0.26	0	0
KFKMashi1	ĩː	-0.14	0	0
KFKMashi1	ŋ	0.4	91	36
KFKMashi1	ŋm	-0.01	2	0
KFKMashi1	ŋmʷ	-0.14	0	0
KFKMashi1	ŋʷ	-0.34	0	0
KFKMashi1	ŋˤ	-0.14	0	0
KFKMashi1	œ	-0.36	0	0
KFKMashi1	œː	-0.29	0	0
KFKMashi1	œ̃	-0.14	0	0
KFKMashi1	ũ	-0.28	0	0
KFKMashi1	ũʱ	-0.14	0	0
KFKMashi1	ũː	-0.24	0	0
KFKMashi1	ɑ	-0.47	0	0
KFKMashi1	ɑː	-0.4	0	0
KFKMashi1	ɑ̃	-0.14	0	0
KFKMashi1	ɑ̃ː	-0.14	0	0
KFKMashi1	ɒ	-0.32	0	0
KFKMashi1	ɒː	-0.28	0	0
KFKMashi1	ɒ̃	-0.14	0	0
KFKMashi1	ɒ̃ː	-0.14	0	0
KFKMashi1	ɔ	0.33	32	10
KFKMashi1	ɔː	-0.46	2	-1
KFKMashi1	ɔ̃	-0.23	0	0
KFKMashi1	ɔ̃ː	-0.19	0	0
KFKMashi1	ɘ	-0.34	0	0
KFKMashi1	ɘː	-0.29	0	0
KFKMashi1	ə	-0.39	152	-59
KFKMashi1	əː	-0.51	2	-1
KFKMashi1	əˠ	-0.14	0	0
KFKMashi1	ə̃	-0.56	0	0
KFKMashi1	ə̃ː	-0.2	0	0
KFKMashi1	ɛ	-1.01	1	-1
KFKMashi1	ɛː	-0.94	1	-1
KFKMashi1	ɛ̃	-0.32	0	0
KFKMashi1	ɛ̃ː	-0.28	0	0
KFKMashi1	ɠ	-0.14	0	0
KFKMashi1	ɣ	0.07	7	1
KFKMashi1	ɥ	-0.61	0	0
KFKMashi1	ɦ	-0.24	0	0
KFKMashi1	ɦː	-0.16	0	0
KFKMashi1	ɨ	-0.68	0	0
KFKMashi1	ɨː	-0.34	0	0
KFKMashi1	ɨ̃	-0.24	0	0
KFKMashi1	ɪ	-0.14	56	-8
KFKMashi1	ɪː	-0.04	3	0
KFKMashi1	ɪ̃	-0.26	0	0
KFKMashi1	ɪ̃ː	-0.22	0	0
KFKMashi1	ɯ	-0.2	0	0
KFKMashi1	ɱ	-0.44	0	0
KFKMashi1	ɲ	-0.19	19	-4
KFKMashi1	ɲʲ	-0.79	0	0
KFKMashi1	ɲʷ	-0.4	0	0
KFKMashi1	ɳ	-0.14	0	0
KFKMashi1	ʃ	0.24	20	5
KFKMashi1	ʃʲ	-0.59	0	0
KFKMashi1	ʃʷ	-0.4	0	0
KFKMashi1	ʉ	-0.26	0	0
KFKMashi1	ʉʱ	-0.14	0	0
KFKMashi1	ʉː	-0.14	0	0
KFKMashi1	ʊ	0.59	85	51
KFKMashi1	ʊʱ	0.19	1	0
KFKMashi1	ʊʱː	-0.14	0	0
KFKMashi1	ʊː	-0.63	2	-1
KFKMashi1	ʊ̃	-0.38	0	0
KFKMashi1	ʊ̃ː	-0.33	0	0
KFKMashi1	ʊ̤	-0.14	0	0
KFKMashi1	ʒ	-0.6	0	0
KFKMashi1	ʒʷ	-0.2	0	0
KFKMashi1	ʔ	-0.45	1	0
KFKMashi1	β	-0.35	0	0
KFKMashi1	βʷ	7.21	1	7
KFKMashi1	ẽ	-0.23	0	0
KFKMashi1	ẽː	-0.14	0	0
KFKMashi1	⁴⁵	-0.14	0	0
KFKMashi1	⁵	1.1	351	387
KFKMashi1	⁵³	-0.62	7	-4
KFKMashi1	⁵¹	-0.6	40	-24
KFKMashi1	ⁿb	-0.37	0	0
KFKMashi1	ⁿbʷ	-0.37	0	0
KFKMashi1	ⁿd	-0.45	0	0
KFKMashi1	ⁿdʷ	-0.14	0	0
KFKMashi1	ⁿt	-0.4	0	0
KHKFang12	a	-1.82	56	-102
KHKFang12	aː	-0.58	14	-8
KHKFang12	b	0.11	73	8
KHKFang12	bʷ	0.1	4	0
KHKFang12	d	-0.46	20	-9
KHKFang12	dzʷ	-0.2	0	0
KHKFang12	dʒ	-0.24	14	-3
KHKFang12	dʒʷ	0.62	2	1
KHKFang12	dʷ	3.12	2	6
KHKFang12	e	0.17	22	4
KHKFang12	eː	0.37	9	3
KHKFang12	f	-0.49	43	-21
KHKFang12	fʲ	1.54	5	8
KHKFang12	fʷ	-0.59	0	0
KHKFang12	g	1.09	29	32
KHKFang12	gb	-0.29	9	-3
KHKFang12	gʷ	0.95	5	5
KHKFang12	h	-0.75	0	0
KHKFang12	i	-1.05	20	-21
KHKFang12	iː	-0.42	5	-2
KHKFang12	j	-0.07	36	-2
KHKFang12	k	-0.54	88	-48
KHKFang12	kp	-0.67	11	-7
KHKFang12	kpʳʷ	-0.2	0	0
KHKFang12	kpʷ	-0.14	0	0
KHKFang12	kx	1.91	7	13
KHKFang12	kʰ	-0.14	0	0
KHKFang12	kʲ	0.07	2	0
KHKFang12	kʷ	0.53	11	6
KHKFang12	l	3.27	75	245
KHKFang12	m	1.18	116	137
KHKFang12	mʷ	-0.56	0	0
KHKFang12	n	-0.52	93	-48
KHKFang12	nʷ	-0.2	0	0
KHKFang12	o	-1.23	11	-14
KHKFang12	oː	-0.59	4	-2
KHKFang12	p	-0.96	0	0
KHKFang12	q	-0.14	0	0
KHKFang12	r	-0.69	0	0
KHKFang12	s	0.15	30	5
KHKFang12	sʷ	-0.14	0	0
KHKFang12	t	1.44	61	88
KHKFang12	ts	0.46	25	12
KHKFang12	tsʷ	-0.24	0	0
KHKFang12	tsː	-0.14	0	0
KHKFang12	tʃ	-0.45	9	-4
KHKFang12	tʃʷ	2.51	2	5
KHKFang12	tʰ	-0.24	0	0
KHKFang12	tʲ	-0.35	0	0
KHKFang12	tʷ	-0.43	0	0
KHKFang12	tˢ	7.21	2	14
KHKFang12	u	1.53	41	63
KHKFang12	uʱ	-0.48	0	0
KHKFang12	uː	-0.26	2	-1
KHKFang12	uːʱ	-0.14	0	0
KHKFang12	v	1.2	5	6
KHKFang12	vʷ	-0.24	0	0
KHKFang12	w	-0.79	18	-14
KHKFang12	z	-0.82	11	-9
KHKFang12	zː	-0.14	0	0
KHKFang12	²¹	-0.14	0	0
KHKFang12	³	0.32	75	24
KHKFang12	³¹	-0.2	0	0
KHKFang12	³⁵	-0.14	0	0
KHKFang12	¹	-0.25	274	-70
KHKFang12	¹³	0.58	2	1
KHKFang12	¹⁵	1.05	52	55
KHKFang12	ã	-0.44	0	0
KHKFang12	ãː	-0.33	0	0
KHKFang12	æ	-0.25	0	0
KHKFang12	æː	-0.2	0	0
KHKFang12	æ̃	-0.2	0	0
KHKFang12	õ	-0.34	0	0
KHKFang12	õː	-0.31	0	0
KHKFang12	ø	0.08	2	0
KHKFang12	øː	6.32	4	25
KHKFang12	ĩ	-0.26	0	0
KHKFang12	ĩː	-0.14	0	0
KHKFang12	ŋ	-1.03	54	-55
KHKFang12	ŋm	4.13	18	74
KHKFang12	ŋmʷ	-0.14	0	0
KHKFang12	ŋʷ	-0.34	0	0
KHKFang12	ŋˤ	-0.14	0	0
KHKFang12	œ	-0.36	0	0
KHKFang12	œː	-0.29	0	0
KHKFang12	œ̃	-0.14	0	0
KHKFang12	ũ	-0.28	0	0
KHKFang12	ũʱ	-0.14	0	0
KHKFang12	ũː	-0.24	0	0
KHKFang12	ɑ	-0.47	0	0
KHKFang12	ɑː	5.23	4	21
KHKFang12	ɑ̃	-0.14	0	0
KHKFang12	ɑ̃ː	-0.14	0	0
KHKFang12	ɒ	0.55	5	3
KHKFang12	ɒː	2.85	13	37
KHKFang12	ɒ̃	-0.14	0	0
KHKFang12	ɒ̃ː	-0.14	0	0
KHKFang12	ɔ	-0.84	16	-13
KHKFang12	ɔː	-0.46	2	-1
KHKFang12	ɔ̃	-0.23	0	0
KHKFang12	ɔ̃ː	-0.19	0	0
KHKFang12	ɘ	2.82	9	25
KHKFang12	ɘː	3.83	9	34
KHKFang12	ə	1.53	340	521
KHKFang12	əː	3.8	34	129
KHKFang12	əˠ	-0.14	0	0
KHKFang12	ə̃	-0.56	0	0
KHKFang12	ə̃ː	-0.2	0	0
KHKFang12	ɛ	-0.42	16	-7
KHKFang12	ɛː	0.65	11	7
KHKFang12	ɛ̃	-0.32	0	0
KHKFang12	ɛ̃ː	-0.28	0	0
KHKFang12	ɠ	-0.14	0	0
KHKFang12	ɣ	0.38	11	4
KHKFang12	ɥ	-0.46	2	-1
KHKFang12	ɦ	-0.24	0	0
KHKFang12	ɦː	-0.16	0	0
KHKFang12	ɨ	1.59	7	11
KHKFang12	ɨː	-0.34	0	0
KHKFang12	ɨ̃	-0.24	0	0
KHKFang12	ɪ	-1.13	14	-16
KHKFang12	ɪː	0.34	4	1
KHKFang12	ɪ̃	-0.26	0	0
KHKFang12	ɪ̃ː	-0.22	0	0
KHKFang12	ɯ	-0.2	0	0
KHKFang12	ɱ	-0.44	0	0
KHKFang12	ɲ	-1.09	5	-5
KHKFang12	ɲʲ	2.92	7	20
KHKFang12	ɲʷ	-0.4	0	0
KHKFang12	ɳ	-0.14	0	0
KHKFang12	ʃ	-1.24	4	-5
KHKFang12	ʃʲ	-0.59	0	0
KHKFang12	ʃʷ	-0.4	0	0
KHKFang12	ʉ	3.62	2	7
KHKFang12	ʉʱ	-0.14	0	0
KHKFang12	ʉː	7.21	2	14
KHKFang12	ʊ	-0.47	52	-24
KHKFang12	ʊʱ	-0.47	0	0
KHKFang12	ʊʱː	-0.14	0	0
KHKFang12	ʊː	0.59	11	7
KHKFang12	ʊ̃	-0.38	0	0
KHKFang12	ʊ̃ː	-0.33	0	0
KHKFang12	ʊ̤	-0.14	0	0
KHKFang12	ʒ	1.51	11	17
KHKFang12	ʒʷ	-0.2	0	0
KHKFang12	ʔ	-0.5	0	0
KHKFang12	β	-0.35	0	0
KHKFang12	βʷ	-0.14	0	0
KHKFang12	ẽ	-0.23	0	0
KHKFang12	ẽː	-0.14	0	0
KHKFang12	⁴⁵	-0.14	0	0
KHKFang12	⁵	-0.56	269	-150
KHKFang12	⁵³	0.65	22	14
KHKFang12	⁵¹	-0.34	45	-15
KHKFang12	ⁿb	2.99	22	66
KHKFang12	ⁿbʷ	-0.37	0	0
KHKFang12	ⁿd	0.57	5	3
KHKFang12	ⁿdʷ	-0.14	0	0
KHKFang12	ⁿt	2.5	4	10
KJSFang2	a	-2.02	48	-97
KJSFang2	aː	-0.91	10	-9
KJSFang2	b	-0.56	60	-34
KJSFang2	bʷ	-0.91	0	0
KJSFang2	d	0.48	36	17
KJSFang2	dzʷ	-0.2	0	0
KJSFang2	dʒ	-0.73	8	-6
KJSFang2	dʒʷ	-0.22	0	0
KJSFang2	dʷ	-0.19	0	0
KJSFang2	e	0.24	23	6
KJSFang2	eː	-0.32	4	-1
KJSFang2	f	0.67	63	42
KJSFang2	fʲ	-0.6	0	0
KJSFang2	fʷ	-0.59	0	0
KJSFang2	g	1.09	29	32
KJSFang2	gb	-0.29	9	-3
KJSFang2	gʷ	-0.06	1	0
KJSFang2	h	-0.75	0	0
KJSFang2	i	-0.93	24	-22
KJSFang2	iː	0.22	8	2
KJSFang2	j	0.22	41	9
KJSFang2	k	0.2	113	22
KJSFang2	kp	-0.51	12	-6
KJSFang2	kpʳʷ	-0.2	0	0
KJSFang2	kpʷ	-0.14	0	0
KJSFang2	kx	3.03	10	30
KJSFang2	kʰ	-0.14	0	0
KJSFang2	kʲ	-0.4	0	0
KJSFang2	kʷ	-0.69	0	0
KJSFang2	l	2.69	67	181
KJSFang2	m	0.27	97	27
KJSFang2	mʷ	-0.56	0	0
KJSFang2	n	0.81	124	100
KJSFang2	nʷ	-0.2	0	0
KJSFang2	o	-0.49	28	-14
KJSFang2	oː	-0.81	2	-2
KJSFang2	p	-0.61	1	-1
KJSFang2	q	-0.14	0	0
KJSFang2	r	0.69	2	1
KJSFang2	s	1.45	49	71
KJSFang2	sʷ	-0.14	0	0
KJSFang2	t	1.01	57	58
KJSFang2	ts	-0.16	16	-3
KJSFang2	tsʷ	-0.24	0	0
KJSFang2	tsː	-0.14	0	0
KJSFang2	tʃ	1.0	19	19
KJSFang2	tʃʷ	-0.41	0	0
KJSFang2	tʰ	-0.24	0	0
KJSFang2	tʲ	-0.35	0	0
KJSFang2	tʷ	-0.43	0	0
KJSFang2	tˢ	-0.14	0	0
KJSFang2	u	1.78	44	78
KJSFang2	uʱ	0.0	1	0
KJSFang2	uː	-0.6	1	-1
KJSFang2	uːʱ	-0.14	0	0
KJSFang2	v	0.87	4	3
KJSFang2	vʷ	-0.24	0	0
KJSFang2	w	0.67	43	29
KJSFang2	z	-0.46	16	-7
KJSFang2	zː	-0.14	0	0
KJSFang2	²¹	-0.14	0	0
KJSFang2	³	1.27	103	131
KJSFang2	³¹	-0.2	0	0
KJSFang2	³⁵	-0.14	0	0
KJSFang2	¹	-0.53	256	-135
KJSFang2	¹³	3.26	6	20
KJSFang2	¹⁵	-0.51	24	-12
KJSFang2	ã	0.07	1	0
KJSFang2	ãː	-0.33	0	0
KJSFang2	æ	-0.25	0	0
KJSFang2	æː	-0.2	0	0
KJSFang2	æ̃	-0.2	0	0
KJSFang2	õ	0.44	1	0
KJSFang2	õː	-0.31	0	0
KJSFang2	ø	0.39	3	1
KJSFang2	øː	-0.28	0	0
KJSFang2	ĩ	-0.26	0	0
KJSFang2	ĩː	-0.14	0	0
KJSFang2	ŋ	0.44	92	40
KJSFang2	ŋm	2.58	12	31
KJSFang2	ŋmʷ	-0.14	0	0
KJSFang2	ŋʷ	-0.34	0	0
KJSFang2	ŋˤ	-0.14	0	0
KJSFang2	œ	-0.05	1	0
KJSFang2	œː	-0.29	0	0
KJSFang2	œ̃	-0.14	0	0
KJSFang2	ũ	-0.28	0	0
KJSFang2	ũʱ	-0.14	0	0
KJSFang2	ũː	-0.24	0	0
KJSFang2	ɑ	0.74	3	2
KJSFang2	ɑː	1.01	1	1
KJSFang2	ɑ̃	-0.14	0	0
KJSFang2	ɑ̃ː	-0.14	0	0
KJSFang2	ɒ	-0.32	0	0
KJSFang2	ɒː	-0.04	1	0
KJSFang2	ɒ̃	-0.14	0	0
KJSFang2	ɒ̃ː	-0.14	0	0
KJSFang2	ɔ	0.03	28	1
KJSFang2	ɔː	-0.94	0	0
KJSFang2	ɔ̃	-0.23	0	0
KJSFang2	ɔ̃ː	-0.19	0	0
KJSFang2	ɘ	-0.34	0	0
KJSFang2	ɘː	-0.29	0	0
KJSFang2	ə	1.86	372	692
KJSFang2	əː	-0.24	4	-1
KJSFang2	əˠ	-0.14	0	0
KJSFang2	ə̃	-0.56	0	0
KJSFang2	ə̃ː	-0.2	0	0
KJSFang2	ɛ	-0.5	14	-7
KJSFang2	ɛː	0.17	8	1
KJSFang2	ɛ̃	-0.32	0	0
KJSFang2	ɛ̃ː	-0.28	0	0
KJSFang2	ɠ	-0.14	0	0
KJSFang2	ɣ	0.76	16	12
KJSFang2	ɥ	-0.61	0	0
KJSFang2	ɦ	-0.24	0	0
KJSFang2	ɦː	-0.16	0	0
KJSFang2	ɨ	1.59	7	11
KJSFang2	ɨː	-0.34	0	0
KJSFang2	ɨ̃	-0.24	0	0
KJSFang2	ɪ	-1.01	19	-19
KJSFang2	ɪː	-0.04	3	0
KJSFang2	ɪ̃	-0.26	0	0
KJSFang2	ɪ̃ː	-0.22	0	0
KJSFang2	ɯ	5.05	1	5
KJSFang2	ɱ	-0.44	0	0
KJSFang2	ɲ	-1.22	3	-4
KJSFang2	ɲʲ	0.27	2	1
KJSFang2	ɲʷ	-0.4	0	0
KJSFang2	ɳ	-0.14	0	0
KJSFang2	ʃ	-0.78	9	-7
KJSFang2	ʃʲ	-0.59	0	0
KJSFang2	ʃʷ	-0.4	0	0
KJSFang2	ʉ	1.68	1	2
KJSFang2	ʉʱ	-0.14	0	0
KJSFang2	ʉː	-0.14	0	0
KJSFang2	ʊ	-0.95	37	-35
KJSFang2	ʊʱ	-0.47	0	0
KJSFang2	ʊʱː	-0.14	0	0
KJSFang2	ʊː	-0.5	3	-1
KJSFang2	ʊ̃	-0.38	0	0
KJSFang2	ʊ̃ː	-0.33	0	0
KJSFang2	ʊ̤	-0.14	0	0
KJSFang2	ʒ	0.17	4	1
KJSFang2	ʒʷ	-0.2	0	0
KJSFang2	ʔ	-0.4	2	-1
KJSFang2	β	-0.35	0	0
KJSFang2	βʷ	-0.14	0	0
KJSFang2	ẽ	-0.23	0	0
KJSFang2	ẽː	-0.14	0	0
KJSFang2	⁴⁵	-0.14	0	0
KJSFang2	⁵	-0.92	251	-231
KJSFang2	⁵³	0.31	18	6
KJSFang2	⁵¹	-0.23	47	-11
KJSFang2	ⁿb	-0.37	0	0
KJSFang2	ⁿbʷ	-0.37	0	0
KJSFang2	ⁿd	-0.45	0	0
KJSFang2	ⁿdʷ	-0.14	0	0
KJSFang2	ⁿt	-0.4	0	0
KMNAjumbu2	a	-0.54	107	-58
KMNAjumbu2	aː	1.44	38	55
KMNAjumbu2	b	-0.92	53	-49
KMNAjumbu2	bʷ	-0.91	0	0
KMNAjumbu2	d	-0.28	23	-7
KMNAjumbu2	dzʷ	-0.2	0	0
KMNAjumbu2	dʒ	-0.24	14	-3
KMNAjumbu2	dʒʷ	-0.22	0	0
KMNAjumbu2	dʷ	-0.19	0	0
KMNAjumbu2	e	-0.87	7	-6
KMNAjumbu2	eː	-0.59	2	-1
KMNAjumbu2	f	2.58	96	248
KMNAjumbu2	fʲ	-0.6	0	0
KMNAjumbu2	fʷ	0.04	2	0
KMNAjumbu2	g	1.36	32	43
KMNAjumbu2	gb	-0.29	9	-3
KMNAjumbu2	gʷ	0.19	2	0
KMNAjumbu2	h	-0.75	0	0
KMNAjumbu2	i	-0.93	24	-22
KMNAjumbu2	iː	-1.05	2	-2
KMNAjumbu2	j	0.45	45	20
KMNAjumbu2	k	1.5	157	236
KMNAjumbu2	kp	-0.04	15	-1
KMNAjumbu2	kpʳʷ	-0.2	0	0
KMNAjumbu2	kpʷ	-0.14	0	0
KMNAjumbu2	kx	-0.33	1	0
KMNAjumbu2	kʰ	-0.14	0	0
KMNAjumbu2	kʲ	-0.4	0	0
KMNAjumbu2	kʷ	-0.46	2	-1
KMNAjumbu2	l	0.17	32	5
KMNAjumbu2	m	-1.59	58	-92
KMNAjumbu2	mʷ	-0.56	0	0
KMNAjumbu2	n	-1.46	71	-103
KMNAjumbu2	nʷ	-0.2	0	0
KMNAjumbu2	o	-0.53	27	-14
KMNAjumbu2	oː	0.28	12	3
KMNAjumbu2	p	-0.27	2	-1
KMNAjumbu2	q	-0.14	0	0
KMNAjumbu2	r	0.69	2	1
KMNAjumbu2	s	0.84	40	33
KMNAjumbu2	sʷ	-0.14	0	0
KMNAjumbu2	t	-1.87	30	-56
KMNAjumbu2	ts	-0.09	17	-1
KMNAjumbu2	tsʷ	-0.24	0	0
KMNAjumbu2	tsː	-0.14	0	0
KMNAjumbu2	tʃ	-0.31	10	-3
KMNAjumbu2	tʃʷ	-0.41	0	0
KMNAjumbu2	tʰ	-0.24	0	0
KMNAjumbu2	tʲ	-0.35	0	0
KMNAjumbu2	tʷ	0.56	1	1
KMNAjumbu2	tˢ	-0.14	0	0
KMNAjumbu2	u	1.11	36	40
KMNAjumbu2	uʱ	5.71	13	74
KMNAjumbu2	uː	2.15	9	19
KMNAjumbu2	uːʱ	-0.14	0	0
KMNAjumbu2	v	3.18	11	35
KMNAjumbu2	vʷ	3.39	2	7
KMNAjumbu2	w	1.25	53	66
KMNAjumbu2	z	0.2	25	5
KMNAjumbu2	zː	-0.14	0	0
KMNAjumbu2	²¹	-0.14	0	0
KMNAjumbu2	³	-0.65	46	-30
KMNAjumbu2	³¹	-0.2	0	0
KMNAjumbu2	³⁵	-0.14	0	0
KMNAjumbu2	¹	0.17	302	51
KMNAjumbu2	¹³	-0.76	0	0
KMNAjumbu2	¹⁵	-0.45	25	-11
KMNAjumbu2	ã	-0.44	0	0
KMNAjumbu2	ãː	-0.33	0	0
KMNAjumbu2	æ	-0.25	0	0
KMNAjumbu2	æː	-0.2	0	0
KMNAjumbu2	æ̃	-0.2	0	0
KMNAjumbu2	õ	-0.34	0	0
KMNAjumbu2	õː	-0.31	0	0
KMNAjumbu2	ø	-0.54	0	0
KMNAjumbu2	øː	-0.28	0	0
KMNAjumbu2	ĩ	-0.26	0	0
KMNAjumbu2	ĩː	-0.14	0	0
KMNAjumbu2	ŋ	1.2	112	135
KMNAjumbu2	ŋm	-0.01	2	0
KMNAjumbu2	ŋmʷ	-0.14	0	0
KMNAjumbu2	ŋʷ	-0.34	0	0
KMNAjumbu2	ŋˤ	-0.14	0	0
KMNAjumbu2	œ	-0.36	0	0
KMNAjumbu2	œː	-0.29	0	0
KMNAjumbu2	œ̃	-0.14	0	0
KMNAjumbu2	ũ	-0.28	0	0
KMNAjumbu2	ũʱ	-0.14	0	0
KMNAjumbu2	ũː	-0.24	0	0
KMNAjumbu2	ɑ	-0.47	0	0
KMNAjumbu2	ɑː	-0.4	0	0
KMNAjumbu2	ɑ̃	-0.14	0	0
KMNAjumbu2	ɑ̃ː	-0.14	0	0
KMNAjumbu2	ɒ	-0.32	0	0
KMNAjumbu2	ɒː	-0.28	0	0
KMNAjumbu2	ɒ̃	-0.14	0	0
KMNAjumbu2	ɒ̃ː	-0.14	0	0
KMNAjumbu2	ɔ	-0.26	24	-6
KMNAjumbu2	ɔː	0.26	5	1
KMNAjumbu2	ɔ̃	-0.23	0	0
KMNAjumbu2	ɔ̃ː	-0.19	0	0
KMNAjumbu2	ɘ	-0.34	0	0
KMNAjumbu2	ɘː	-0.29	0	0
KMNAjumbu2	ə	1.17	305	358
KMNAjumbu2	əː	0.17	7	1
KMNAjumbu2	əˠ	-0.14	0	0
KMNAjumbu2	ə̃	-0.56	0	0
KMNAjumbu2	ə̃ː	-0.2	0	0
KMNAjumbu2	ɛ	-0.58	12	-7
KMNAjumbu2	ɛː	-0.63	3	-2
KMNAjumbu2	ɛ̃	-0.32	0	0
KMNAjumbu2	ɛ̃ː	-0.28	0	0
KMNAjumbu2	ɠ	-0.14	0	0
KMNAjumbu2	ɣ	-0.39	1	0
KMNAjumbu2	ɥ	0.54	15	8
KMNAjumbu2	ɦ	-0.24	0	0
KMNAjumbu2	ɦː	-0.16	0	0
KMNAjumbu2	ɨ	0.62	4	2
KMNAjumbu2	ɨː	-0.34	0	0
KMNAjumbu2	ɨ̃	-0.24	0	0
KMNAjumbu2	ɪ	-1.03	18	-19
KMNAjumbu2	ɪː	0.34	4	1
KMNAjumbu2	ɪ̃	-0.26	0	0
KMNAjumbu2	ɪ̃ː	-0.22	0	0
KMNAjumbu2	ɯ	-0.2	0	0
KMNAjumbu2	ɱ	-0.44	0	0
KMNAjumbu2	ɲ	2.33	58	135
KMNAjumbu2	ɲʲ	-0.79	0	0
KMNAjumbu2	ɲʷ	-0.4	0	0
KMNAjumbu2	ɳ	-0.14	0	0
KMNAjumbu2	ʃ	0.14	19	3
KMNAjumbu2	ʃʲ	-0.59	0	0
KMNAjumbu2	ʃʷ	-0.4	0	0
KMNAjumbu2	ʉ	-0.26	0	0
KMNAjumbu2	ʉʱ	-0.14	0	0
KMNAjumbu2	ʉː	-0.14	0	0
KMNAjumbu2	ʊ	-1.31	26	-34
KMNAjumbu2	ʊʱ	0.85	2	2
KMNAjumbu2	ʊʱː	-0.14	0	0
KMNAjumbu2	ʊː	0.05	7	0
KMNAjumbu2	ʊ̃	-0.38	0	0
KMNAjumbu2	ʊ̃ː	-0.33	0	0
KMNAjumbu2	ʊ̤	-0.14	0	0
KMNAjumbu2	ʒ	0.36	5	2
KMNAjumbu2	ʒʷ	-0.2	0	0
KMNAjumbu2	ʔ	0.32	16	5
KMNAjumbu2	β	-0.35	0	0
KMNAjumbu2	βʷ	-0.14	0	0
KMNAjumbu2	ẽ	-0.23	0	0
KMNAjumbu2	ẽː	-0.14	0	0
KMNAjumbu2	⁴⁵	-0.14	0	0
KMNAjumbu2	⁵	-0.56	269	-150
KMNAjumbu2	⁵³	-0.71	6	-4
KMNAjumbu2	⁵¹	0.14	54	7
KMNAjumbu2	ⁿb	-0.37	0	0
KMNAjumbu2	ⁿbʷ	-0.37	0	0
KMNAjumbu2	ⁿd	-0.45	0	0
KMNAjumbu2	ⁿdʷ	-0.14	0	0
KMNAjumbu2	ⁿt	-0.4	0	0
LFNMundabli1	a	-0.24	119	-28
LFNMundabli1	aː	1.02	33	34
LFNMundabli1	b	-0.92	53	-49
LFNMundabli1	bʷ	-0.66	1	-1
LFNMundabli1	d	1.02	45	46
LFNMundabli1	dzʷ	-0.2	0	0
LFNMundabli1	dʒ	0.01	17	0
LFNMundabli1	dʒʷ	-0.22	0	0
LFNMundabli1	dʷ	-0.19	0	0
LFNMundabli1	e	1.63	43	70
LFNMundabli1	eː	0.37	9	3
LFNMundabli1	f	-1.3	29	-38
LFNMundabli1	fʲ	-0.6	0	0
LFNMundabli1	fʷ	-0.59	0	0
LFNMundabli1	g	1.0	28	28
LFNMundabli1	gb	1.82	18	33
LFNMundabli1	gʷ	-0.31	0	0
LFNMundabli1	h	-0.75	0	0
LFNMundabli1	i	-0.7	32	-22
LFNMundabli1	iː	0.64	10	6
LFNMundabli1	j	1.43	62	89
LFNMundabli1	k	-0.84	78	-65
LFNMundabli1	kp	1.4	24	34
LFNMundabli1	kpʳʷ	-0.2	0	0
LFNMundabli1	kpʷ	-0.14	0	0
LFNMundabli1	kx	-0.71	0	0
LFNMundabli1	kʰ	-0.14	0	0
LFNMundabli1	kʲ	-0.4	0	0
LFNMundabli1	kʷ	-0.24	4	-1
LFNMundabli1	l	-0.41	24	-10
LFNMundabli1	m	1.09	114	124
LFNMundabli1	mʷ	-0.56	0	0
LFNMundabli1	n	1.24	134	166
LFNMundabli1	nʷ	-0.2	0	0
LFNMundabli1	o	0.3	46	14
LFNMundabli1	oː	-0.59	4	-2
LFNMundabli1	p	-0.61	1	-1
LFNMundabli1	q	-0.14	0	0
LFNMundabli1	r	0.0	1	0
LFNMundabli1	s	0.63	37	23
LFNMundabli1	sʷ	-0.14	0	0
LFNMundabli1	t	0.37	51	19
LFNMundabli1	ts	2.12	49	104
LFNMundabli1	tsʷ	-0.24	0	0
LFNMundabli1	tsː	-0.14	0	0
LFNMundabli1	tʃ	1.0	19	19
LFNMundabli1	tʃʷ	-0.41	0	0
LFNMundabli1	tʰ	-0.24	0	0
LFNMundabli1	tʲ	-0.35	0	0
LFNMundabli1	tʷ	-0.43	0	0
LFNMundabli1	tˢ	-0.14	0	0
LFNMundabli1	u	0.53	29	15
LFNMundabli1	uʱ	-0.48	0	0
LFNMundabli1	uː	-0.26	2	-1
LFNMundabli1	uːʱ	-0.14	0	0
LFNMundabli1	v	-0.45	0	0
LFNMundabli1	vʷ	-0.24	0	0
LFNMundabli1	w	2.42	73	176
LFNMundabli1	z	0.71	32	23
LFNMundabli1	zː	-0.14	0	0
LFNMundabli1	²¹	-0.14	0	0
LFNMundabli1	³	3.23	161	520
LFNMundabli1	³¹	-0.2	0	0
LFNMundabli1	³⁵	-0.14	0	0
LFNMundabli1	¹	-0.71	244	-173
LFNMundabli1	¹³	0.58	2	1
LFNMundabli1	¹⁵	0.78	47	36
LFNMundabli1	ã	0.07	1	0
LFNMundabli1	ãː	-0.33	0	0
LFNMundabli1	æ	-0.25	0	0
LFNMundabli1	æː	-0.2	0	0
LFNMundabli1	æ̃	-0.2	0	0
LFNMundabli1	õ	-0.34	0	0
LFNMundabli1	õː	-0.31	0	0
LFNMundabli1	ø	0.7	4	3
LFNMundabli1	øː	-0.28	0	0
LFNMundabli1	ĩ	-0.26	0	0
LFNMundabli1	ĩː	-0.14	0	0
LFNMundabli1	ŋ	2.36	142	335
LFNMundabli1	ŋm	1.03	6	6
LFNMundabli1	ŋmʷ	-0.14	0	0
LFNMundabli1	ŋʷ	-0.34	0	0
LFNMundabli1	ŋˤ	-0.14	0	0
LFNMundabli1	œ	4.3	15	65
LFNMundabli1	œː	5.34	4	21
LFNMundabli1	œ̃	-0.14	0	0
LFNMundabli1	ũ	-0.28	0	0
LFNMundabli1	ũʱ	-0.14	0	0
LFNMundabli1	ũː	-0.24	0	0
LFNMundabli1	ɑ	0.74	3	2
LFNMundabli1	ɑː	1.01	1	1
LFNMundabli1	ɑ̃	-0.14	0	0
LFNMundabli1	ɑ̃ː	-0.14	0	0
LFNMundabli1	ɒ	0.72	6	4
LFNMundabli1	ɒː	-0.04	1	0
LFNMundabli1	ɒ̃	-0.14	0	0
LFNMundabli1	ɒ̃ː	-0.14	0	0
LFNMundabli1	ɔ	3.02	69	209
LFNMundabli1	ɔː	0.74	7	5
LFNMundabli1	ɔ̃	-0.23	0	0
LFNMundabli1	ɔ̃ː	-0.19	0	0
LFNMundabli1	ɘ	-0.34	0	0
LFNMundabli1	ɘː	-0.29	0	0
LFNMundabli1	ə	-1.09	83	-91
LFNMundabli1	əː	-0.24	4	-1
LFNMundabli1	əˠ	-0.14	0	0
LFNMundabli1	ə̃	-0.56	0	0
LFNMundabli1	ə̃ː	-0.2	0	0
LFNMundabli1	ɛ	0.37	36	13
LFNMundabli1	ɛː	1.13	14	16
LFNMundabli1	ɛ̃	-0.32	0	0
LFNMundabli1	ɛ̃ː	-0.28	0	0
LFNMundabli1	ɠ	-0.14	0	0
LFNMundabli1	ɣ	-0.46	0	0
LFNMundabli1	ɥ	-0.54	1	-1
LFNMundabli1	ɦ	-0.13	1	0
LFNMundabli1	ɦː	-0.16	0	0
LFNMundabli1	ɨ	-0.03	2	0
LFNMundabli1	ɨː	-0.34	0	0
LFNMundabli1	ɨ̃	-0.24	0	0
LFNMundabli1	ɪ	-1.18	12	-14
LFNMundabli1	ɪː	-0.8	1	-1
LFNMundabli1	ɪ̃	-0.26	0	0
LFNMundabli1	ɪ̃ː	-0.22	0	0
LFNMundabli1	ɯ	-0.2	0	0
LFNMundabli1	ɱ	-0.44	0	0
LFNMundabli1	ɲ	0.01	22	0
LFNMundabli1	ɲʲ	-0.79	0	0
LFNMundabli1	ɲʷ	-0.4	0	0
LFNMundabli1	ɳ	-0.14	0	0
LFNMundabli1	ʃ	0.33	21	7
LFNMundabli1	ʃʲ	-0.59	0	0
LFNMundabli1	ʃʷ	-0.4	0	0
LFNMundabli1	ʉ	-0.26	0	0
LFNMundabli1	ʉʱ	-0.14	0	0
LFNMundabli1	ʉː	-0.14	0	0
LFNMundabli1	ʊ	-0.4	54	-22
LFNMundabli1	ʊʱ	0.19	1	0
LFNMundabli1	ʊʱː	-0.14	0	0
LFNMundabli1	ʊː	-0.63	2	-1
LFNMundabli1	ʊ̃	-0.38	0	0
LFNMundabli1	ʊ̃ː	-0.33	0	0
LFNMundabli1	ʊ̤	-0.14	0	0
LFNMundabli1	ʒ	-0.6	0	0
LFNMundabli1	ʒʷ	-0.2	0	0
LFNMundabli1	ʔ	-0.5	0	0
LFNMundabli1	β	-0.35	0	0
LFNMundabli1	βʷ	-0.14	0	0
LFNMundabli1	ẽ	-0.23	0	0
LFNMundabli1	ẽː	-0.14	0	0
LFNMundabli1	⁴⁵	-0.14	0	0
LFNMundabli1	⁵	-2.07	194	-402
LFNMundabli1	⁵³	-0.71	6	-4
LFNMundabli1	⁵¹	-0.49	42	-21
LFNMundabli1	ⁿb	-0.37	0	0
LFNMundabli1	ⁿbʷ	-0.37	0	0
LFNMundabli1	ⁿd	-0.45	0	0
LFNMundabli1	ⁿdʷ	-0.14	0	0
LFNMundabli1	ⁿt	-0.4	0	0
MCANgun3	a	0.11	133	15
MCANgun3	aː	-1.25	6	-8
MCANgun3	b	2.24	114	256
MCANgun3	bʷ	1.62	10	16
MCANgun3	d	-0.76	15	-11
MCANgun3	dzʷ	-0.2	0	0
MCANgun3	dʒ	-0.4	12	-5
MCANgun3	dʒʷ	-0.22	0	0
MCANgun3	dʷ	-0.19	0	0
MCANgun3	e	-0.45	13	-6
MCANgun3	eː	-0.73	1	-1
MCANgun3	f	-0.32	46	-15
MCANgun3	fʲ	0.68	3	2
MCANgun3	fʷ	0.36	3	1
MCANgun3	g	-1.22	3	-4
MCANgun3	gb	-0.05	10	-1
MCANgun3	gʷ	-0.31	0	0
MCANgun3	h	0.5	25	12
MCANgun3	i	1.57	110	172
MCANgun3	iː	0.43	9	4
MCANgun3	j	-0.76	24	-18
MCANgun3	k	-0.57	87	-50
MCANgun3	kp	0.92	21	19
MCANgun3	kpʳʷ	-0.2	0	0
MCANgun3	kpʷ	-0.14	0	0
MCANgun3	kx	-0.71	0	0
MCANgun3	kʰ	-0.14	0	0
MCANgun3	kʲ	-0.4	0	0
MCANgun3	kʷ	4.08	43	175
MCANgun3	l	-1.41	10	-14
MCANgun3	m	-0.59	79	-46
MCANgun3	mʷ	-0.09	1	0
MCANgun3	n	-0.0	105	0
MCANgun3	nʷ	-0.2	0	0
MCANgun3	o	1.52	74	113
MCANgun3	oː	-0.59	4	-2
MCANgun3	p	0.08	3	0
MCANgun3	q	-0.14	0	0
MCANgun3	r	-0.69	0	0
MCANgun3	s	-1.22	10	-12
MCANgun3	sʷ	-0.14	0	0
MCANgun3	t	1.12	58	65
MCANgun3	ts	-1.05	3	-3
MCANgun3	tsʷ	-0.24	0	0
MCANgun3	tsː	-0.14	0	0
MCANgun3	tʃ	-1.32	3	-4
MCANgun3	tʃʷ	-0.41	0	0
MCANgun3	tʰ	-0.24	0	0
MCANgun3	tʲ	-0.35	0	0
MCANgun3	tʷ	-0.43	0	0
MCANgun3	tˢ	-0.14	0	0
MCANgun3	u	-0.39	18	-7
MCANgun3	uʱ	-0.48	0	0
MCANgun3	uː	-0.6	1	-1
MCANgun3	uːʱ	-0.14	0	0
MCANgun3	v	-0.45	0	0
MCANgun3	vʷ	-0.24	0	0
MCANgun3	w	-0.74	19	-14
MCANgun3	z	-0.9	10	-9
MCANgun3	zː	-0.14	0	0
MCANgun3	²¹	-0.14	0	0
MCANgun3	³	-0.15	61	-9
MCANgun3	³¹	-0.2	0	0
MCANgun3	³⁵	-0.14	0	0
MCANgun3	¹	2.11	430	909
MCANgun3	¹³	-0.76	0	0
MCANgun3	¹⁵	-0.84	18	-15
MCANgun3	ã	-0.44	0	0
MCANgun3	ãː	-0.33	0	0
MCANgun3	æ	-0.25	0	0
MCANgun3	æː	-0.2	0	0
MCANgun3	æ̃	-0.2	0	0
MCANgun3	õ	-0.34	0	0
MCANgun3	õː	-0.31	0	0
MCANgun3	ø	-0.23	1	0
MCANgun3	øː	-0.28	0	0
MCANgun3	ĩ	-0.26	0	0
MCANgun3	ĩː	-0.14	0	0
MCANgun3	ŋ	-1.33	46	-61
MCANgun3	ŋm	0.25	3	1
MCANgun3	ŋmʷ	-0.14	0	0
MCANgun3	ŋʷ	-0.34	0	0
MCANgun3	ŋˤ	-0.14	0	0
MCANgun3	œ	-0.36	0	0
MCANgun3	œː	-0.29	0	0
MCANgun3	œ̃	-0.14	0	0
MCANgun3	ũ	-0.28	0	0
MCANgun3	ũʱ	-0.14	0	0
MCANgun3	ũː	-0.24	0	0
MCANgun3	ɑ	-0.47	0	0
MCANgun3	ɑː	-0.4	0	0
MCANgun3	ɑ̃	-0.14	0	0
MCANgun3	ɑ̃ː	-0.14	0	0
MCANgun3	ɒ	-0.32	0	0
MCANgun3	ɒː	-0.28	0	0
MCANgun3	ɒ̃	-0.14	0	0
MCANgun3	ɒ̃ː	-0.14	0	0
MCANgun3	ɔ	-0.26	24	-6
MCANgun3	ɔː	0.5	6	3
MCANgun3	ɔ̃	-0.23	0	0
MCANgun3	ɔ̃ː	-0.19	0	0
MCANgun3	ɘ	-0.34	0	0
MCANgun3	ɘː	-0.29	0	0
MCANgun3	ə	-0.9	102	-92
MCANgun3	əː	-0.77	0	0
MCANgun3	əˠ	-0.14	0	0
MCANgun3	ə̃	-0.56	0	0
MCANgun3	ə̃ː	-0.2	0	0
MCANgun3	ɛ	2.63	93	245
MCANgun3	ɛː	-0.15	6	-1
MCANgun3	ɛ̃	-0.32	0	0
MCANgun3	ɛ̃ː	-0.28	0	0
MCANgun3	ɠ	-0.14	0	0
MCANgun3	ɣ	-0.46	0	0
MCANgun3	ɥ	-0.38	3	-1
MCANgun3	ɦ	-0.24	0	0
MCANgun3	ɦː	-0.16	0	0
MCANgun3	ɨ	-0.68	0	0
MCANgun3	ɨː	-0.34	0	0
MCANgun3	ɨ̃	-0.24	0	0
MCANgun3	ɪ	0.66	90	60
MCANgun3	ɪː	0.34	4	1
MCANgun3	ɪ̃	-0.26	0	0
MCANgun3	ɪ̃ː	-0.22	0	0
MCANgun3	ɯ	-0.2	0	0
MCANgun3	ɱ	-0.44	0	0
MCANgun3	ɲ	1.55	46	71
MCANgun3	ɲʲ	0.8	3	2
MCANgun3	ɲʷ	-0.4	0	0
MCANgun3	ɳ	-0.14	0	0
MCANgun3	ʃ	-0.41	13	-5
MCANgun3	ʃʲ	-0.32	1	0
MCANgun3	ʃʷ	-0.4	0	0
MCANgun3	ʉ	-0.26	0	0
MCANgun3	ʉʱ	-0.14	0	0
MCANgun3	ʉː	-0.14	0	0
MCANgun3	ʊ	0.4	79	32
MCANgun3	ʊʱ	-0.47	0	0
MCANgun3	ʊʱː	-0.14	0	0
MCANgun3	ʊː	-0.77	1	-1
MCANgun3	ʊ̃	-0.38	0	0
MCANgun3	ʊ̃ː	-0.33	0	0
MCANgun3	ʊ̤	-0.14	0	0
MCANgun3	ʒ	-0.02	3	0
MCANgun3	ʒʷ	-0.2	0	0
MCANgun3	ʔ	-0.5	0	0
MCANgun3	β	-0.35	0	0
MCANgun3	βʷ	-0.14	0	0
MCANgun3	ẽ	-0.23	0	0
MCANgun3	ẽː	-0.14	0	0
MCANgun3	⁴⁵	-0.14	0	0
MCANgun3	⁵	-1.59	218	-346
MCANgun3	⁵³	-0.87	4	-3
MCANgun3	⁵¹	0.66	64	42
MCANgun3	ⁿb	-0.21	1	0
MCANgun3	ⁿbʷ	3.88	3	12
MCANgun3	ⁿd	1.6	10	16
MCANgun3	ⁿdʷ	-0.14	0	0
MCANgun3	ⁿt	1.78	3	5
MEAMumfu3	a	1.02	169	172
MEAMumfu3	aː	1.19	35	42
MEAMumfu3	b	0.95	89	84
MEAMumfu3	bʷ	-0.41	2	-1
MEAMumfu3	d	-1.11	9	-10
MEAMumfu3	dzʷ	-0.2	0	0
MEAMumfu3	dʒ	-0.32	13	-4
MEAMumfu3	dʒʷ	-0.22	0	0
MEAMumfu3	dʷ	-0.19	0	0
MEAMumfu3	e	0.73	30	22
MEAMumfu3	eː	0.37	9	3
MEAMumfu3	f	-0.38	45	-17
MEAMumfu3	fʲ	1.97	6	12
MEAMumfu3	fʷ	-0.59	0	0
MEAMumfu3	g	2.78	48	133
MEAMumfu3	gb	2.05	19	39
MEAMumfu3	gʷ	-0.31	0	0
MEAMumfu3	h	-0.75	0	0
MEAMumfu3	i	-1.08	19	-21
MEAMumfu3	iː	0.43	9	4
MEAMumfu3	j	0.97	54	52
MEAMumfu3	k	-0.66	84	-55
MEAMumfu3	kp	1.4	24	34
MEAMumfu3	kpʳʷ	-0.2	0	0
MEAMumfu3	kpʷ	-0.14	0	0
MEAMumfu3	kx	-0.71	0	0
MEAMumfu3	kʰ	-0.14	0	0
MEAMumfu3	kʲ	1.69	9	15
MEAMumfu3	kʷ	-0.69	0	0
MEAMumfu3	l	0.17	32	5
MEAMumfu3	m	0.94	111	105
MEAMumfu3	mʷ	1.32	4	5
MEAMumfu3	n	0.13	108	14
MEAMumfu3	nʷ	-0.2	0	0
MEAMumfu3	o	1.61	76	122
MEAMumfu3	oː	1.04	19	20
MEAMumfu3	p	-0.96	0	0
MEAMumfu3	q	-0.14	0	0
MEAMumfu3	r	-0.69	0	0
MEAMumfu3	s	-1.15	11	-13
MEAMumfu3	sʷ	-0.14	0	0
MEAMumfu3	t	0.69	54	37
MEAMumfu3	ts	-0.85	6	-5
MEAMumfu3	tsʷ	-0.24	0	0
MEAMumfu3	tsː	-0.14	0	0
MEAMumfu3	tʃ	0.42	15	6
MEAMumfu3	tʃʷ	2.51	2	5
MEAMumfu3	tʰ	-0.24	0	0
MEAMumfu3	tʲ	-0.35	0	0
MEAMumfu3	tʷ	-0.43	0	0
MEAMumfu3	tˢ	-0.14	0	0
MEAMumfu3	u	-1.31	7	-9
MEAMumfu3	uʱ	-0.48	0	0
MEAMumfu3	uː	-0.95	0	0
MEAMumfu3	uːʱ	-0.14	0	0
MEAMumfu3	v	-0.45	0	0
MEAMumfu3	vʷ	-0.24	0	0
MEAMumfu3	w	-0.21	28	-6
MEAMumfu3	z	-0.53	15	-8
MEAMumfu3	zː	-0.14	0	0
MEAMumfu3	²¹	-0.14	0	0
MEAMumfu3	³	0.93	93	87
MEAMumfu3	³¹	-0.2	0	0
MEAMumfu3	³⁵	-0.14	0	0
MEAMumfu3	¹	-1.48	193	-286
MEAMumfu3	¹³	0.58	2	1
MEAMumfu3	¹⁵	1.89	67	127
MEAMumfu3	ã	-0.44	0	0
MEAMumfu3	ãː	-0.33	0	0
MEAMumfu3	æ	-0.25	0	0
MEAMumfu3	æː	-0.2	0	0
MEAMumfu3	æ̃	-0.2	0	0
MEAMumfu3	õ	-0.34	0	0
MEAMumfu3	õː	-0.31	0	0
MEAMumfu3	ø	-0.54	0	0
MEAMumfu3	øː	-0.28	0	0
MEAMumfu3	ĩ	-0.26	0	0
MEAMumfu3	ĩː	-0.14	0	0
MEAMumfu3	ŋ	2.16	137	297
MEAMumfu3	ŋm	-0.53	0	0
MEAMumfu3	ŋmʷ	-0.14	0	0
MEAMumfu3	ŋʷ	-0.34	0	0
MEAMumfu3	ŋˤ	-0.14	0	0
MEAMumfu3	œ	-0.36	0	0
MEAMumfu3	œː	-0.29	0	0
MEAMumfu3	œ̃	-0.14	0	0
MEAMumfu3	ũ	-0.28	0	0
MEAMumfu3	ũʱ	-0.14	0	0
MEAMumfu3	ũː	-0.24	0	0
MEAMumfu3	ɑ	-0.47	0	0
MEAMumfu3	ɑː	-0.4	0	0
MEAMumfu3	ɑ̃	-0.14	0	0
MEAMumfu3	ɑ̃ː	-0.14	0	0
MEAMumfu3	ɒ	-0.32	0	0
MEAMumfu3	ɒː	-0.28	0	0
MEAMumfu3	ɒ̃	-0.14	0	0
MEAMumfu3	ɒ̃ː	-0.14	0	0
MEAMumfu3	ɔ	0.4	33	13
MEAMumfu3	ɔː	0.5	6	3
MEAMumfu3	ɔ̃	-0.23	0	0
MEAMumfu3	ɔ̃ː	-0.19	0	0
MEAMumfu3	ɘ	-0.34	0	0
MEAMumfu3	ɘː	-0.29	0	0
MEAMumfu3	ə	-1.16	76	-89
MEAMumfu3	əː	-0.51	2	-1
MEAMumfu3	əˠ	-0.14	0	0
MEAMumfu3	ə̃	-0.56	0	0
MEAMumfu3	ə̃ː	-0.2	0	0
MEAMumfu3	ɛ	2.28	84	191
MEAMumfu3	ɛː	0.01	7	0
MEAMumfu3	ɛ̃	-0.32	0	0
MEAMumfu3	ɛ̃ː	-0.28	0	0
MEAMumfu3	ɠ	-0.14	0	0
MEAMumfu3	ɣ	-0.46	0	0
MEAMumfu3	ɥ	3.82	58	222
MEAMumfu3	ɦ	-0.24	0	0
MEAMumfu3	ɦː	-0.16	0	0
MEAMumfu3	ɨ	-0.68	0	0
MEAMumfu3	ɨː	-0.34	0	0
MEAMumfu3	ɨ̃	-0.24	0	0
MEAMumfu3	ɪ	-0.75	30	-23
MEAMumfu3	ɪː	-1.19	0	0
MEAMumfu3	ɪ̃	-0.26	0	0
MEAMumfu3	ɪ̃ː	-0.22	0	0
MEAMumfu3	ɯ	-0.2	0	0
MEAMumfu3	ɱ	-0.44	0	0
MEAMumfu3	ɲ	-0.96	7	-7
MEAMumfu3	ɲʲ	0.27	2	1
MEAMumfu3	ɲʷ	1.35	2	3
MEAMumfu3	ɳ	-0.14	0	0
MEAMumfu3	ʃ	0.42	22	9
MEAMumfu3	ʃʲ	2.9	13	38
MEAMumfu3	ʃʷ	-0.4	0	0
MEAMumfu3	ʉ	-0.26	0	0
MEAMumfu3	ʉʱ	-0.14	0	0
MEAMumfu3	ʉː	-0.14	0	0
MEAMumfu3	ʊ	-0.76	43	-33
MEAMumfu3	ʊʱ	-0.47	0	0
MEAMumfu3	ʊʱː	-0.14	0	0
MEAMumfu3	ʊː	1.14	15	17
MEAMumfu3	ʊ̃	-0.38	0	0
MEAMumfu3	ʊ̃ː	-0.33	0	0
MEAMumfu3	ʊ̤	-0.14	0	0
MEAMumfu3	ʒ	-0.6	0	0
MEAMumfu3	ʒʷ	-0.2	0	0
MEAMumfu3	ʔ	1.14	32	36
MEAMumfu3	β	-0.35	0	0
MEAMumfu3	βʷ	-0.14	0	0
MEAMumfu3	ẽ	-0.23	0	0
MEAMumfu3	ẽː	-0.14	0	0
MEAMumfu3	⁴⁵	-0.14	0	0
MEAMumfu3	⁵	-0.86	254	-218
MEAMumfu3	⁵³	1.49	32	48
MEAMumfu3	⁵¹	0.4	59	24
MEAMumfu3	ⁿb	-0.37	0	0
MEAMumfu3	ⁿbʷ	-0.37	0	0
MEAMumfu3	ⁿd	-0.45	0	0
MEAMumfu3	ⁿdʷ	-0.14	0	0
MEAMumfu3	ⁿt	-0.4	0	0
MNJBuu4	a	-1.49	69	-103
MNJBuu4	aː	2.03	45	91
MNJBuu4	b	1.83	106	194
MNJBuu4	bʷ	-0.91	0	0
MNJBuu4	d	-0.46	20	-9
MNJBuu4	dzʷ	-0.2	0	0
MNJBuu4	dʒ	1.57	36	57
MNJBuu4	dʒʷ	-0.22	0	0
MNJBuu4	dʷ	-0.19	0	0
MNJBuu4	e	0.24	23	6
MNJBuu4	eː	5.27	45	237
MNJBuu4	f	0.55	61	34
MNJBuu4	fʲ	-0.6	0	0
MNJBuu4	fʷ	-0.59	0	0
MNJBuu4	g	0.11	18	2
MNJBuu4	gb	-0.52	8	-4
MNJBuu4	gʷ	-0.31	0	0
MNJBuu4	h	-0.65	2	-1
MNJBuu4	i	-0.59	36	-21
MNJBuu4	iː	1.07	12	13
MNJBuu4	j	0.45	45	20
MNJBuu4	k	-0.01	106	-1
MNJBuu4	kp	0.76	20	15
MNJBuu4	kpʳʷ	-0.2	0	0
MNJBuu4	kpʷ	-0.14	0	0
MNJBuu4	kx	-0.71	0	0
MNJBuu4	kʰ	-0.14	0	0
MNJBuu4	kʲ	-0.4	0	0
MNJBuu4	kʷ	0.09	7	1
MNJBuu4	l	0.1	31	3
MNJBuu4	m	-0.01	91	-1
MNJBuu4	mʷ	0.38	2	1
MNJBuu4	n	1.37	137	187
MNJBuu4	nʷ	-0.2	0	0
MNJBuu4	o	-0.27	33	-9
MNJBuu4	oː	2.78	35	97
MNJBuu4	p	1.8	8	14
MNJBuu4	q	-0.14	0	0
MNJBuu4	r	-0.69	0	0
MNJBuu4	s	-0.19	25	-5
MNJBuu4	sʷ	-0.14	0	0
MNJBuu4	t	1.23	59	72
MNJBuu4	ts	-0.43	12	-5
MNJBuu4	tsʷ	-0.24	0	0
MNJBuu4	tsː	-0.14	0	0
MNJBuu4	tʃ	0.13	13	2
MNJBuu4	tʃʷ	-0.41	0	0
MNJBuu4	tʰ	-0.24	0	0
MNJBuu4	tʲ	0.27	2	1
MNJBuu4	tʷ	-0.43	0	0
MNJBuu4	tˢ	-0.14	0	0
MNJBuu4	u	-0.89	12	-11
MNJBuu4	uʱ	-0.48	0	0
MNJBuu4	uː	-0.26	2	-1
MNJBuu4	uːʱ	-0.14	0	0
MNJBuu4	v	-0.45	0	0
MNJBuu4	vʷ	-0.24	0	0
MNJBuu4	w	-0.97	15	-15
MNJBuu4	z	-0.75	12	-9
MNJBuu4	zː	-0.14	0	0
MNJBuu4	²¹	-0.14	0	0
MNJBuu4	³	-0.42	53	-22
MNJBuu4	³¹	-0.2	0	0
MNJBuu4	³⁵	-0.14	0	0
MNJBuu4	¹	-0.38	266	-100
MNJBuu4	¹³	-0.76	0	0
MNJBuu4	¹⁵	0.72	46	33
MNJBuu4	ã	0.58	2	1
MNJBuu4	ãː	-0.33	0	0
MNJBuu4	æ	-0.25	0	0
MNJBuu4	æː	-0.2	0	0
MNJBuu4	æ̃	-0.2	0	0
MNJBuu4	õ	-0.34	0	0
MNJBuu4	õː	-0.31	0	0
MNJBuu4	ø	-0.54	0	0
MNJBuu4	øː	-0.28	0	0
MNJBuu4	ĩ	-0.26	0	0
MNJBuu4	ĩː	-0.14	0	0
MNJBuu4	ŋ	-0.18	76	-14
MNJBuu4	ŋm	-0.53	0	0
MNJBuu4	ŋmʷ	-0.14	0	0
MNJBuu4	ŋʷ	0.59	2	1
MNJBuu4	ŋˤ	-0.14	0	0
MNJBuu4	œ	-0.36	0	0
MNJBuu4	œː	-0.29	0	0
MNJBuu4	œ̃	-0.14	0	0
MNJBuu4	ũ	-0.28	0	0
MNJBuu4	ũʱ	-0.14	0	0
MNJBuu4	ũː	-0.24	0	0
MNJBuu4	ɑ	-0.47	0	0
MNJBuu4	ɑː	-0.4	0	0
MNJBuu4	ɑ̃	-0.14	0	0
MNJBuu4	ɑ̃ː	-0.14	0	0
MNJBuu4	ɒ	-0.32	0	0
MNJBuu4	ɒː	-0.28	0	0
MNJBuu4	ɒ̃	-0.14	0	0
MNJBuu4	ɒ̃ː	-0.14	0	0
MNJBuu4	ɔ	-1.79	3	-5
MNJBuu4	ɔː	-0.22	3	-1
MNJBuu4	ɔ̃	-0.23	0	0
MNJBuu4	ɔ̃ː	-0.19	0	0
MNJBuu4	ɘ	-0.34	0	0
MNJBuu4	ɘː	-0.29	0	0
MNJBuu4	ə	1.22	309	376
MNJBuu4	əː	0.3	8	2
MNJBuu4	əˠ	-0.14	0	0
MNJBuu4	ə̃	1.71	2	3
MNJBuu4	ə̃ː	-0.2	0	0
MNJBuu4	ɛ	-0.34	18	-6
MNJBuu4	ɛː	-0.79	2	-2
MNJBuu4	ɛ̃	-0.32	0	0
MNJBuu4	ɛ̃ː	-0.28	0	0
MNJBuu4	ɠ	-0.14	0	0
MNJBuu4	ɣ	-0.31	2	-1
MNJBuu4	ɥ	-0.23	5	-1
MNJBuu4	ɦ	-0.24	0	0
MNJBuu4	ɦː	-0.16	0	0
MNJBuu4	ɨ	-0.68	0	0
MNJBuu4	ɨː	-0.34	0	0
MNJBuu4	ɨ̃	-0.24	0	0
MNJBuu4	ɪ	-1.03	18	-19
MNJBuu4	ɪː	2.62	10	26
MNJBuu4	ɪ̃	-0.26	0	0
MNJBuu4	ɪ̃ː	-0.22	0	0
MNJBuu4	ɯ	-0.2	0	0
MNJBuu4	ɱ	-0.44	0	0
MNJBuu4	ɲ	-0.31	17	-5
MNJBuu4	ɲʲ	-0.79	0	0
MNJBuu4	ɲʷ	-0.4	0	0
MNJBuu4	ɳ	-0.14	0	0
MNJBuu4	ʃ	0.05	18	1
MNJBuu4	ʃʲ	2.9	13	38
MNJBuu4	ʃʷ	1.46	2	3
MNJBuu4	ʉ	-0.26	0	0
MNJBuu4	ʉʱ	-0.14	0	0
MNJBuu4	ʉː	-0.14	0	0
MNJBuu4	ʊ	-1.6	17	-27
MNJBuu4	ʊʱ	0.85	2	2
MNJBuu4	ʊʱː	-0.14	0	0
MNJBuu4	ʊː	0.87	13	11
MNJBuu4	ʊ̃	-0.38	0	0
MNJBuu4	ʊ̃ː	-0.33	0	0
MNJBuu4	ʊ̤	-0.14	0	0
MNJBuu4	ʒ	-0.6	0	0
MNJBuu4	ʒʷ	-0.2	0	0
MNJBuu4	ʔ	-0.5	0	0
MNJBuu4	β	-0.35	0	0
MNJBuu4	βʷ	-0.14	0	0
MNJBuu4	ẽ	-0.23	0	0
MNJBuu4	ẽː	-0.14	0	0
MNJBuu4	⁴⁵	-0.14	0	0
MNJBuu4	⁵	0.05	299	15
MNJBuu4	⁵³	2.42	43	104
MNJBuu4	⁵¹	-0.86	35	-30
MNJBuu4	ⁿb	-0.37	0	0
MNJBuu4	ⁿbʷ	-0.37	0	0
MNJBuu4	ⁿd	-0.45	0	0
MNJBuu4	ⁿdʷ	-0.14	0	0
MNJBuu4	ⁿt	-0.4	0	0
MRYKoshin2	a	-1.07	86	-92
MRYKoshin2	aː	-1.25	6	-8
MRYKoshin2	b	0.06	72	5
MRYKoshin2	bʷ	-0.66	1	-1
MRYKoshin2	d	0.13	30	4
MRYKoshin2	dzʷ	-0.2	0	0
MRYKoshin2	dʒ	1.0	29	29
MRYKoshin2	dʒʷ	-0.22	0	0
MRYKoshin2	dʷ	-0.19	0	0
MRYKoshin2	e	-0.8	8	-6
MRYKoshin2	eː	-0.18	5	-1
MRYKoshin2	f	0.32	57	18
MRYKoshin2	fʲ	-0.6	0	0
MRYKoshin2	fʷ	0.36	3	1
MRYKoshin2	g	0.11	18	2
MRYKoshin2	gb	2.29	20	46
MRYKoshin2	gʷ	-0.31	0	0
MRYKoshin2	h	-0.7	1	-1
MRYKoshin2	i	-1.05	20	-21
MRYKoshin2	iː	0.22	8	2
MRYKoshin2	j	0.39	44	17
MRYKoshin2	k	1.56	159	248
MRYKoshin2	kp	0.12	16	2
MRYKoshin2	kpʳʷ	-0.2	0	0
MRYKoshin2	kpʷ	-0.14	0	0
MRYKoshin2	kx	1.91	7	13
MRYKoshin2	kʰ	7.21	1	7
MRYKoshin2	kʲ	-0.4	0	0
MRYKoshin2	kʷ	-0.46	2	-1
MRYKoshin2	l	0.24	33	8
MRYKoshin2	m	0.51	102	52
MRYKoshin2	mʷ	-0.56	0	0
MRYKoshin2	n	-0.94	83	-78
MRYKoshin2	nʷ	-0.2	0	0
MRYKoshin2	o	-0.97	17	-17
MRYKoshin2	oː	-0.91	1	-1
MRYKoshin2	p	-0.61	1	-1
MRYKoshin2	q	-0.14	0	0
MRYKoshin2	r	1.38	3	4
MRYKoshin2	s	-1.15	11	-13
MRYKoshin2	sʷ	-0.14	0	0
MRYKoshin2	t	-0.7	41	-29
MRYKoshin2	ts	0.19	21	4
MRYKoshin2	tsʷ	-0.24	0	0
MRYKoshin2	tsː	-0.14	0	0
MRYKoshin2	tʃ	0.56	16	9
MRYKoshin2	tʃʷ	-0.41	0	0
MRYKoshin2	tʰ	4.08	1	4
MRYKoshin2	tʲ	-0.35	0	0
MRYKoshin2	tʷ	1.54	2	3
MRYKoshin2	tˢ	-0.14	0	0
MRYKoshin2	u	-0.23	20	-5
MRYKoshin2	uʱ	0.48	2	1
MRYKoshin2	uː	-0.26	2	-1
MRYKoshin2	uːʱ	-0.14	0	0
MRYKoshin2	v	-0.45	0	0
MRYKoshin2	vʷ	-0.24	0	0
MRYKoshin2	w	1.6	59	94
MRYKoshin2	z	-0.6	14	-8
MRYKoshin2	zː	-0.14	0	0
MRYKoshin2	²¹	-0.14	0	0
MRYKoshin2	³	1.37	106	145
MRYKoshin2	³¹	-0.2	0	0
MRYKoshin2	³⁵	-0.14	0	0
MRYKoshin2	¹	-0.68	246	-167
MRYKoshin2	¹³	-0.76	0	0
MRYKoshin2	¹⁵	-0.28	28	-8
MRYKoshin2	ã	4.68	10	47
MRYKoshin2	ãː	4.1	2	8
MRYKoshin2	æ	3.56	10	36
MRYKoshin2	æː	-0.2	0	0
MRYKoshin2	æ̃	5.05	1	5
MRYKoshin2	õ	3.56	5	18
MRYKoshin2	õː	2.94	2	6
MRYKoshin2	ø	1.32	6	8
MRYKoshin2	øː	-0.28	0	0
MRYKoshin2	ĩ	2.59	5	13
MRYKoshin2	ĩː	-0.14	0	0
MRYKoshin2	ŋ	0.4	91	36
MRYKoshin2	ŋm	-0.01	2	0
MRYKoshin2	ŋmʷ	-0.14	0	0
MRYKoshin2	ŋʷ	-0.34	0	0
MRYKoshin2	ŋˤ	-0.14	0	0
MRYKoshin2	œ	-0.36	0	0
MRYKoshin2	œː	-0.29	0	0
MRYKoshin2	œ̃	-0.14	0	0
MRYKoshin2	ũ	3.6	6	22
MRYKoshin2	ũʱ	7.21	1	7
MRYKoshin2	ũː	-0.24	0	0
MRYKoshin2	ɑ	2.35	7	16
MRYKoshin2	ɑː	1.01	1	1
MRYKoshin2	ɑ̃	7.21	1	7
MRYKoshin2	ɑ̃ː	-0.14	0	0
MRYKoshin2	ɒ	0.03	2	0
MRYKoshin2	ɒː	0.44	3	1
MRYKoshin2	ɒ̃	7.21	2	14
MRYKoshin2	ɒ̃ː	7.21	2	14
MRYKoshin2	ɔ	-0.11	26	-3
MRYKoshin2	ɔː	-0.46	2	-1
MRYKoshin2	ɔ̃	5.76	3	17
MRYKoshin2	ɔ̃ː	6.44	2	13
MRYKoshin2	ɘ	-0.34	0	0
MRYKoshin2	ɘː	-0.29	0	0
MRYKoshin2	ə	1.14	302	346
MRYKoshin2	əː	-0.1	5	-1
MRYKoshin2	əˠ	-0.14	0	0
MRYKoshin2	ə̃	1.71	2	3
MRYKoshin2	ə̃ː	5.05	2	10
MRYKoshin2	ɛ	-0.7	9	-6
MRYKoshin2	ɛː	0.01	7	0
MRYKoshin2	ɛ̃	0.93	2	2
MRYKoshin2	ɛ̃ː	3.02	2	6
MRYKoshin2	ɠ	-0.14	0	0
MRYKoshin2	ɣ	-0.31	2	-1
MRYKoshin2	ɥ	-0.46	2	-1
MRYKoshin2	ɦ	-0.24	0	0
MRYKoshin2	ɦː	-0.16	0	0
MRYKoshin2	ɨ	0.29	3	1
MRYKoshin2	ɨː	4.79	2	10
MRYKoshin2	ɨ̃	0.9	1	1
MRYKoshin2	ɪ	-0.77	29	-22
MRYKoshin2	ɪː	0.34	4	1
MRYKoshin2	ɪ̃	6.1	5	30
MRYKoshin2	ɪ̃ː	1.24	1	1
MRYKoshin2	ɯ	-0.2	0	0
MRYKoshin2	ɱ	-0.44	0	0
MRYKoshin2	ɲ	0.97	37	36
MRYKoshin2	ɲʲ	1.86	5	9
MRYKoshin2	ɲʷ	0.48	1	0
MRYKoshin2	ɳ	-0.14	0	0
MRYKoshin2	ʃ	1.06	29	31
MRYKoshin2	ʃʲ	-0.59	0	0
MRYKoshin2	ʃʷ	-0.4	0	0
MRYKoshin2	ʉ	-0.26	0	0
MRYKoshin2	ʉʱ	-0.14	0	0
MRYKoshin2	ʉː	-0.14	0	0
MRYKoshin2	ʊ	-0.95	37	-35
MRYKoshin2	ʊʱ	-0.47	0	0
MRYKoshin2	ʊʱː	-0.14	0	0
MRYKoshin2	ʊː	0.05	7	0
MRYKoshin2	ʊ̃	4.29	3	13
MRYKoshin2	ʊ̃ː	1.88	1	2
MRYKoshin2	ʊ̤	-0.14	0	0
MRYKoshin2	ʒ	-0.6	0	0
MRYKoshin2	ʒʷ	-0.2	0	0
MRYKoshin2	ʔ	-0.25	5	-1
MRYKoshin2	β	0.81	1	1
MRYKoshin2	βʷ	-0.14	0	0
MRYKoshin2	ẽ	5.87	2	12
MRYKoshin2	ẽː	-0.14	0	0
MRYKoshin2	⁴⁵	-0.14	0	0
MRYKoshin2	⁵	-0.96	249	-239
MRYKoshin2	⁵³	-0.87	4	-3
MRYKoshin2	⁵¹	1.19	74	88
MRYKoshin2	ⁿb	-0.37	0	0
MRYKoshin2	ⁿbʷ	-0.37	0	0
MRYKoshin2	ⁿd	-0.45	0	0
MRYKoshin2	ⁿdʷ	-0.14	0	0
MRYKoshin2	ⁿt	-0.4	0	0
NACAbar2	a	0.59	152	90
NACAbar2	aː	0.01	21	0
NACAbar2	b	-0.56	60	-34
NACAbar2	bʷ	-0.91	0	0
NACAbar2	d	0.66	39	26
NACAbar2	dzʷ	-0.2	0	0
NACAbar2	dʒ	-0.4	12	-5
NACAbar2	dʒʷ	-0.22	0	0
NACAbar2	dʷ	-0.19	0	0
NACAbar2	e	-0.31	15	-5
NACAbar2	eː	-0.45	3	-1
NACAbar2	f	-1.82	20	-36
NACAbar2	fʲ	-0.6	0	0
NACAbar2	fʷ	-0.59	0	0
NACAbar2	g	-1.13	4	-5
NACAbar2	gb	1.35	16	22
NACAbar2	gʷ	-0.31	0	0
NACAbar2	h	1.5	45	67
NACAbar2	i	1.07	93	100
NACAbar2	iː	0.22	8	2
NACAbar2	j	-0.18	34	-6
NACAbar2	k	0.52	124	65
NACAbar2	kp	-1.15	8	-9
NACAbar2	kpʳʷ	-0.2	0	0
NACAbar2	kpʷ	-0.14	0	0
NACAbar2	kx	-0.33	1	0
NACAbar2	kʰ	-0.14	0	0
NACAbar2	kʲ	-0.4	0	0
NACAbar2	kʷ	-0.58	1	-1
NACAbar2	l	-0.55	22	-12
NACAbar2	m	0.32	98	32
NACAbar2	mʷ	-0.56	0	0
NACAbar2	n	-0.09	103	-9
NACAbar2	nʷ	-0.2	0	0
NACAbar2	o	1.79	80	143
NACAbar2	oː	-0.05	9	0
NACAbar2	p	-0.61	1	-1
NACAbar2	q	-0.14	0	0
NACAbar2	r	0.0	1	0
NACAbar2	s	-0.53	20	-11
NACAbar2	sʷ	-0.14	0	0
NACAbar2	t	-0.16	46	-7
NACAbar2	ts	-0.5	11	-6
NACAbar2	tsʷ	-0.24	0	0
NACAbar2	tsː	-0.14	0	0
NACAbar2	tʃ	1.43	22	32
NACAbar2	tʃʷ	-0.41	0	0
NACAbar2	tʰ	-0.24	0	0
NACAbar2	tʲ	-0.35	0	0
NACAbar2	tʷ	1.54	2	3
NACAbar2	tˢ	-0.14	0	0
NACAbar2	u	-0.89	12	-11
NACAbar2	uʱ	0.0	1	0
NACAbar2	uː	0.77	5	4
NACAbar2	uːʱ	-0.14	0	0
NACAbar2	v	-0.45	0	0
NACAbar2	vʷ	-0.24	0	0
NACAbar2	w	0.2	35	7
NACAbar2	z	-0.39	17	-7
NACAbar2	zː	-0.14	0	0
NACAbar2	²¹	-0.14	0	0
NACAbar2	³	-0.59	48	-28
NACAbar2	³¹	-0.2	0	0
NACAbar2	³⁵	7.21	1	7
NACAbar2	¹	0.96	354	340
NACAbar2	¹³	-0.09	1	0
NACAbar2	¹⁵	-0.95	16	-15
NACAbar2	ã	0.07	1	0
NACAbar2	ãː	-0.33	0	0
NACAbar2	æ	-0.25	0	0
NACAbar2	æː	-0.2	0	0
NACAbar2	æ̃	-0.2	0	0
NACAbar2	õ	4.34	6	26
NACAbar2	õː	-0.31	0	0
NACAbar2	ø	-0.54	0	0
NACAbar2	øː	-0.28	0	0
NACAbar2	ĩ	0.31	1	0
NACAbar2	ĩː	-0.14	0	0
NACAbar2	ŋ	0.09	83	7
NACAbar2	ŋm	-0.27	1	0
NACAbar2	ŋmʷ	-0.14	0	0
NACAbar2	ŋʷ	-0.34	0	0
NACAbar2	ŋˤ	-0.14	0	0
NACAbar2	œ	-0.36	0	0
NACAbar2	œː	-0.29	0	0
NACAbar2	œ̃	-0.14	0	0
NACAbar2	ũ	-0.28	0	0
NACAbar2	ũʱ	-0.14	0	0
NACAbar2	ũː	-0.24	0	0
NACAbar2	ɑ	-0.07	1	0
NACAbar2	ɑː	1.01	1	1
NACAbar2	ɑ̃	-0.14	0	0
NACAbar2	ɑ̃ː	-0.14	0	0
NACAbar2	ɒ	-0.32	0	0
NACAbar2	ɒː	-0.28	0	0
NACAbar2	ɒ̃	-0.14	0	0
NACAbar2	ɒ̃ː	-0.14	0	0
NACAbar2	ɔ	0.54	35	19
NACAbar2	ɔː	0.02	4	0
NACAbar2	ɔ̃	1.77	1	2
NACAbar2	ɔ̃ː	-0.19	0	0
NACAbar2	ɘ	-0.34	0	0
NACAbar2	ɘː	-0.29	0	0
NACAbar2	ə	-0.77	115	-88
NACAbar2	əː	-0.64	1	-1
NACAbar2	əˠ	-0.14	0	0
NACAbar2	ə̃	-0.56	0	0
NACAbar2	ə̃ː	-0.2	0	0
NACAbar2	ɛ	-0.94	3	-3
NACAbar2	ɛː	-1.1	0	0
NACAbar2	ɛ̃	-0.32	0	0
NACAbar2	ɛ̃ː	-0.28	0	0
NACAbar2	ɠ	-0.14	0	0
NACAbar2	ɣ	-0.39	1	0
NACAbar2	ɥ	-0.54	1	-1
NACAbar2	ɦ	-0.24	0	0
NACAbar2	ɦː	-0.16	0	0
NACAbar2	ɨ	-0.68	0	0
NACAbar2	ɨː	2.22	1	2
NACAbar2	ɨ̃	-0.24	0	0
NACAbar2	ɪ	0.92	101	93
NACAbar2	ɪː	0.34	4	1
NACAbar2	ɪ̃	-0.26	0	0
NACAbar2	ɪ̃ː	-0.22	0	0
NACAbar2	ɯ	-0.2	0	0
NACAbar2	ɱ	-0.44	0	0
NACAbar2	ɲ	-0.7	11	-8
NACAbar2	ɲʲ	-0.79	0	0
NACAbar2	ɲʷ	-0.4	0	0
NACAbar2	ɳ	-0.14	0	0
NACAbar2	ʃ	3.09	51	157
NACAbar2	ʃʲ	-0.59	0	0
NACAbar2	ʃʷ	-0.4	0	0
NACAbar2	ʉ	-0.26	0	0
NACAbar2	ʉʱ	-0.14	0	0
NACAbar2	ʉː	-0.14	0	0
NACAbar2	ʊ	0.66	87	57
NACAbar2	ʊʱ	-0.47	0	0
NACAbar2	ʊʱː	-0.14	0	0
NACAbar2	ʊː	-0.36	4	-1
NACAbar2	ʊ̃	-0.38	0	0
NACAbar2	ʊ̃ː	-0.33	0	0
NACAbar2	ʊ̤	-0.14	0	0
NACAbar2	ʒ	-0.6	0	0
NACAbar2	ʒʷ	-0.2	0	0
NACAbar2	ʔ	-0.5	0	0
NACAbar2	β	-0.35	0	0
NACAbar2	βʷ	-0.14	0	0
NACAbar2	ẽ	-0.23	0	0
NACAbar2	ẽː	-0.14	0	0
NACAbar2	⁴⁵	7.21	1	7
NACAbar2	⁵	-0.19	287	-55
NACAbar2	⁵³	-0.37	10	-4
NACAbar2	⁵¹	0.14	54	7
NACAbar2	ⁿb	-0.37	0	0
NACAbar2	ⁿbʷ	-0.37	0	0
NACAbar2	ⁿd	-0.45	0	0
NACAbar2	ⁿdʷ	-0.14	0	0
NACAbar2	ⁿt	-0.4	0	0
NCCMumfu4	a	0.79	160	126
NCCMumfu4	aː	1.86	43	80
NCCMumfu4	b	1.1	92	101
NCCMumfu4	bʷ	-0.41	2	-1
NCCMumfu4	d	-1.11	9	-10
NCCMumfu4	dzʷ	-0.2	0	0
NCCMumfu4	dʒ	-0.32	13	-4
NCCMumfu4	dʒʷ	-0.22	0	0
NCCMumfu4	dʷ	-0.19	0	0
NCCMumfu4	e	0.38	25	10
NCCMumfu4	eː	2.55	25	64
NCCMumfu4	f	-0.38	45	-17
NCCMumfu4	fʲ	2.82	8	23
NCCMumfu4	fʷ	-0.59	0	0
NCCMumfu4	g	2.33	43	100
NCCMumfu4	gb	1.59	17	27
NCCMumfu4	gʷ	-0.31	0	0
NCCMumfu4	h	-0.75	0	0
NCCMumfu4	i	-1.14	17	-19
NCCMumfu4	iː	0.43	9	4
NCCMumfu4	j	1.03	55	57
NCCMumfu4	k	-0.69	83	-57
NCCMumfu4	kp	2.04	28	57
NCCMumfu4	kpʳʷ	-0.2	0	0
NCCMumfu4	kpʷ	-0.14	0	0
NCCMumfu4	kx	-0.71	0	0
NCCMumfu4	kʰ	-0.14	0	0
NCCMumfu4	kʲ	1.69	9	15
NCCMumfu4	kʷ	-0.69	0	0
NCCMumfu4	l	-0.26	26	-7
NCCMumfu4	m	1.66	126	209
NCCMumfu4	mʷ	-0.56	0	0
NCCMumfu4	n	0.17	109	18
NCCMumfu4	nʷ	-0.2	0	0
NCCMumfu4	o	0.91	60	55
NCCMumfu4	oː	0.39	13	5
NCCMumfu4	p	0.42	4	2
NCCMumfu4	q	-0.14	0	0
NCCMumfu4	r	-0.69	0	0
NCCMumfu4	s	-1.28	9	-12
NCCMumfu4	sʷ	-0.14	0	0
NCCMumfu4	t	-0.27	45	-12
NCCMumfu4	ts	-0.64	9	-6
NCCMumfu4	tsʷ	-0.24	0	0
NCCMumfu4	tsː	-0.14	0	0
NCCMumfu4	tʃ	0.42	15	6
NCCMumfu4	tʃʷ	2.51	2	5
NCCMumfu4	tʰ	-0.24	0	0
NCCMumfu4	tʲ	0.27	2	1
NCCMumfu4	tʷ	-0.43	0	0
NCCMumfu4	tˢ	-0.14	0	0
NCCMumfu4	u	-1.39	6	-8
NCCMumfu4	uʱ	-0.48	0	0
NCCMumfu4	uː	-0.26	2	-1
NCCMumfu4	uːʱ	-0.14	0	0
NCCMumfu4	v	-0.45	0	0
NCCMumfu4	vʷ	-0.24	0	0
NCCMumfu4	w	-0.5	23	-12
NCCMumfu4	z	-0.53	15	-8
NCCMumfu4	zː	-0.14	0	0
NCCMumfu4	²¹	-0.14	0	0
NCCMumfu4	³	-0.62	47	-29
NCCMumfu4	³¹	-0.2	0	0
NCCMumfu4	³⁵	-0.14	0	0
NCCMumfu4	¹	-1.24	209	-259
NCCMumfu4	¹³	0.58	2	1
NCCMumfu4	¹⁵	1.94	68	132
NCCMumfu4	ã	-0.44	0	0
NCCMumfu4	ãː	-0.33	0	0
NCCMumfu4	æ	-0.25	0	0
NCCMumfu4	æː	-0.2	0	0
NCCMumfu4	æ̃	-0.2	0	0
NCCMumfu4	õ	-0.34	0	0
NCCMumfu4	õː	-0.31	0	0
NCCMumfu4	ø	-0.54	0	0
NCCMumfu4	øː	-0.28	0	0
NCCMumfu4	ĩ	-0.26	0	0
NCCMumfu4	ĩː	-0.14	0	0
NCCMumfu4	ŋ	1.7	125	213
NCCMumfu4	ŋm	-0.53	0	0
NCCMumfu4	ŋmʷ	-0.14	0	0
NCCMumfu4	ŋʷ	-0.34	0	0
NCCMumfu4	ŋˤ	-0.14	0	0
NCCMumfu4	œ	-0.36	0	0
NCCMumfu4	œː	-0.29	0	0
NCCMumfu4	œ̃	-0.14	0	0
NCCMumfu4	ũ	-0.28	0	0
NCCMumfu4	ũʱ	-0.14	0	0
NCCMumfu4	ũː	-0.24	0	0
NCCMumfu4	ɑ	-0.47	0	0
NCCMumfu4	ɑː	-0.4	0	0
NCCMumfu4	ɑ̃	-0.14	0	0
NCCMumfu4	ɑ̃ː	-0.14	0	0
NCCMumfu4	ɒ	-0.32	0	0
NCCMumfu4	ɒː	-0.28	0	0
NCCMumfu4	ɒ̃	-0.14	0	0
NCCMumfu4	ɒ̃ː	-0.14	0	0
NCCMumfu4	ɔ	0.76	38	29
NCCMumfu4	ɔː	3.13	17	53
NCCMumfu4	ɔ̃	-0.23	0	0
NCCMumfu4	ɔ̃ː	-0.19	0	0
NCCMumfu4	ɘ	0.36	2	1
NCCMumfu4	ɘː	-0.29	0	0
NCCMumfu4	ə	-1.23	70	-86
NCCMumfu4	əː	-0.51	2	-1
NCCMumfu4	əˠ	-0.14	0	0
NCCMumfu4	ə̃	-0.56	0	0
NCCMumfu4	ə̃ː	-0.2	0	0
NCCMumfu4	ɛ	1.4	62	87
NCCMumfu4	ɛː	0.33	9	3
NCCMumfu4	ɛ̃	-0.32	0	0
NCCMumfu4	ɛ̃ː	-0.28	0	0
NCCMumfu4	ɠ	-0.14	0	0
NCCMumfu4	ɣ	-0.46	0	0
NCCMumfu4	ɥ	3.75	57	214
NCCMumfu4	ɦ	-0.24	0	0
NCCMumfu4	ɦː	-0.16	0	0
NCCMumfu4	ɨ	-0.68	0	0
NCCMumfu4	ɨː	-0.34	0	0
NCCMumfu4	ɨ̃	-0.24	0	0
NCCMumfu4	ɪ	-0.52	40	-21
NCCMumfu4	ɪː	-1.19	0	0
NCCMumfu4	ɪ̃	-0.26	0	0
NCCMumfu4	ɪ̃ː	-0.22	0	0
NCCMumfu4	ɯ	-0.2	0	0
NCCMumfu4	ɱ	-0.44	0	0
NCCMumfu4	ɲ	-1.02	6	-6
NCCMumfu4	ɲʲ	1.33	4	5
NCCMumfu4	ɲʷ	1.35	2	3
NCCMumfu4	ɳ	-0.14	0	0
NCCMumfu4	ʃ	0.7	25	17
NCCMumfu4	ʃʲ	2.37	11	26
NCCMumfu4	ʃʷ	-0.4	0	0
NCCMumfu4	ʉ	-0.26	0	0
NCCMumfu4	ʉʱ	-0.14	0	0
NCCMumfu4	ʉː	-0.14	0	0
NCCMumfu4	ʊ	-0.79	42	-33
NCCMumfu4	ʊʱ	-0.47	0	0
NCCMumfu4	ʊʱː	-0.14	0	0
NCCMumfu4	ʊː	0.32	9	3
NCCMumfu4	ʊ̃	-0.38	0	0
NCCMumfu4	ʊ̃ː	-0.33	0	0
NCCMumfu4	ʊ̤	-0.14	0	0
NCCMumfu4	ʒ	-0.6	0	0
NCCMumfu4	ʒʷ	-0.2	0	0
NCCMumfu4	ʔ	2.11	51	108
NCCMumfu4	β	-0.35	0	0
NCCMumfu4	βʷ	-0.14	0	0
NCCMumfu4	ẽ	-0.23	0	0
NCCMumfu4	ẽː	-0.14	0	0
NCCMumfu4	⁴⁵	-0.14	0	0
NCCMumfu4	⁵	-0.43	275	-120
NCCMumfu4	⁵³	3.61	57	206
NCCMumfu4	⁵¹	-0.34	45	-15
NCCMumfu4	ⁿb	-0.37	0	0
NCCMumfu4	ⁿbʷ	-0.37	0	0
NCCMumfu4	ⁿd	-0.45	0	0
NCCMumfu4	ⁿdʷ	-0.14	0	0
NCCMumfu4	ⁿt	-0.4	0	0
NCMMashi5	a	1.27	179	227
NCMMashi5	aː	1.36	37	50
NCMMashi5	b	0.17	74	12
NCMMashi5	bʷ	0.86	7	6
NCMMashi5	d	3.61	89	322
NCMMashi5	dzʷ	-0.2	0	0
NCMMashi5	dʒ	0.09	18	2
NCMMashi5	dʒʷ	-0.22	0	0
NCMMashi5	dʷ	-0.19	0	0
NCMMashi5	e	-0.45	13	-6
NCMMashi5	eː	0.37	9	3
NCMMashi5	f	1.83	83	151
NCMMashi5	fʲ	0.26	2	1
NCMMashi5	fʷ	1.62	7	11
NCMMashi5	g	0.02	17	0
NCMMashi5	gb	-0.29	9	-3
NCMMashi5	gʷ	-0.31	0	0
NCMMashi5	h	-0.75	0	0
NCMMashi5	i	-0.44	41	-18
NCMMashi5	iː	2.12	17	36
NCMMashi5	j	-1.39	13	-18
NCMMashi5	k	-1.73	48	-83
NCMMashi5	kp	-1.31	7	-9
NCMMashi5	kpʳʷ	-0.2	0	0
NCMMashi5	kpʷ	-0.14	0	0
NCMMashi5	kx	-0.71	0	0
NCMMashi5	kʰ	-0.14	0	0
NCMMashi5	kʲ	-0.4	0	0
NCMMashi5	kʷ	-0.24	4	-1
NCMMashi5	l	-0.84	18	-15
NCMMashi5	m	0.42	100	42
NCMMashi5	mʷ	-0.56	0	0
NCMMashi5	n	-0.39	96	-37
NCMMashi5	nʷ	-0.2	0	0
NCMMashi5	o	-0.49	28	-14
NCMMashi5	oː	3.76	44	165
NCMMashi5	p	0.42	4	2
NCMMashi5	q	-0.14	0	0
NCMMashi5	r	3.44	6	21
NCMMashi5	s	-0.53	20	-11
NCMMashi5	sʷ	-0.14	0	0
NCMMashi5	t	1.44	61	88
NCMMashi5	ts	3.23	65	210
NCMMashi5	tsʷ	-0.24	0	0
NCMMashi5	tsː	-0.14	0	0
NCMMashi5	tʃ	-0.74	7	-5
NCMMashi5	tʃʷ	2.51	2	5
NCMMashi5	tʰ	-0.24	0	0
NCMMashi5	tʲ	-0.35	0	0
NCMMashi5	tʷ	1.54	2	3
NCMMashi5	tˢ	-0.14	0	0
NCMMashi5	u	-0.64	15	-10
NCMMashi5	uʱ	-0.48	0	0
NCMMashi5	uː	-0.95	0	0
NCMMashi5	uːʱ	-0.14	0	0
NCMMashi5	v	-0.45	0	0
NCMMashi5	vʷ	-0.24	0	0
NCMMashi5	w	-1.2	11	-13
NCMMashi5	z	3.91	76	297
NCMMashi5	zː	-0.14	0	0
NCMMashi5	²¹	-0.14	0	0
NCMMashi5	³	0.6	83	49
NCMMashi5	³¹	-0.2	0	0
NCMMashi5	³⁵	-0.14	0	0
NCMMashi5	¹	-1.15	215	-247
NCMMashi5	¹³	3.26	6	20
NCMMashi5	¹⁵	3.0	87	261
NCMMashi5	ã	-0.44	0	0
NCMMashi5	ãː	-0.33	0	0
NCMMashi5	æ	-0.25	0	0
NCMMashi5	æː	-0.2	0	0
NCMMashi5	æ̃	-0.2	0	0
NCMMashi5	õ	-0.34	0	0
NCMMashi5	õː	-0.31	0	0
NCMMashi5	ø	-0.54	0	0
NCMMashi5	øː	-0.28	0	0
NCMMashi5	ĩ	-0.26	0	0
NCMMashi5	ĩː	-0.14	0	0
NCMMashi5	ŋ	-0.49	68	-33
NCMMashi5	ŋm	-0.01	2	0
NCMMashi5	ŋmʷ	-0.14	0	0
NCMMashi5	ŋʷ	1.52	4	6
NCMMashi5	ŋˤ	-0.14	0	0
NCMMashi5	œ	-0.36	0	0
NCMMashi5	œː	-0.29	0	0
NCMMashi5	œ̃	-0.14	0	0
NCMMashi5	ũ	-0.28	0	0
NCMMashi5	ũʱ	-0.14	0	0
NCMMashi5	ũː	-0.24	0	0
NCMMashi5	ɑ	-0.47	0	0
NCMMashi5	ɑː	-0.4	0	0
NCMMashi5	ɑ̃	-0.14	0	0
NCMMashi5	ɑ̃ː	-0.14	0	0
NCMMashi5	ɒ	-0.32	0	0
NCMMashi5	ɒː	-0.28	0	0
NCMMashi5	ɒ̃	-0.14	0	0
NCMMashi5	ɒ̃ː	-0.14	0	0
NCMMashi5	ɔ	-0.4	22	-9
NCMMashi5	ɔː	0.74	7	5
NCMMashi5	ɔ̃	-0.23	0	0
NCMMashi5	ɔ̃ː	-0.19	0	0
NCMMashi5	ɘ	4.93	15	74
NCMMashi5	ɘː	0.62	2	1
NCMMashi5	ə	-1.07	85	-91
NCMMashi5	əː	0.97	13	13
NCMMashi5	əˠ	-0.14	0	0
NCMMashi5	ə̃	-0.56	0	0
NCMMashi5	ə̃ː	-0.2	0	0
NCMMashi5	ɛ	-0.98	2	-2
NCMMashi5	ɛː	-1.1	0	0
NCMMashi5	ɛ̃	-0.32	0	0
NCMMashi5	ɛ̃ː	-0.28	0	0
NCMMashi5	ɠ	-0.14	0	0
NCMMashi5	ɣ	0.38	11	4
NCMMashi5	ɥ	-0.46	2	-1
NCMMashi5	ɦ	-0.24	0	0
NCMMashi5	ɦː	-0.16	0	0
NCMMashi5	ɨ	-0.68	0	0
NCMMashi5	ɨː	-0.34	0	0
NCMMashi5	ɨ̃	-0.24	0	0
NCMMashi5	ɪ	-0.54	39	-21
NCMMashi5	ɪː	-0.42	2	-1
NCMMashi5	ɪ̃	-0.26	0	0
NCMMashi5	ɪ̃ː	-0.22	0	0
NCMMashi5	ɯ	-0.2	0	0
NCMMashi5	ɱ	-0.44	0	0
NCMMashi5	ɲ	-0.83	9	-7
NCMMashi5	ɲʲ	0.27	2	1
NCMMashi5	ɲʷ	-0.4	0	0
NCMMashi5	ɳ	-0.14	0	0
NCMMashi5	ʃ	-0.41	13	-5
NCMMashi5	ʃʲ	0.49	4	2
NCMMashi5	ʃʷ	1.46	2	3
NCMMashi5	ʉ	-0.26	0	0
NCMMashi5	ʉʱ	-0.14	0	0
NCMMashi5	ʉː	-0.14	0	0
NCMMashi5	ʊ	2.08	131	272
NCMMashi5	ʊʱ	-0.47	0	0
NCMMashi5	ʊʱː	-0.14	0	0
NCMMashi5	ʊː	1.41	17	24
NCMMashi5	ʊ̃	-0.38	0	0
NCMMashi5	ʊ̃ː	-0.33	0	0
NCMMashi5	ʊ̤	-0.14	0	0
NCMMashi5	ʒ	-0.6	0	0
NCMMashi5	ʒʷ	-0.2	0	0
NCMMashi5	ʔ	-0.5	0	0
NCMMashi5	β	-0.35	0	0
NCMMashi5	βʷ	-0.14	0	0
NCMMashi5	ẽ	-0.23	0	0
NCMMashi5	ẽː	-0.14	0	0
NCMMashi5	⁴⁵	-0.14	0	0
NCMMashi5	⁵	0.13	303	40
NCMMashi5	⁵³	0.22	17	4
NCMMashi5	⁵¹	-0.86	35	-30
NCMMashi5	ⁿb	-0.37	0	0
NCMMashi5	ⁿbʷ	-0.37	0	0
NCMMashi5	ⁿd	-0.45	0	0
NCMMashi5	ⁿdʷ	-0.14	0	0
NCMMashi5	ⁿt	-0.4	0	0
NDNMissong5	a	1.07	171	182
NDNMissong5	aː	-0.75	12	-9
NDNMissong5	b	1.57	101	158
NDNMissong5	bʷ	1.36	9	12
NDNMissong5	d	-0.87	13	-11
NDNMissong5	dzʷ	-0.2	0	0
NDNMissong5	dʒ	2.72	50	136
NDNMissong5	dʒʷ	-0.22	0	0
NDNMissong5	dʷ	-0.19	0	0
NDNMissong5	e	0.17	22	4
NDNMissong5	eː	-0.45	3	-1
NDNMissong5	f	-0.55	42	-23
NDNMissong5	fʲ	0.68	3	2
NDNMissong5	fʷ	-0.59	0	0
NDNMissong5	g	-0.95	6	-6
NDNMissong5	gb	-0.76	7	-5
NDNMissong5	gʷ	-0.31	0	0
NDNMissong5	h	2.25	60	135
NDNMissong5	i	1.25	99	123
NDNMissong5	iː	0.64	10	6
NDNMissong5	j	-0.99	20	-20
NDNMissong5	k	-0.13	102	-13
NDNMissong5	kp	0.12	16	2
NDNMissong5	kpʳʷ	-0.2	0	0
NDNMissong5	kpʷ	-0.14	0	0
NDNMissong5	kx	-0.71	0	0
NDNMissong5	kʰ	-0.14	0	0
NDNMissong5	kʲ	-0.4	0	0
NDNMissong5	kʷ	-0.24	4	-1
NDNMissong5	l	-0.04	29	-1
NDNMissong5	m	-0.87	73	-64
NDNMissong5	mʷ	1.32	4	5
NDNMissong5	n	-1.67	66	-110
NDNMissong5	nʷ	-0.2	0	0
NDNMissong5	o	2.27	91	206
NDNMissong5	oː	-0.26	7	-2
NDNMissong5	p	0.08	3	0
NDNMissong5	q	-0.14	0	0
NDNMissong5	r	-0.69	0	0
NDNMissong5	s	-0.87	15	-13
NDNMissong5	sʷ	-0.14	0	0
NDNMissong5	t	-0.7	41	-29
NDNMissong5	ts	-0.64	9	-6
NDNMissong5	tsʷ	-0.24	0	0
NDNMissong5	tsː	-0.14	0	0
NDNMissong5	tʃ	-0.02	12	0
NDNMissong5	tʃʷ	-0.41	0	0
NDNMissong5	tʰ	-0.24	0	0
NDNMissong5	tʲ	-0.35	0	0
NDNMissong5	tʷ	-0.43	0	0
NDNMissong5	tˢ	-0.14	0	0
NDNMissong5	u	-0.81	13	-11
NDNMissong5	uʱ	-0.48	0	0
NDNMissong5	uː	-0.6	1	-1
NDNMissong5	uːʱ	-0.14	0	0
NDNMissong5	v	-0.45	0	0
NDNMissong5	vʷ	-0.24	0	0
NDNMissong5	w	-0.79	18	-14
NDNMissong5	z	-0.24	19	-5
NDNMissong5	zː	-0.14	0	0
NDNMissong5	²¹	-0.14	0	0
NDNMissong5	³	-0.52	50	-26
NDNMissong5	³¹	-0.2	0	0
NDNMissong5	³⁵	-0.14	0	0
NDNMissong5	¹	1.17	368	431
NDNMissong5	¹³	-0.76	0	0
NDNMissong5	¹⁵	0.22	37	8
NDNMissong5	ã	-0.44	0	0
NDNMissong5	ãː	-0.33	0	0
NDNMissong5	æ	-0.25	0	0
NDNMissong5	æː	-0.2	0	0
NDNMissong5	æ̃	-0.2	0	0
NDNMissong5	õ	-0.34	0	0
NDNMissong5	õː	-0.31	0	0
NDNMissong5	ø	-0.54	0	0
NDNMissong5	øː	-0.28	0	0
NDNMissong5	ĩ	-0.26	0	0
NDNMissong5	ĩː	-0.14	0	0
NDNMissong5	ŋ	-1.37	45	-62
NDNMissong5	ŋm	-0.53	0	0
NDNMissong5	ŋmʷ	-0.14	0	0
NDNMissong5	ŋʷ	-0.34	0	0
NDNMissong5	ŋˤ	-0.14	0	0
NDNMissong5	œ	-0.36	0	0
NDNMissong5	œː	-0.29	0	0
NDNMissong5	œ̃	-0.14	0	0
NDNMissong5	ũ	-0.28	0	0
NDNMissong5	ũʱ	-0.14	0	0
NDNMissong5	ũː	-0.24	0	0
NDNMissong5	ɑ	-0.47	0	0
NDNMissong5	ɑː	-0.4	0	0
NDNMissong5	ɑ̃	-0.14	0	0
NDNMissong5	ɑ̃ː	-0.14	0	0
NDNMissong5	ɒ	-0.32	0	0
NDNMissong5	ɒː	-0.28	0	0
NDNMissong5	ɒ̃	-0.14	0	0
NDNMissong5	ɒ̃ː	-0.14	0	0
NDNMissong5	ɔ	-1.28	10	-13
NDNMissong5	ɔː	-0.22	3	-1
NDNMissong5	ɔ̃	-0.23	0	0
NDNMissong5	ɔ̃ː	-0.19	0	0
NDNMissong5	ɘ	-0.34	0	0
NDNMissong5	ɘː	-0.29	0	0
NDNMissong5	ə	-0.9	102	-92
NDNMissong5	əː	-0.24	4	-1
NDNMissong5	əˠ	-0.14	0	0
NDNMissong5	ə̃	-0.56	0	0
NDNMissong5	ə̃ː	-0.2	0	0
NDNMissong5	ɛ	-0.7	9	-6
NDNMissong5	ɛː	1.29	15	19
NDNMissong5	ɛ̃	-0.32	0	0
NDNMissong5	ɛ̃ː	-0.28	0	0
NDNMissong5	ɠ	-0.14	0	0
NDNMissong5	ɣ	-0.46	0	0
NDNMissong5	ɥ	-0.54	1	-1
NDNMissong5	ɦ	-0.24	0	0
NDNMissong5	ɦː	-0.16	0	0
NDNMissong5	ɨ	-0.68	0	0
NDNMissong5	ɨː	-0.34	0	0
NDNMissong5	ɨ̃	-0.24	0	0
NDNMissong5	ɪ	1.06	107	114
NDNMissong5	ɪː	0.34	4	1
NDNMissong5	ɪ̃	-0.26	0	0
NDNMissong5	ɪ̃ː	-0.22	0	0
NDNMissong5	ɯ	-0.2	0	0
NDNMissong5	ɱ	0.94	1	1
NDNMissong5	ɲ	-0.12	20	-2
NDNMissong5	ɲʲ	-0.26	1	0
NDNMissong5	ɲʷ	-0.4	0	0
NDNMissong5	ɳ	-0.14	0	0
NDNMissong5	ʃ	-0.5	12	-6
NDNMissong5	ʃʲ	-0.32	1	0
NDNMissong5	ʃʷ	-0.4	0	0
NDNMissong5	ʉ	-0.26	0	0
NDNMissong5	ʉʱ	-0.14	0	0
NDNMissong5	ʉː	-0.14	0	0
NDNMissong5	ʊ	1.56	115	179
NDNMissong5	ʊʱ	-0.47	0	0
NDNMissong5	ʊʱː	-0.14	0	0
NDNMissong5	ʊː	-0.09	6	-1
NDNMissong5	ʊ̃	-0.38	0	0
NDNMissong5	ʊ̃ː	-0.33	0	0
NDNMissong5	ʊ̤	-0.14	0	0
NDNMissong5	ʒ	-0.6	0	0
NDNMissong5	ʒʷ	-0.2	0	0
NDNMissong5	ʔ	-0.5	0	0
NDNMissong5	β	-0.35	0	0
NDNMissong5	βʷ	-0.14	0	0
NDNMissong5	ẽ	-0.23	0	0
NDNMissong5	ẽː	-0.14	0	0
NDNMissong5	⁴⁵	-0.14	0	0
NDNMissong5	⁵	-0.05	294	-15
NDNMissong5	⁵³	-0.45	9	-4
NDNMissong5	⁵¹	0.35	58	20
NDNMissong5	ⁿb	-0.37	0	0
NDNMissong5	ⁿbʷ	-0.37	0	0
NDNMissong5	ⁿd	-0.45	0	0
NDNMissong5	ⁿdʷ	-0.14	0	0
NDNMissong5	ⁿt	-0.4	0	0
NEAMunken1	a	1.79	200	359
NEAMunken1	aː	0.1	22	2
NEAMunken1	b	0.17	74	12
NEAMunken1	bʷ	-0.91	0	0
NEAMunken1	d	-0.16	25	-4
NEAMunken1	dzʷ	-0.2	0	0
NEAMunken1	dʒ	-0.4	12	-5
NEAMunken1	dʒʷ	-0.22	0	0
NEAMunken1	dʷ	-0.19	0	0
NEAMunken1	e	-0.66	10	-7
NEAMunken1	eː	-0.59	2	-1
NEAMunken1	f	-1.19	31	-37
NEAMunken1	fʲ	-0.6	0	0
NEAMunken1	fʷ	-0.59	0	0
NEAMunken1	g	-0.51	11	-6
NEAMunken1	gb	-0.29	9	-3
NEAMunken1	gʷ	-0.31	0	0
NEAMunken1	h	0.8	31	25
NEAMunken1	i	-0.03	55	-2
NEAMunken1	iː	-0.84	3	-3
NEAMunken1	j	-0.12	35	-4
NEAMunken1	k	-1.31	62	-81
NEAMunken1	kp	0.12	16	2
NEAMunken1	kpʳʷ	-0.2	0	0
NEAMunken1	kpʷ	-0.14	0	0
NEAMunken1	kx	0.04	2	0
NEAMunken1	kʰ	-0.14	0	0
NEAMunken1	kʲ	-0.4	0	0
NEAMunken1	kʷ	-0.69	0	0
NEAMunken1	l	0.89	42	37
NEAMunken1	m	-0.06	90	-5
NEAMunken1	mʷ	-0.56	0	0
NEAMunken1	n	-0.34	97	-33
NEAMunken1	nʷ	-0.2	0	0
NEAMunken1	o	-1.15	13	-15
NEAMunken1	oː	-1.02	0	0
NEAMunken1	p	-0.61	1	-1
NEAMunken1	q	-0.14	0	0
NEAMunken1	r	0.0	1	0
NEAMunken1	s	-0.05	27	-1
NEAMunken1	sʷ	-0.14	0	0
NEAMunken1	t	-1.76	31	-55
NEAMunken1	ts	-0.5	11	-6
NEAMunken1	tsʷ	-0.24	0	0
NEAMunken1	tsː	-0.14	0	0
NEAMunken1	tʃ	0.42	15	6
NEAMunken1	tʃʷ	-0.41	0	0
NEAMunken1	tʰ	-0.24	0	0
NEAMunken1	tʲ	-0.35	0	0
NEAMunken1	tʷ	-0.43	0	0
NEAMunken1	tˢ	-0.14	0	0
NEAMunken1	u	-0.23	20	-5
NEAMunken1	uʱ	-0.48	0	0
NEAMunken1	uː	-0.6	1	-1
NEAMunken1	uːʱ	-0.14	0	0
NEAMunken1	v	-0.45	0	0
NEAMunken1	vʷ	-0.24	0	0
NEAMunken1	w	0.96	48	46
NEAMunken1	z	-0.39	17	-7
NEAMunken1	zː	-0.14	0	0
NEAMunken1	²¹	-0.14	0	0
NEAMunken1	³	-0.52	50	-26
NEAMunken1	³¹	-0.2	0	0
NEAMunken1	³⁵	-0.14	0	0
NEAMunken1	¹	0.56	328	185
NEAMunken1	¹³	-0.76	0	0
NEAMunken1	¹⁵	-1.06	14	-15
NEAMunken1	ã	-0.44	0	0
NEAMunken1	ãː	-0.33	0	0
NEAMunken1	æ	-0.25	0	0
NEAMunken1	æː	-0.2	0	0
NEAMunken1	æ̃	-0.2	0	0
NEAMunken1	õ	-0.34	0	0
NEAMunken1	õː	-0.31	0	0
NEAMunken1	ø	-0.54	0	0
NEAMunken1	øː	-0.28	0	0
NEAMunken1	ĩ	-0.26	0	0
NEAMunken1	ĩː	-0.14	0	0
NEAMunken1	ŋ	0.09	83	7
NEAMunken1	ŋm	-0.53	0	0
NEAMunken1	ŋmʷ	-0.14	0	0
NEAMunken1	ŋʷ	-0.34	0	0
NEAMunken1	ŋˤ	-0.14	0	0
NEAMunken1	œ	-0.05	1	0
NEAMunken1	œː	-0.29	0	0
NEAMunken1	œ̃	-0.14	0	0
NEAMunken1	ũ	-0.28	0	0
NEAMunken1	ũʱ	-0.14	0	0
NEAMunken1	ũː	-0.24	0	0
NEAMunken1	ɑ	-0.47	0	0
NEAMunken1	ɑː	-0.4	0	0
NEAMunken1	ɑ̃	-0.14	0	0
NEAMunken1	ɑ̃ː	-0.14	0	0
NEAMunken1	ɒ	-0.32	0	0
NEAMunken1	ɒː	-0.28	0	0
NEAMunken1	ɒ̃	-0.14	0	0
NEAMunken1	ɒ̃ː	-0.14	0	0
NEAMunken1	ɔ	0.4	33	13
NEAMunken1	ɔː	0.5	6	3
NEAMunken1	ɔ̃	-0.23	0	0
NEAMunken1	ɔ̃ː	-0.19	0	0
NEAMunken1	ɘ	-0.34	0	0
NEAMunken1	ɘː	-0.29	0	0
NEAMunken1	ə	-0.04	186	-8
NEAMunken1	əː	-0.51	2	-1
NEAMunken1	əˠ	-0.14	0	0
NEAMunken1	ə̃	0.58	1	1
NEAMunken1	ə̃ː	-0.2	0	0
NEAMunken1	ɛ	0.18	31	5
NEAMunken1	ɛː	-0.47	4	-2
NEAMunken1	ɛ̃	-0.32	0	0
NEAMunken1	ɛ̃ː	-0.28	0	0
NEAMunken1	ɠ	-0.14	0	0
NEAMunken1	ɣ	-0.46	0	0
NEAMunken1	ɥ	-0.38	3	-1
NEAMunken1	ɦ	-0.24	0	0
NEAMunken1	ɦː	-0.16	0	0
NEAMunken1	ɨ	-0.68	0	0
NEAMunken1	ɨː	-0.34	0	0
NEAMunken1	ɨ̃	-0.24	0	0
NEAMunken1	ɪ	1.04	106	110
NEAMunken1	ɪː	-0.04	3	0
NEAMunken1	ɪ̃	-0.26	0	0
NEAMunken1	ɪ̃ː	-0.22	0	0
NEAMunken1	ɯ	-0.2	0	0
NEAMunken1	ɱ	0.94	1	1
NEAMunken1	ɲ	-0.57	13	-7
NEAMunken1	ɲʲ	-0.79	0	0
NEAMunken1	ɲʷ	-0.4	0	0
NEAMunken1	ɳ	-0.14	0	0
NEAMunken1	ʃ	2.26	42	95
NEAMunken1	ʃʲ	-0.59	0	0
NEAMunken1	ʃʷ	-0.4	0	0
NEAMunken1	ʉ	-0.26	0	0
NEAMunken1	ʉʱ	-0.14	0	0
NEAMunken1	ʉː	-0.14	0	0
NEAMunken1	ʊ	0.79	91	72
NEAMunken1	ʊʱ	-0.47	0	0
NEAMunken1	ʊʱː	-0.14	0	0
NEAMunken1	ʊː	-0.63	2	-1
NEAMunken1	ʊ̃	-0.38	0	0
NEAMunken1	ʊ̃ː	-0.33	0	0
NEAMunken1	ʊ̤	-0.14	0	0
NEAMunken1	ʒ	-0.4	1	0
NEAMunken1	ʒʷ	-0.2	0	0
NEAMunken1	ʔ	-0.45	1	0
NEAMunken1	β	-0.35	0	0
NEAMunken1	βʷ	-0.14	0	0
NEAMunken1	ẽ	-0.23	0	0
NEAMunken1	ẽː	-0.14	0	0
NEAMunken1	⁴⁵	-0.14	0	0
NEAMunken1	⁵	1.55	373	577
NEAMunken1	⁵³	-0.37	10	-4
NEAMunken1	⁵¹	-1.28	27	-35
NEAMunken1	ⁿb	-0.37	0	0
NEAMunken1	ⁿbʷ	-0.37	0	0
NEAMunken1	ⁿd	-0.45	0	0
NEAMunken1	ⁿdʷ	-0.14	0	0
NEAMunken1	ⁿt	-0.4	0	0
NEMAjumbu9	a	0.97	167	161
NEMAjumbu9	aː	0.85	31	26
NEMAjumbu9	b	-2.07	31	-64
NEMAjumbu9	bʷ	0.86	7	6
NEMAjumbu9	d	-0.87	13	-11
NEMAjumbu9	dzʷ	-0.2	0	0
NEMAjumbu9	dʒ	-1.06	4	-4
NEMAjumbu9	dʒʷ	0.62	2	1
NEMAjumbu9	dʷ	-0.19	0	0
NEMAjumbu9	e	-1.01	5	-5
NEMAjumbu9	eː	-0.59	2	-1
NEMAjumbu9	f	0.32	57	18
NEMAjumbu9	fʲ	3.25	9	29
NEMAjumbu9	fʷ	1.62	7	11
NEMAjumbu9	g	0.56	23	13
NEMAjumbu9	gb	-0.29	9	-3
NEMAjumbu9	gʷ	4.74	20	95
NEMAjumbu9	h	-0.75	0	0
NEMAjumbu9	i	-0.79	29	-23
NEMAjumbu9	iː	-1.05	2	-2
NEMAjumbu9	j	-1.39	13	-18
NEMAjumbu9	k	0.26	115	30
NEMAjumbu9	kp	0.76	20	15
NEMAjumbu9	kpʳʷ	5.05	2	10
NEMAjumbu9	kpʷ	-0.14	0	0
NEMAjumbu9	kx	0.04	2	0
NEMAjumbu9	kʰ	-0.14	0	0
NEMAjumbu9	kʲ	4.95	23	114
NEMAjumbu9	kʷ	0.75	13	10
NEMAjumbu9	l	0.17	32	5
NEMAjumbu9	m	-2.07	48	-99
NEMAjumbu9	mʷ	1.32	4	5
NEMAjumbu9	n	-0.52	93	-48
NEMAjumbu9	nʷ	-0.2	0	0
NEMAjumbu9	o	1.26	68	86
NEMAjumbu9	oː	0.5	14	7
NEMAjumbu9	p	-0.96	0	0
NEMAjumbu9	q	-0.14	0	0
NEMAjumbu9	r	-0.69	0	0
NEMAjumbu9	s	0.56	36	20
NEMAjumbu9	sʷ	-0.14	0	0
NEMAjumbu9	t	-1.02	38	-39
NEMAjumbu9	ts	-0.64	9	-6
NEMAjumbu9	tsʷ	-0.24	0	0
NEMAjumbu9	tsː	-0.14	0	0
NEMAjumbu9	tʃ	-1.03	5	-5
NEMAjumbu9	tʃʷ	-0.41	0	0
NEMAjumbu9	tʰ	-0.24	0	0
NEMAjumbu9	tʲ	-0.35	0	0
NEMAjumbu9	tʷ	-0.43	0	0
NEMAjumbu9	tˢ	-0.14	0	0
NEMAjumbu9	u	0.19	25	5
NEMAjumbu9	uʱ	1.43	4	6
NEMAjumbu9	uː	0.43	4	2
NEMAjumbu9	uːʱ	-0.14	0	0
NEMAjumbu9	v	4.17	14	58
NEMAjumbu9	vʷ	3.39	2	7
NEMAjumbu9	w	-1.32	9	-12
NEMAjumbu9	z	0.49	29	14
NEMAjumbu9	zː	-0.14	0	0
NEMAjumbu9	²¹	-0.14	0	0
NEMAjumbu9	³	-1.36	25	-34
NEMAjumbu9	³¹	-0.2	0	0
NEMAjumbu9	³⁵	-0.14	0	0
NEMAjumbu9	¹	0.84	346	290
NEMAjumbu9	¹³	-0.76	0	0
NEMAjumbu9	¹⁵	-1.34	9	-12
NEMAjumbu9	ã	-0.44	0	0
NEMAjumbu9	ãː	-0.33	0	0
NEMAjumbu9	æ	-0.25	0	0
NEMAjumbu9	æː	-0.2	0	0
NEMAjumbu9	æ̃	-0.2	0	0
NEMAjumbu9	õ	-0.34	0	0
NEMAjumbu9	õː	-0.31	0	0
NEMAjumbu9	ø	-0.54	0	0
NEMAjumbu9	øː	-0.28	0	0
NEMAjumbu9	ĩ	-0.26	0	0
NEMAjumbu9	ĩː	-0.14	0	0
NEMAjumbu9	ŋ	-0.68	63	-43
NEMAjumbu9	ŋm	-0.53	0	0
NEMAjumbu9	ŋmʷ	-0.14	0	0
NEMAjumbu9	ŋʷ	2.92	7	20
NEMAjumbu9	ŋˤ	-0.14	0	0
NEMAjumbu9	œ	-0.36	0	0
NEMAjumbu9	œː	-0.29	0	0
NEMAjumbu9	œ̃	-0.14	0	0
NEMAjumbu9	ũ	-0.28	0	0
NEMAjumbu9	ũʱ	-0.14	0	0
NEMAjumbu9	ũː	-0.24	0	0
NEMAjumbu9	ɑ	-0.47	0	0
NEMAjumbu9	ɑː	-0.4	0	0
NEMAjumbu9	ɑ̃	-0.14	0	0
NEMAjumbu9	ɑ̃ː	-0.14	0	0
NEMAjumbu9	ɒ	-0.32	0	0
NEMAjumbu9	ɒː	-0.28	0	0
NEMAjumbu9	ɒ̃	-0.14	0	0
NEMAjumbu9	ɒ̃ː	-0.14	0	0
NEMAjumbu9	ɔ	-0.84	16	-13
NEMAjumbu9	ɔː	-0.94	0	0
NEMAjumbu9	ɔ̃	-0.23	0	0
NEMAjumbu9	ɔ̃ː	-0.19	0	0
NEMAjumbu9	ɘ	-0.34	0	0
NEMAjumbu9	ɘː	-0.29	0	0
NEMAjumbu9	ə	0.76	264	200
NEMAjumbu9	əː	-0.1	5	-1
NEMAjumbu9	əˠ	-0.14	0	0
NEMAjumbu9	ə̃	-0.56	0	0
NEMAjumbu9	ə̃ː	-0.2	0	0
NEMAjumbu9	ɛ	-0.42	16	-7
NEMAjumbu9	ɛː	1.13	14	16
NEMAjumbu9	ɛ̃	-0.32	0	0
NEMAjumbu9	ɛ̃ː	-0.28	0	0
NEMAjumbu9	ɠ	-0.14	0	0
NEMAjumbu9	ɣ	0.38	11	4
NEMAjumbu9	ɥ	1.3	25	33
NEMAjumbu9	ɦ	-0.24	0	0
NEMAjumbu9	ɦː	-0.16	0	0
NEMAjumbu9	ɨ	0.62	4	2
NEMAjumbu9	ɨː	-0.34	0	0
NEMAjumbu9	ɨ̃	-0.24	0	0
NEMAjumbu9	ɪ	-0.92	23	-21
NEMAjumbu9	ɪː	-0.42	2	-1
NEMAjumbu9	ɪ̃	-0.26	0	0
NEMAjumbu9	ɪ̃ː	-0.22	0	0
NEMAjumbu9	ɯ	-0.2	0	0
NEMAjumbu9	ɱ	-0.44	0	0
NEMAjumbu9	ɲ	2.39	59	141
NEMAjumbu9	ɲʲ	1.86	5	9
NEMAjumbu9	ɲʷ	3.11	4	12
NEMAjumbu9	ɳ	-0.14	0	0
NEMAjumbu9	ʃ	-0.59	11	-7
NEMAjumbu9	ʃʲ	-0.05	2	0
NEMAjumbu9	ʃʷ	-0.4	0	0
NEMAjumbu9	ʉ	-0.26	0	0
NEMAjumbu9	ʉʱ	-0.14	0	0
NEMAjumbu9	ʉː	-0.14	0	0
NEMAjumbu9	ʊ	-1.21	29	-35
NEMAjumbu9	ʊʱ	2.84	5	14
NEMAjumbu9	ʊʱː	-0.14	0	0
NEMAjumbu9	ʊː	-0.63	2	-1
NEMAjumbu9	ʊ̃	-0.38	0	0
NEMAjumbu9	ʊ̃ː	-0.33	0	0
NEMAjumbu9	ʊ̤	-0.14	0	0
NEMAjumbu9	ʒ	4.19	25	105
NEMAjumbu9	ʒʷ	-0.2	0	0
NEMAjumbu9	ʔ	0.32	16	5
NEMAjumbu9	β	-0.35	0	0
NEMAjumbu9	βʷ	-0.14	0	0
NEMAjumbu9	ẽ	-0.23	0	0
NEMAjumbu9	ẽː	-0.14	0	0
NEMAjumbu9	⁴⁵	-0.14	0	0
NEMAjumbu9	⁵	-0.56	269	-150
NEMAjumbu9	⁵³	-1.04	2	-2
NEMAjumbu9	⁵¹	2.19	93	203
NEMAjumbu9	ⁿb	0.4	5	2
NEMAjumbu9	ⁿbʷ	-0.37	0	0
NEMAjumbu9	ⁿd	5.09	27	137
NEMAjumbu9	ⁿdʷ	-0.14	0	0
NEMAjumbu9	ⁿt	2.5	4	10
NFKBiya7	a	-0.62	104	-64
NFKBiya7	aː	1.1	34	38
NFKBiya7	b	-0.61	59	-36
NFKBiya7	bʷ	0.61	6	4
NFKBiya7	d	0.01	28	0
NFKBiya7	dzʷ	-0.2	0	0
NFKBiya7	dʒ	-0.4	12	-5
NFKBiya7	dʒʷ	-0.22	0	0
NFKBiya7	dʷ	-0.19	0	0
NFKBiya7	e	-0.38	14	-5
NFKBiya7	eː	-0.04	6	0
NFKBiya7	f	0.26	56	15
NFKBiya7	fʲ	1.54	5	8
NFKBiya7	fʷ	2.26	9	20
NFKBiya7	g	-0.6	10	-6
NFKBiya7	gb	-0.29	9	-3
NFKBiya7	gʷ	-0.31	0	0
NFKBiya7	h	-0.3	9	-3
NFKBiya7	i	-0.09	53	-5
NFKBiya7	iː	-1.05	2	-2
NFKBiya7	j	-0.7	25	-17
NFKBiya7	k	0.61	127	78
NFKBiya7	kp	-0.36	13	-5
NFKBiya7	kpʳʷ	-0.2	0	0
NFKBiya7	kpʷ	-0.14	0	0
NFKBiya7	kx	-0.71	0	0
NFKBiya7	kʰ	-0.14	0	0
NFKBiya7	kʲ	-0.4	0	0
NFKBiya7	kʷ	0.64	12	8
NFKBiya7	l	0.32	34	11
NFKBiya7	m	0.04	92	3
NFKBiya7	mʷ	-0.09	1	0
NFKBiya7	n	0.04	106	4
NFKBiya7	nʷ	-0.2	0	0
NFKBiya7	o	-0.97	17	-17
NFKBiya7	oː	-0.05	9	0
NFKBiya7	p	-0.61	1	-1
NFKBiya7	q	-0.14	0	0
NFKBiya7	r	0.0	1	0
NFKBiya7	s	0.91	41	37
NFKBiya7	sʷ	-0.14	0	0
NFKBiya7	t	0.05	48	3
NFKBiya7	ts	-0.78	7	-5
NFKBiya7	tsʷ	-0.24	0	0
NFKBiya7	tsː	-0.14	0	0
NFKBiya7	tʃ	0.27	14	4
NFKBiya7	tʃʷ	-0.41	0	0
NFKBiya7	tʰ	-0.24	0	0
NFKBiya7	tʲ	0.58	3	2
NFKBiya7	tʷ	-0.43	0	0
NFKBiya7	tˢ	-0.14	0	0
NFKBiya7	u	-0.89	12	-11
NFKBiya7	uʱ	0.0	1	0
NFKBiya7	uː	0.08	3	0
NFKBiya7	uːʱ	-0.14	0	0
NFKBiya7	v	-0.45	0	0
NFKBiya7	vʷ	-0.24	0	0
NFKBiya7	w	-0.91	16	-15
NFKBiya7	z	-0.68	13	-9
NFKBiya7	zː	-0.14	0	0
NFKBiya7	²¹	-0.14	0	0
NFKBiya7	³	-0.35	55	-19
NFKBiya7	³¹	-0.2	0	0
NFKBiya7	³⁵	-0.14	0	0
NFKBiya7	¹	0.79	343	272
NFKBiya7	¹³	-0.09	1	0
NFKBiya7	¹⁵	-0.34	27	-9
NFKBiya7	ã	0.07	1	0
NFKBiya7	ãː	-0.33	0	0
NFKBiya7	æ	1.66	5	8
NFKBiya7	æː	5.05	1	5
NFKBiya7	æ̃	-0.2	0	0
NFKBiya7	õ	-0.34	0	0
NFKBiya7	õː	-0.31	0	0
NFKBiya7	ø	-0.54	0	0
NFKBiya7	øː	-0.28	0	0
NFKBiya7	ĩ	-0.26	0	0
NFKBiya7	ĩː	-0.14	0	0
NFKBiya7	ŋ	0.05	82	4
NFKBiya7	ŋm	0.25	3	1
NFKBiya7	ŋmʷ	-0.14	0	0
NFKBiya7	ŋʷ	-0.34	0	0
NFKBiya7	ŋˤ	-0.14	0	0
NFKBiya7	œ	-0.36	0	0
NFKBiya7	œː	-0.29	0	0
NFKBiya7	œ̃	-0.14	0	0
NFKBiya7	ũ	0.37	1	0
NFKBiya7	ũʱ	-0.14	0	0
NFKBiya7	ũː	2.26	1	2
NFKBiya7	ɑ	-0.47	0	0
NFKBiya7	ɑː	-0.4	0	0
NFKBiya7	ɑ̃	-0.14	0	0
NFKBiya7	ɑ̃ː	-0.14	0	0
NFKBiya7	ɒ	-0.32	0	0
NFKBiya7	ɒː	-0.28	0	0
NFKBiya7	ɒ̃	-0.14	0	0
NFKBiya7	ɒ̃ː	-0.14	0	0
NFKBiya7	ɔ	-0.33	23	-8
NFKBiya7	ɔː	0.5	6	3
NFKBiya7	ɔ̃	-0.23	0	0
NFKBiya7	ɔ̃ː	-0.19	0	0
NFKBiya7	ɘ	-0.34	0	0
NFKBiya7	ɘː	-0.29	0	0
NFKBiya7	ə	0.59	248	147
NFKBiya7	əː	-0.24	4	-1
NFKBiya7	əˠ	7.21	1	7
NFKBiya7	ə̃	-0.56	0	0
NFKBiya7	ə̃ː	-0.2	0	0
NFKBiya7	ɛ	-0.34	18	-6
NFKBiya7	ɛː	-0.31	5	-2
NFKBiya7	ɛ̃	0.93	2	2
NFKBiya7	ɛ̃ː	3.02	2	6
NFKBiya7	ɠ	-0.14	0	0
NFKBiya7	ɣ	-0.39	1	0
NFKBiya7	ɥ	-0.54	1	-1
NFKBiya7	ɦ	-0.24	0	0
NFKBiya7	ɦː	-0.16	0	0
NFKBiya7	ɨ	-0.68	0	0
NFKBiya7	ɨː	-0.34	0	0
NFKBiya7	ɨ̃	-0.24	0	0
NFKBiya7	ɪ	1.04	106	110
NFKBiya7	ɪː	-0.04	3	0
NFKBiya7	ɪ̃	-0.26	0	0
NFKBiya7	ɪ̃ː	-0.22	0	0
NFKBiya7	ɯ	-0.2	0	0
NFKBiya7	ɱ	-0.44	0	0
NFKBiya7	ɲ	-0.83	9	-7
NFKBiya7	ɲʲ	1.33	4	5
NFKBiya7	ɲʷ	-0.4	0	0
NFKBiya7	ɳ	-0.14	0	0
NFKBiya7	ʃ	-0.5	12	-6
NFKBiya7	ʃʲ	-0.32	1	0
NFKBiya7	ʃʷ	-0.4	0	0
NFKBiya7	ʉ	-0.26	0	0
NFKBiya7	ʉʱ	-0.14	0	0
NFKBiya7	ʉː	-0.14	0	0
NFKBiya7	ʊ	0.66	87	57
NFKBiya7	ʊʱ	-0.47	0	0
NFKBiya7	ʊʱː	-0.14	0	0
NFKBiya7	ʊː	0.19	8	1
NFKBiya7	ʊ̃	-0.38	0	0
NFKBiya7	ʊ̃ː	-0.33	0	0
NFKBiya7	ʊ̤	-0.14	0	0
NFKBiya7	ʒ	-0.6	0	0
NFKBiya7	ʒʷ	-0.2	0	0
NFKBiya7	ʔ	-0.5	0	0
NFKBiya7	β	-0.35	0	0
NFKBiya7	βʷ	-0.14	0	0
NFKBiya7	ẽ	2.82	1	3
NFKBiya7	ẽː	-0.14	0	0
NFKBiya7	⁴⁵	-0.14	0	0
NFKBiya7	⁵	0.56	324	180
NFKBiya7	⁵³	0.31	18	6
NFKBiya7	⁵¹	-1.6	21	-34
NFKBiya7	ⁿb	-0.37	0	0
NFKBiya7	ⁿbʷ	-0.37	0	0
NFKBiya7	ⁿd	-0.45	0	0
NFKBiya7	ⁿdʷ	-0.14	0	0
NFKBiya7	ⁿt	-0.4	0	0
NGTMunken3	a	1.02	169	172
NGTMunken3	aː	-1.5	3	-5
NGTMunken3	b	2.3	115	264
NGTMunken3	bʷ	0.1	4	0
NGTMunken3	d	-0.81	14	-11
NGTMunken3	dzʷ	-0.2	0	0
NGTMunken3	dʒ	0.42	22	9
NGTMunken3	dʒʷ	-0.22	0	0
NGTMunken3	dʷ	-0.19	0	0
NGTMunken3	e	-0.87	7	-6
NGTMunken3	eː	-0.73	1	-1
NGTMunken3	f	-1.3	29	-38
NGTMunken3	fʲ	-0.6	0	0
NGTMunken3	fʷ	-0.59	0	0
NGTMunken3	g	-0.42	12	-5
NGTMunken3	gb	-0.29	9	-3
NGTMunken3	gʷ	-0.31	0	0
NGTMunken3	h	0.5	25	12
NGTMunken3	i	1.1	94	104
NGTMunken3	iː	-0.63	4	-3
NGTMunken3	j	-0.7	25	-17
NGTMunken3	k	-1.49	56	-83
NGTMunken3	kp	-0.36	13	-5
NGTMunken3	kpʳʷ	-0.2	0	0
NGTMunken3	kpʷ	-0.14	0	0
NGTMunken3	kx	-0.71	0	0
NGTMunken3	kʰ	-0.14	0	0
NGTMunken3	kʲ	1.0	6	6
NGTMunken3	kʷ	0.42	10	4
NGTMunken3	l	-0.19	27	-5
NGTMunken3	m	-1.59	58	-92
NGTMunken3	mʷ	2.72	7	19
NGTMunken3	n	0.94	127	119
NGTMunken3	nʷ	-0.2	0	0
NGTMunken3	o	-0.05	38	-2
NGTMunken3	oː	-0.37	6	-2
NGTMunken3	p	0.08	3	0
NGTMunken3	q	-0.14	0	0
NGTMunken3	r	-0.69	0	0
NGTMunken3	s	-1.22	10	-12
NGTMunken3	sʷ	-0.14	0	0
NGTMunken3	t	0.05	48	3
NGTMunken3	ts	-1.05	3	-3
NGTMunken3	tsʷ	-0.24	0	0
NGTMunken3	tsː	-0.14	0	0
NGTMunken3	tʃ	-1.32	3	-4
NGTMunken3	tʃʷ	-0.41	0	0
NGTMunken3	tʰ	-0.24	0	0
NGTMunken3	tʲ	-0.35	0	0
NGTMunken3	tʷ	-0.43	0	0
NGTMunken3	tˢ	-0.14	0	0
NGTMunken3	u	-0.89	12	-11
NGTMunken3	uʱ	-0.48	0	0
NGTMunken3	uː	-0.6	1	-1
NGTMunken3	uːʱ	-0.14	0	0
NGTMunken3	v	-0.45	0	0
NGTMunken3	vʷ	-0.24	0	0
NGTMunken3	w	-0.27	27	-7
NGTMunken3	z	-0.39	17	-7
NGTMunken3	zː	-0.14	0	0
NGTMunken3	²¹	-0.14	0	0
NGTMunken3	³	-0.79	42	-33
NGTMunken3	³¹	-0.2	0	0
NGTMunken3	³⁵	-0.14	0	0
NGTMunken3	¹	1.07	361	385
NGTMunken3	¹³	-0.76	0	0
NGTMunken3	¹⁵	-1.06	14	-15
NGTMunken3	ã	-0.44	0	0
NGTMunken3	ãː	-0.33	0	0
NGTMunken3	æ	-0.25	0	0
NGTMunken3	æː	-0.2	0	0
NGTMunken3	æ̃	-0.2	0	0
NGTMunken3	õ	-0.34	0	0
NGTMunken3	õː	-0.31	0	0
NGTMunken3	ø	-0.54	0	0
NGTMunken3	øː	-0.28	0	0
NGTMunken3	ĩ	-0.26	0	0
NGTMunken3	ĩː	-0.14	0	0
NGTMunken3	ŋ	-1.06	53	-56
NGTMunken3	ŋm	-0.53	0	0
NGTMunken3	ŋmʷ	-0.14	0	0
NGTMunken3	ŋʷ	-0.34	0	0
NGTMunken3	ŋˤ	-0.14	0	0
NGTMunken3	œ	-0.36	0	0
NGTMunken3	œː	-0.29	0	0
NGTMunken3	œ̃	-0.14	0	0
NGTMunken3	ũ	-0.28	0	0
NGTMunken3	ũʱ	-0.14	0	0
NGTMunken3	ũː	-0.24	0	0
NGTMunken3	ɑ	-0.47	0	0
NGTMunken3	ɑː	-0.4	0	0
NGTMunken3	ɑ̃	-0.14	0	0
NGTMunken3	ɑ̃ː	-0.14	0	0
NGTMunken3	ɒ	-0.32	0	0
NGTMunken3	ɒː	-0.28	0	0
NGTMunken3	ɒ̃	-0.14	0	0
NGTMunken3	ɒ̃ː	-0.14	0	0
NGTMunken3	ɔ	-0.84	16	-13
NGTMunken3	ɔː	-0.94	0	0
NGTMunken3	ɔ̃	-0.23	0	0
NGTMunken3	ɔ̃ː	-0.19	0	0
NGTMunken3	ɘ	-0.34	0	0
NGTMunken3	ɘː	-0.29	0	0
NGTMunken3	ə	-0.42	149	-62
NGTMunken3	əː	-0.37	3	-1
NGTMunken3	əˠ	-0.14	0	0
NGTMunken3	ə̃	-0.56	0	0
NGTMunken3	ə̃ː	-0.2	0	0
NGTMunken3	ɛ	1.64	68	112
NGTMunken3	ɛː	-0.47	4	-2
NGTMunken3	ɛ̃	-0.32	0	0
NGTMunken3	ɛ̃ː	-0.28	0	0
NGTMunken3	ɠ	-0.14	0	0
NGTMunken3	ɣ	-0.46	0	0
NGTMunken3	ɥ	1.84	32	59
NGTMunken3	ɦ	-0.24	0	0
NGTMunken3	ɦː	-0.16	0	0
NGTMunken3	ɨ	-0.68	0	0
NGTMunken3	ɨː	-0.34	0	0
NGTMunken3	ɨ̃	-0.24	0	0
NGTMunken3	ɪ	1.6	130	208
NGTMunken3	ɪː	1.1	6	7
NGTMunken3	ɪ̃	-0.26	0	0
NGTMunken3	ɪ̃ː	-0.22	0	0
NGTMunken3	ɯ	-0.2	0	0
NGTMunken3	ɱ	-0.44	0	0
NGTMunken3	ɲ	0.84	35	30
NGTMunken3	ɲʲ	-0.26	1	0
NGTMunken3	ɲʷ	0.48	1	0
NGTMunken3	ɳ	-0.14	0	0
NGTMunken3	ʃ	0.88	27	24
NGTMunken3	ʃʲ	0.22	3	1
NGTMunken3	ʃʷ	-0.4	0	0
NGTMunken3	ʉ	-0.26	0	0
NGTMunken3	ʉʱ	-0.14	0	0
NGTMunken3	ʉː	-0.14	0	0
NGTMunken3	ʊ	0.5	82	41
NGTMunken3	ʊʱ	-0.47	0	0
NGTMunken3	ʊʱː	-0.14	0	0
NGTMunken3	ʊː	-0.9	0	0
NGTMunken3	ʊ̃	-0.38	0	0
NGTMunken3	ʊ̃ː	-0.33	0	0
NGTMunken3	ʊ̤	-0.14	0	0
NGTMunken3	ʒ	-0.4	1	0
NGTMunken3	ʒʷ	-0.2	0	0
NGTMunken3	ʔ	-0.5	0	0
NGTMunken3	β	-0.35	0	0
NGTMunken3	βʷ	-0.14	0	0
NGTMunken3	ẽ	-0.23	0	0
NGTMunken3	ẽː	-0.14	0	0
NGTMunken3	⁴⁵	-0.14	0	0
NGTMunken3	⁵	0.64	328	209
NGTMunken3	⁵³	-0.71	6	-4
NGTMunken3	⁵¹	0.4	59	24
NGTMunken3	ⁿb	-0.37	0	0
NGTMunken3	ⁿbʷ	-0.37	0	0
NGTMunken3	ⁿd	-0.45	0	0
NGTMunken3	ⁿdʷ	-0.14	0	0
NGTMunken3	ⁿt	-0.4	0	0
NINMundabli4	a	-0.74	99	-73
NINMundabli4	aː	-0.66	13	-9
NINMundabli4	b	-0.51	61	-31
NINMundabli4	bʷ	-0.66	1	-1
NINMundabli4	d	0.96	44	42
NINMundabli4	dzʷ	-0.2	0	0
NINMundabli4	dʒ	-0.4	12	-5
NINMundabli4	dʒʷ	-0.22	0	0
NINMundabli4	dʷ	-0.19	0	0
NINMundabli4	e	1.63	43	70
NINMundabli4	eː	-0.04	6	0
NINMundabli4	f	-1.42	27	-38
NINMundabli4	fʲ	-0.6	0	0
NINMundabli4	fʷ	-0.59	0	0
NINMundabli4	g	0.73	25	18
NINMundabli4	gb	1.35	16	22
NINMundabli4	gʷ	-0.31	0	0
NINMundabli4	h	0.05	16	1
NINMundabli4	i	-0.53	38	-20
NINMundabli4	iː	0.43	9	4
NINMundabli4	j	1.83	69	126
NINMundabli4	k	-0.93	75	-69
NINMundabli4	kp	0.92	21	19
NINMundabli4	kpʳʷ	-0.2	0	0
NINMundabli4	kpʷ	-0.14	0	0
NINMundabli4	kx	-0.33	1	0
NINMundabli4	kʰ	-0.14	0	0
NINMundabli4	kʲ	-0.4	0	0
NINMundabli4	kʷ	-0.46	2	-1
NINMundabli4	l	-0.48	23	-11
NINMundabli4	m	1.57	124	194
NINMundabli4	mʷ	-0.56	0	0
NINMundabli4	n	1.02	129	132
NINMundabli4	nʷ	-0.2	0	0
NINMundabli4	o	0.12	42	5
NINMundabli4	oː	-0.15	8	-1
NINMundabli4	p	-0.61	1	-1
NINMundabli4	q	-0.14	0	0
NINMundabli4	r	-0.69	0	0
NINMundabli4	s	0.7	38	27
NINMundabli4	sʷ	-0.14	0	0
NINMundabli4	t	-0.38	44	-17
NINMundabli4	ts	1.43	39	56
NINMundabli4	tsʷ	-0.24	0	0
NINMundabli4	tsː	-0.14	0	0
NINMundabli4	tʃ	2.3	28	64
NINMundabli4	tʃʷ	-0.41	0	0
NINMundabli4	tʰ	-0.24	0	0
NINMundabli4	tʲ	-0.35	0	0
NINMundabli4	tʷ	-0.43	0	0
NINMundabli4	tˢ	-0.14	0	0
NINMundabli4	u	1.61	42	68
NINMundabli4	uʱ	0.48	2	1
NINMundabli4	uː	0.08	3	0
NINMundabli4	uːʱ	-0.14	0	0
NINMundabli4	v	-0.45	0	0
NINMundabli4	vʷ	-0.24	0	0
NINMundabli4	w	1.66	60	100
NINMundabli4	z	0.49	29	14
NINMundabli4	zː	-0.14	0	0
NINMundabli4	²¹	-0.14	0	0
NINMundabli4	³	2.69	145	390
NINMundabli4	³¹	-0.2	0	0
NINMundabli4	³⁵	-0.14	0	0
NINMundabli4	¹	-1.01	224	-227
NINMundabli4	¹³	0.58	2	1
NINMundabli4	¹⁵	0.66	45	30
NINMundabli4	ã	-0.44	0	0
NINMundabli4	ãː	-0.33	0	0
NINMundabli4	æ	-0.25	0	0
NINMundabli4	æː	-0.2	0	0
NINMundabli4	æ̃	-0.2	0	0
NINMundabli4	õ	-0.34	0	0
NINMundabli4	õː	-0.31	0	0
NINMundabli4	ø	0.08	2	0
NINMundabli4	øː	-0.28	0	0
NINMundabli4	ĩ	-0.26	0	0
NINMundabli4	ĩː	-0.14	0	0
NINMundabli4	ŋ	1.82	128	233
NINMundabli4	ŋm	0.77	5	4
NINMundabli4	ŋmʷ	-0.14	0	0
NINMundabli4	ŋʷ	-0.34	0	0
NINMundabli4	ŋˤ	-0.14	0	0
NINMundabli4	œ	4.61	16	74
NINMundabli4	œː	-0.29	0	0
NINMundabli4	œ̃	-0.14	0	0
NINMundabli4	ũ	-0.28	0	0
NINMundabli4	ũʱ	-0.14	0	0
NINMundabli4	ũː	-0.24	0	0
NINMundabli4	ɑ	3.97	11	44
NINMundabli4	ɑː	-0.4	0	0
NINMundabli4	ɑ̃	-0.14	0	0
NINMundabli4	ɑ̃ː	-0.14	0	0
NINMundabli4	ɒ	1.24	9	11
NINMundabli4	ɒː	-0.28	0	0
NINMundabli4	ɒ̃	-0.14	0	0
NINMundabli4	ɒ̃ː	-0.14	0	0
NINMundabli4	ɔ	2.73	65	178
NINMundabli4	ɔː	0.74	7	5
NINMundabli4	ɔ̃	-0.23	0	0
NINMundabli4	ɔ̃ː	-0.19	0	0
NINMundabli4	ɘ	-0.34	0	0
NINMundabli4	ɘː	-0.29	0	0
NINMundabli4	ə	-0.97	95	-92
NINMundabli4	əː	-0.24	4	-1
NINMundabli4	əˠ	-0.14	0	0
NINMundabli4	ə̃	-0.56	0	0
NINMundabli4	ə̃ː	-0.2	0	0
NINMundabli4	ɛ	0.25	33	8
NINMundabli4	ɛː	0.49	10	5
NINMundabli4	ɛ̃	-0.32	0	0
NINMundabli4	ɛ̃ː	-0.28	0	0
NINMundabli4	ɠ	-0.14	0	0
NINMundabli4	ɣ	-0.08	5	0
NINMundabli4	ɥ	-0.54	1	-1
NINMundabli4	ɦ	4.18	40	167
NINMundabli4	ɦː	-0.16	0	0
NINMundabli4	ɨ	1.59	7	11
NINMundabli4	ɨː	-0.34	0	0
NINMundabli4	ɨ̃	-0.24	0	0
NINMundabli4	ɪ	-1.18	12	-14
NINMundabli4	ɪː	-0.8	1	-1
NINMundabli4	ɪ̃	-0.26	0	0
NINMundabli4	ɪ̃ː	-0.22	0	0
NINMundabli4	ɯ	-0.2	0	0
NINMundabli4	ɱ	-0.44	0	0
NINMundabli4	ɲ	0.46	29	13
NINMundabli4	ɲʲ	-0.79	0	0
NINMundabli4	ɲʷ	-0.4	0	0
NINMundabli4	ɳ	-0.14	0	0
NINMundabli4	ʃ	0.33	21	7
NINMundabli4	ʃʲ	-0.59	0	0
NINMundabli4	ʃʷ	-0.4	0	0
NINMundabli4	ʉ	5.57	3	17
NINMundabli4	ʉʱ	7.21	1	7
NINMundabli4	ʉː	-0.14	0	0
NINMundabli4	ʊ	-0.79	42	-33
NINMundabli4	ʊʱ	0.85	2	2
NINMundabli4	ʊʱː	-0.14	0	0
NINMundabli4	ʊː	-0.63	2	-1
NINMundabli4	ʊ̃	-0.38	0	0
NINMundabli4	ʊ̃ː	-0.33	0	0
NINMundabli4	ʊ̤	-0.14	0	0
NINMundabli4	ʒ	-0.6	0	0
NINMundabli4	ʒʷ	-0.2	0	0
NINMundabli4	ʔ	-0.45	1	0
NINMundabli4	β	-0.35	0	0
NINMundabli4	βʷ	-0.14	0	0
NINMundabli4	ẽ	-0.23	0	0
NINMundabli4	ẽː	-0.14	0	0
NINMundabli4	⁴⁵	-0.14	0	0
NINMundabli4	⁵	-1.63	216	-352
NINMundabli4	⁵³	-0.62	7	-4
NINMundabli4	⁵¹	-0.23	47	-11
NINMundabli4	ⁿb	-0.37	0	0
NINMundabli4	ⁿbʷ	-0.37	0	0
NINMundabli4	ⁿd	-0.45	0	0
NINMundabli4	ⁿdʷ	-0.14	0	0
NINMundabli4	ⁿt	-0.4	0	0
NJNBiya6	a	-0.39	113	-44
NJNBiya6	aː	-0.66	13	-9
NJNBiya6	b	1.0	90	90
NJNBiya6	bʷ	1.36	9	12
NJNBiya6	d	-0.22	24	-5
NJNBiya6	dzʷ	-0.2	0	0
NJNBiya6	dʒ	-0.32	13	-4
NJNBiya6	dʒʷ	-0.22	0	0
NJNBiya6	dʷ	-0.19	0	0
NJNBiya6	e	-0.45	13	-6
NJNBiya6	eː	-0.86	0	0
NJNBiya6	f	-0.67	40	-27
NJNBiya6	fʲ	-0.17	1	0
NJNBiya6	fʷ	1.62	7	11
NJNBiya6	g	-0.95	6	-6
NJNBiya6	gb	-0.99	6	-6
NJNBiya6	gʷ	-0.31	0	0
NJNBiya6	h	0.35	22	8
NJNBiya6	i	1.22	98	119
NJNBiya6	iː	0.01	7	0
NJNBiya6	j	-0.53	28	-15
NJNBiya6	k	0.41	120	49
NJNBiya6	kp	0.44	18	8
NJNBiya6	kpʳʷ	-0.2	0	0
NJNBiya6	kpʷ	-0.14	0	0
NJNBiya6	kx	0.79	4	3
NJNBiya6	kʰ	-0.14	0	0
NJNBiya6	kʲ	-0.4	0	0
NJNBiya6	kʷ	0.31	9	3
NJNBiya6	l	-0.98	16	-16
NJNBiya6	m	-0.87	73	-64
NJNBiya6	mʷ	-0.56	0	0
NJNBiya6	n	0.08	107	9
NJNBiya6	nʷ	-0.2	0	0
NJNBiya6	o	-0.66	24	-16
NJNBiya6	oː	-0.91	1	-1
NJNBiya6	p	-0.96	0	0
NJNBiya6	q	-0.14	0	0
NJNBiya6	r	-0.69	0	0
NJNBiya6	s	-1.01	13	-13
NJNBiya6	sʷ	-0.14	0	0
NJNBiya6	t	0.48	52	25
NJNBiya6	ts	-1.19	1	-1
NJNBiya6	tsʷ	-0.24	0	0
NJNBiya6	tsː	-0.14	0	0
NJNBiya6	tʃ	-1.18	4	-5
NJNBiya6	tʃʷ	-0.41	0	0
NJNBiya6	tʰ	-0.24	0	0
NJNBiya6	tʲ	-0.04	1	0
NJNBiya6	tʷ	-0.43	0	0
NJNBiya6	tˢ	-0.14	0	0
NJNBiya6	u	-1.06	10	-11
NJNBiya6	uʱ	-0.48	0	0
NJNBiya6	uː	-0.95	0	0
NJNBiya6	uːʱ	-0.14	0	0
NJNBiya6	v	-0.45	0	0
NJNBiya6	vʷ	-0.24	0	0
NJNBiya6	w	-0.21	28	-6
NJNBiya6	z	-0.68	13	-9
NJNBiya6	zː	-0.14	0	0
NJNBiya6	²¹	-0.14	0	0
NJNBiya6	³	-0.01	65	-1
NJNBiya6	³¹	-0.2	0	0
NJNBiya6	³⁵	-0.14	0	0
NJNBiya6	¹	1.2	370	445
NJNBiya6	¹³	-0.76	0	0
NJNBiya6	¹⁵	-0.28	28	-8
NJNBiya6	ã	1.09	3	3
NJNBiya6	ãː	-0.33	0	0
NJNBiya6	æ	5.85	16	94
NJNBiya6	æː	-0.2	0	0
NJNBiya6	æ̃	-0.2	0	0
NJNBiya6	õ	-0.34	0	0
NJNBiya6	õː	-0.31	0	0
NJNBiya6	ø	-0.23	1	0
NJNBiya6	øː	-0.28	0	0
NJNBiya6	ĩ	-0.26	0	0
NJNBiya6	ĩː	-0.14	0	0
NJNBiya6	ŋ	-1.22	49	-60
NJNBiya6	ŋm	-0.53	0	0
NJNBiya6	ŋmʷ	7.21	1	7
NJNBiya6	ŋʷ	-0.34	0	0
NJNBiya6	ŋˤ	-0.14	0	0
NJNBiya6	œ	-0.36	0	0
NJNBiya6	œː	-0.29	0	0
NJNBiya6	œ̃	-0.14	0	0
NJNBiya6	ũ	-0.28	0	0
NJNBiya6	ũʱ	-0.14	0	0
NJNBiya6	ũː	-0.24	0	0
NJNBiya6	ɑ	0.74	3	2
NJNBiya6	ɑː	-0.4	0	0
NJNBiya6	ɑ̃	-0.14	0	0
NJNBiya6	ɑ̃ː	-0.14	0	0
NJNBiya6	ɒ	-0.32	0	0
NJNBiya6	ɒː	-0.28	0	0
NJNBiya6	ɒ̃	-0.14	0	0
NJNBiya6	ɒ̃ː	-0.14	0	0
NJNBiya6	ɔ	-0.69	18	-13
NJNBiya6	ɔː	-0.94	0	0
NJNBiya6	ɔ̃	-0.23	0	0
NJNBiya6	ɔ̃ː	-0.19	0	0
NJNBiya6	ɘ	-0.34	0	0
NJNBiya6	ɘː	-0.29	0	0
NJNBiya6	ə	0.14	204	29
NJNBiya6	əː	-0.64	1	-1
NJNBiya6	əˠ	-0.14	0	0
NJNBiya6	ə̃	-0.56	0	0
NJNBiya6	ə̃ː	-0.2	0	0
NJNBiya6	ɛ	-0.3	19	-6
NJNBiya6	ɛː	-0.94	1	-1
NJNBiya6	ɛ̃	5.28	9	47
NJNBiya6	ɛ̃ː	-0.28	0	0
NJNBiya6	ɠ	-0.14	0	0
NJNBiya6	ɣ	-0.46	0	0
NJNBiya6	ɥ	1.3	25	33
NJNBiya6	ɦ	-0.24	0	0
NJNBiya6	ɦː	-0.16	0	0
NJNBiya6	ɨ	-0.68	0	0
NJNBiya6	ɨː	-0.34	0	0
NJNBiya6	ɨ̃	-0.24	0	0
NJNBiya6	ɪ	1.16	111	128
NJNBiya6	ɪː	-1.19	0	0
NJNBiya6	ɪ̃	-0.26	0	0
NJNBiya6	ɪ̃ː	-0.22	0	0
NJNBiya6	ɯ	-0.2	0	0
NJNBiya6	ɱ	0.94	1	1
NJNBiya6	ɲ	0.91	36	33
NJNBiya6	ɲʲ	-0.26	1	0
NJNBiya6	ɲʷ	-0.4	0	0
NJNBiya6	ɳ	-0.14	0	0
NJNBiya6	ʃ	-0.68	10	-7
NJNBiya6	ʃʲ	0.22	3	1
NJNBiya6	ʃʷ	-0.4	0	0
NJNBiya6	ʉ	-0.26	0	0
NJNBiya6	ʉʱ	-0.14	0	0
NJNBiya6	ʉː	-0.14	0	0
NJNBiya6	ʊ	1.21	104	125
NJNBiya6	ʊʱ	-0.47	0	0
NJNBiya6	ʊʱː	-0.14	0	0
NJNBiya6	ʊː	-0.5	3	-1
NJNBiya6	ʊ̃	-0.38	0	0
NJNBiya6	ʊ̃ː	1.88	1	2
NJNBiya6	ʊ̤	-0.14	0	0
NJNBiya6	ʒ	0.17	4	1
NJNBiya6	ʒʷ	-0.2	0	0
NJNBiya6	ʔ	-0.5	0	0
NJNBiya6	β	-0.35	0	0
NJNBiya6	βʷ	-0.14	0	0
NJNBiya6	ẽ	-0.23	0	0
NJNBiya6	ẽː	-0.14	0	0
NJNBiya6	⁴⁵	-0.14	0	0
NJNBiya6	⁵	-0.25	284	-72
NJNBiya6	⁵³	-0.96	3	-3
NJNBiya6	⁵¹	-0.55	41	-22
NJNBiya6	ⁿb	0.24	4	1
NJNBiya6	ⁿbʷ	1.04	1	1
NJNBiya6	ⁿd	1.6	10	16
NJNBiya6	ⁿdʷ	-0.14	0	0
NJNBiya6	ⁿt	1.78	3	5
NJSKung4	a	-1.55	67	-104
NJSKung4	aː	-1.08	8	-9
NJSKung4	b	-0.72	57	-41
NJSKung4	bʷ	-0.41	2	-1
NJSKung4	d	0.37	34	12
NJSKung4	dzʷ	-0.2	0	0
NJSKung4	dʒ	-1.22	2	-2
NJSKung4	dʒʷ	-0.22	0	0
NJSKung4	dʷ	-0.19	0	0
NJSKung4	e	0.8	31	25
NJSKung4	eː	-0.45	3	-1
NJSKung4	f	0.43	59	26
NJSKung4	fʲ	-0.6	0	0
NJSKung4	fʷ	0.36	3	1
NJSKung4	g	-0.78	8	-6
NJSKung4	gb	-1.22	5	-6
NJSKung4	gʷ	-0.31	0	0
NJSKung4	h	-0.65	2	-1
NJSKung4	i	-1.08	19	-21
NJSKung4	iː	-1.05	2	-2
NJSKung4	j	-0.01	37	0
NJSKung4	k	0.52	124	65
NJSKung4	kp	-2.43	0	0
NJSKung4	kpʳʷ	-0.2	0	0
NJSKung4	kpʷ	-0.14	0	0
NJSKung4	kx	0.42	3	1
NJSKung4	kʰ	-0.14	0	0
NJSKung4	kʲ	-0.4	0	0
NJSKung4	kʷ	-0.13	5	-1
NJSKung4	l	-0.12	28	-3
NJSKung4	m	1.71	127	217
NJSKung4	mʷ	-0.56	0	0
NJSKung4	n	-1.97	59	-116
NJSKung4	nʷ	-0.2	0	0
NJSKung4	o	-0.31	32	-10
NJSKung4	oː	-0.48	5	-2
NJSKung4	p	0.77	5	4
NJSKung4	q	-0.14	0	0
NJSKung4	r	-0.69	0	0
NJSKung4	s	2.41	63	152
NJSKung4	sʷ	-0.14	0	0
NJSKung4	t	0.59	53	31
NJSKung4	ts	-0.43	12	-5
NJSKung4	tsʷ	-0.24	0	0
NJSKung4	tsː	-0.14	0	0
NJSKung4	tʃ	-1.32	3	-4
NJSKung4	tʃʷ	-0.41	0	0
NJSKung4	tʰ	-0.24	0	0
NJSKung4	tʲ	2.46	9	22
NJSKung4	tʷ	-0.43	0	0
NJSKung4	tˢ	-0.14	0	0
NJSKung4	u	-0.06	22	-1
NJSKung4	uʱ	-0.48	0	0
NJSKung4	uː	0.77	5	4
NJSKung4	uːʱ	-0.14	0	0
NJSKung4	v	0.54	3	2
NJSKung4	vʷ	-0.24	0	0
NJSKung4	w	-0.5	23	-12
NJSKung4	z	1.29	40	52
NJSKung4	zː	-0.14	0	0
NJSKung4	²¹	-0.14	0	0
NJSKung4	³	-1.06	34	-36
NJSKung4	³¹	-0.2	0	0
NJSKung4	³⁵	-0.14	0	0
NJSKung4	¹	0.53	326	174
NJSKung4	¹³	-0.76	0	0
NJSKung4	¹⁵	-0.56	23	-13
NJSKung4	ã	-0.44	0	0
NJSKung4	ãː	-0.33	0	0
NJSKung4	æ	-0.25	0	0
NJSKung4	æː	-0.2	0	0
NJSKung4	æ̃	-0.2	0	0
NJSKung4	õ	-0.34	0	0
NJSKung4	õː	-0.31	0	0
NJSKung4	ø	-0.54	0	0
NJSKung4	øː	-0.28	0	0
NJSKung4	ĩ	-0.26	0	0
NJSKung4	ĩː	-0.14	0	0
NJSKung4	ŋ	-0.95	56	-53
NJSKung4	ŋm	-0.53	0	0
NJSKung4	ŋmʷ	-0.14	0	0
NJSKung4	ŋʷ	0.59	2	1
NJSKung4	ŋˤ	-0.14	0	0
NJSKung4	œ	-0.36	0	0
NJSKung4	œː	-0.29	0	0
NJSKung4	œ̃	-0.14	0	0
NJSKung4	ũ	-0.28	0	0
NJSKung4	ũʱ	-0.14	0	0
NJSKung4	ũː	-0.24	0	0
NJSKung4	ɑ	1.95	6	12
NJSKung4	ɑː	-0.4	0	0
NJSKung4	ɑ̃	-0.14	0	0
NJSKung4	ɑ̃ː	-0.14	0	0
NJSKung4	ɒ	-0.32	0	0
NJSKung4	ɒː	-0.28	0	0
NJSKung4	ɒ̃	-0.14	0	0
NJSKung4	ɒ̃ː	-0.14	0	0
NJSKung4	ɔ	0.25	31	8
NJSKung4	ɔː	-0.46	2	-1
NJSKung4	ɔ̃	-0.23	0	0
NJSKung4	ɔ̃ː	-0.19	0	0
NJSKung4	ɘ	3.52	11	39
NJSKung4	ɘː	3.83	9	34
NJSKung4	ə	1.12	300	337
NJSKung4	əː	0.03	6	0
NJSKung4	əˠ	-0.14	0	0
NJSKung4	ə̃	-0.56	0	0
NJSKung4	ə̃ː	-0.2	0	0
NJSKung4	ɛ	-0.82	6	-5
NJSKung4	ɛː	1.92	19	37
NJSKung4	ɛ̃	-0.32	0	0
NJSKung4	ɛ̃ː	-0.28	0	0
NJSKung4	ɠ	-0.14	0	0
NJSKung4	ɣ	4.95	71	351
NJSKung4	ɥ	-0.61	0	0
NJSKung4	ɦ	-0.24	0	0
NJSKung4	ɦː	-0.16	0	0
NJSKung4	ɨ	0.94	5	5
NJSKung4	ɨː	-0.34	0	0
NJSKung4	ɨ̃	-0.24	0	0
NJSKung4	ɪ	0.47	82	39
NJSKung4	ɪː	-1.19	0	0
NJSKung4	ɪ̃	-0.26	0	0
NJSKung4	ɪ̃ː	-0.22	0	0
NJSKung4	ɯ	-0.2	0	0
NJSKung4	ɱ	-0.44	0	0
NJSKung4	ɲ	-0.64	12	-8
NJSKung4	ɲʲ	0.27	2	1
NJSKung4	ɲʷ	-0.4	0	0
NJSKung4	ɳ	-0.14	0	0
NJSKung4	ʃ	-1.6	0	0
NJSKung4	ʃʲ	-0.59	0	0
NJSKung4	ʃʷ	-0.4	0	0
NJSKung4	ʉ	-0.26	0	0
NJSKung4	ʉʱ	-0.14	0	0
NJSKung4	ʉː	-0.14	0	0
NJSKung4	ʊ	-0.53	50	-27
NJSKung4	ʊʱ	-0.47	0	0
NJSKung4	ʊʱː	-0.14	0	0
NJSKung4	ʊː	-0.63	2	-1
NJSKung4	ʊ̃	-0.38	0	0
NJSKung4	ʊ̃ː	-0.33	0	0
NJSKung4	ʊ̤	-0.14	0	0
NJSKung4	ʒ	0.94	8	7
NJSKung4	ʒʷ	-0.2	0	0
NJSKung4	ʔ	1.81	45	81
NJSKung4	β	1.98	2	4
NJSKung4	βʷ	-0.14	0	0
NJSKung4	ẽ	-0.23	0	0
NJSKung4	ẽː	-0.14	0	0
NJSKung4	⁴⁵	-0.14	0	0
NJSKung4	⁵	-0.68	263	-178
NJSKung4	⁵³	0.99	26	26
NJSKung4	⁵¹	1.14	73	83
NJSKung4	ⁿb	-0.37	0	0
NJSKung4	ⁿbʷ	-0.37	0	0
NJSKung4	ⁿd	-0.45	0	0
NJSKung4	ⁿdʷ	-0.14	0	0
NJSKung4	ⁿt	-0.4	0	0
NMAAbar1	a	0.79	160	126
NMAAbar1	aː	-0.66	13	-9
NMAAbar1	b	-0.15	68	-10
NMAAbar1	bʷ	-0.91	0	0
NMAAbar1	d	-0.05	27	-1
NMAAbar1	dzʷ	-0.2	0	0
NMAAbar1	dʒ	-0.48	11	-5
NMAAbar1	dʒʷ	-0.22	0	0
NMAAbar1	dʷ	-0.19	0	0
NMAAbar1	e	3.72	73	272
NMAAbar1	eː	-0.86	0	0
NMAAbar1	f	-1.53	25	-38
NMAAbar1	fʲ	-0.6	0	0
NMAAbar1	fʷ	-0.59	0	0
NMAAbar1	g	-0.87	7	-6
NMAAbar1	gb	0.65	13	8
NMAAbar1	gʷ	-0.31	0	0
NMAAbar1	h	1.05	36	38
NMAAbar1	i	0.9	87	78
NMAAbar1	iː	0.64	10	6
NMAAbar1	j	-0.01	37	0
NMAAbar1	k	0.82	134	110
NMAAbar1	kp	-1.31	7	-9
NMAAbar1	kpʳʷ	-0.2	0	0
NMAAbar1	kpʷ	-0.14	0	0
NMAAbar1	kx	-0.71	0	0
NMAAbar1	kʰ	-0.14	0	0
NMAAbar1	kʲ	-0.4	0	0
NMAAbar1	kʷ	-0.58	1	-1
NMAAbar1	l	-0.33	25	-8
NMAAbar1	m	0.18	95	17
NMAAbar1	mʷ	-0.56	0	0
NMAAbar1	n	-0.26	99	-26
NMAAbar1	nʷ	-0.2	0	0
NMAAbar1	o	1.35	70	94
NMAAbar1	oː	-0.59	4	-2
NMAAbar1	p	-0.61	1	-1
NMAAbar1	q	-0.14	0	0
NMAAbar1	r	-0.69	0	0
NMAAbar1	s	-0.87	15	-13
NMAAbar1	sʷ	-0.14	0	0
NMAAbar1	t	0.59	53	31
NMAAbar1	ts	-0.23	15	-3
NMAAbar1	tsʷ	-0.24	0	0
NMAAbar1	tsː	-0.14	0	0
NMAAbar1	tʃ	0.85	18	15
NMAAbar1	tʃʷ	-0.41	0	0
NMAAbar1	tʰ	-0.24	0	0
NMAAbar1	tʲ	-0.35	0	0
NMAAbar1	tʷ	0.56	1	1
NMAAbar1	tˢ	-0.14	0	0
NMAAbar1	u	1.28	38	49
NMAAbar1	uʱ	-0.48	0	0
NMAAbar1	uː	-0.26	2	-1
NMAAbar1	uːʱ	-0.14	0	0
NMAAbar1	v	-0.45	0	0
NMAAbar1	vʷ	-0.24	0	0
NMAAbar1	w	0.37	38	14
NMAAbar1	z	-0.53	15	-8
NMAAbar1	zː	-0.14	0	0
NMAAbar1	²¹	-0.14	0	0
NMAAbar1	³	-0.82	41	-34
NMAAbar1	³¹	-0.2	0	0
NMAAbar1	³⁵	-0.14	0	0
NMAAbar1	¹	-0.13	282	-38
NMAAbar1	¹³	0.58	2	1
NMAAbar1	¹⁵	0.55	43	24
NMAAbar1	ã	-0.44	0	0
NMAAbar1	ãː	-0.33	0	0
NMAAbar1	æ	-0.25	0	0
NMAAbar1	æː	-0.2	0	0
NMAAbar1	æ̃	-0.2	0	0
NMAAbar1	õ	3.56	5	18
NMAAbar1	õː	-0.31	0	0
NMAAbar1	ø	-0.54	0	0
NMAAbar1	øː	-0.28	0	0
NMAAbar1	ĩ	-0.26	0	0
NMAAbar1	ĩː	-0.14	0	0
NMAAbar1	ŋ	0.44	92	40
NMAAbar1	ŋm	-0.27	1	0
NMAAbar1	ŋmʷ	-0.14	0	0
NMAAbar1	ŋʷ	-0.34	0	0
NMAAbar1	ŋˤ	-0.14	0	0
NMAAbar1	œ	-0.36	0	0
NMAAbar1	œː	-0.29	0	0
NMAAbar1	œ̃	-0.14	0	0
NMAAbar1	ũ	-0.28	0	0
NMAAbar1	ũʱ	-0.14	0	0
NMAAbar1	ũː	-0.24	0	0
NMAAbar1	ɑ	-0.47	0	0
NMAAbar1	ɑː	-0.4	0	0
NMAAbar1	ɑ̃	-0.14	0	0
NMAAbar1	ɑ̃ː	-0.14	0	0
NMAAbar1	ɒ	-0.32	0	0
NMAAbar1	ɒː	-0.28	0	0
NMAAbar1	ɒ̃	-0.14	0	0
NMAAbar1	ɒ̃ː	-0.14	0	0
NMAAbar1	ɔ	0.62	36	22
NMAAbar1	ɔː	0.02	4	0
NMAAbar1	ɔ̃	-0.23	0	0
NMAAbar1	ɔ̃ː	-0.19	0	0
NMAAbar1	ɘ	-0.34	0	0
NMAAbar1	ɘː	-0.29	0	0
NMAAbar1	ə	-1.49	44	-66
NMAAbar1	əː	-0.51	2	-1
NMAAbar1	əˠ	-0.14	0	0
NMAAbar1	ə̃	1.71	2	3
NMAAbar1	ə̃ː	-0.2	0	0
NMAAbar1	ɛ	-0.9	4	-4
NMAAbar1	ɛː	-1.1	0	0
NMAAbar1	ɛ̃	0.3	1	0
NMAAbar1	ɛ̃ː	-0.28	0	0
NMAAbar1	ɠ	-0.14	0	0
NMAAbar1	ɣ	-0.31	2	-1
NMAAbar1	ɥ	-0.46	2	-1
NMAAbar1	ɦ	-0.24	0	0
NMAAbar1	ɦː	-0.16	0	0
NMAAbar1	ɨ	0.29	3	1
NMAAbar1	ɨː	-0.34	0	0
NMAAbar1	ɨ̃	0.9	1	1
NMAAbar1	ɪ	1.09	108	117
NMAAbar1	ɪː	1.1	6	7
NMAAbar1	ɪ̃	-0.26	0	0
NMAAbar1	ɪ̃ː	-0.22	0	0
NMAAbar1	ɯ	-0.2	0	0
NMAAbar1	ɱ	-0.44	0	0
NMAAbar1	ɲ	-0.83	9	-7
NMAAbar1	ɲʲ	-0.79	0	0
NMAAbar1	ɲʷ	-0.4	0	0
NMAAbar1	ɳ	-0.14	0	0
NMAAbar1	ʃ	1.52	34	52
NMAAbar1	ʃʲ	-0.59	0	0
NMAAbar1	ʃʷ	-0.4	0	0
NMAAbar1	ʉ	-0.26	0	0
NMAAbar1	ʉʱ	-0.14	0	0
NMAAbar1	ʉː	-0.14	0	0
NMAAbar1	ʊ	0.63	86	54
NMAAbar1	ʊʱ	0.85	2	2
NMAAbar1	ʊʱː	7.21	1	7
NMAAbar1	ʊː	-0.09	6	-1
NMAAbar1	ʊ̃	-0.38	0	0
NMAAbar1	ʊ̃ː	-0.33	0	0
NMAAbar1	ʊ̤	-0.14	0	0
NMAAbar1	ʒ	-0.6	0	0
NMAAbar1	ʒʷ	-0.2	0	0
NMAAbar1	ʔ	-0.5	0	0
NMAAbar1	β	-0.35	0	0
NMAAbar1	βʷ	-0.14	0	0
NMAAbar1	ẽ	-0.23	0	0
NMAAbar1	ẽː	-0.14	0	0
NMAAbar1	⁴⁵	-0.14	0	0
NMAAbar1	⁵	1.06	349	370
NMAAbar1	⁵³	-0.2	12	-2
NMAAbar1	⁵¹	-0.07	50	-4
NMAAbar1	ⁿb	-0.37	0	0
NMAAbar1	ⁿbʷ	-0.37	0	0
NMAAbar1	ⁿd	-0.45	0	0
NMAAbar1	ⁿdʷ	-0.14	0	0
NMAAbar1	ⁿt	-0.4	0	0
NMNMundabli3	a	-0.24	119	-28
NMNMundabli3	aː	-0.83	11	-9
NMNMundabli3	b	0.27	76	21
NMNMundabli3	bʷ	0.1	4	0
NMNMundabli3	d	1.31	50	66
NMNMundabli3	dzʷ	5.05	2	10
NMNMundabli3	dʒ	-0.48	11	-5
NMNMundabli3	dʒʷ	0.62	2	1
NMNMundabli3	dʷ	-0.19	0	0
NMNMundabli3	e	0.94	33	31
NMNMundabli3	eː	0.37	9	3
NMNMundabli3	f	-0.61	41	-25
NMNMundabli3	fʲ	0.26	2	1
NMNMundabli3	fʷ	0.04	2	0
NMNMundabli3	g	0.65	24	15
NMNMundabli3	gb	0.65	13	8
NMNMundabli3	gʷ	1.2	6	7
NMNMundabli3	h	-0.75	0	0
NMNMundabli3	i	1.01	91	92
NMNMundabli3	iː	-0.63	4	-3
NMNMundabli3	j	1.95	71	138
NMNMundabli3	k	-2.2	32	-70
NMNMundabli3	kp	2.04	28	57
NMNMundabli3	kpʳʷ	-0.2	0	0
NMNMundabli3	kpʷ	-0.14	0	0
NMNMundabli3	kx	-0.71	0	0
NMNMundabli3	kʰ	-0.14	0	0
NMNMundabli3	kʲ	0.07	2	0
NMNMundabli3	kʷ	0.09	7	1
NMNMundabli3	l	-1.2	13	-16
NMNMundabli3	m	1.85	130	241
NMNMundabli3	mʷ	2.72	7	19
NMNMundabli3	n	1.79	147	264
NMNMundabli3	nʷ	5.05	2	10
NMNMundabli3	o	0.82	58	48
NMNMundabli3	oː	1.8	26	47
NMNMundabli3	p	-0.96	0	0
NMNMundabli3	q	-0.14	0	0
NMNMundabli3	r	-0.69	0	0
NMNMundabli3	s	0.15	30	5
NMNMundabli3	sʷ	-0.14	0	0
NMNMundabli3	t	-0.91	39	-35
NMNMundabli3	ts	1.57	41	64
NMNMundabli3	tsʷ	4.75	2	10
NMNMundabli3	tsː	-0.14	0	0
NMNMundabli3	tʃ	1.14	20	23
NMNMundabli3	tʃʷ	2.51	2	5
NMNMundabli3	tʰ	-0.24	0	0
NMNMundabli3	tʲ	-0.35	0	0
NMNMundabli3	tʷ	5.46	6	33
NMNMundabli3	tˢ	-0.14	0	0
NMNMundabli3	u	-0.31	19	-6
NMNMundabli3	uʱ	-0.48	0	0
NMNMundabli3	uː	0.43	4	2
NMNMundabli3	uːʱ	-0.14	0	0
NMNMundabli3	v	-0.45	0	0
NMNMundabli3	vʷ	-0.24	0	0
NMNMundabli3	w	-1.09	13	-14
NMNMundabli3	z	1.22	39	47
NMNMundabli3	zː	-0.14	0	0
NMNMundabli3	²¹	-0.14	0	0
NMNMundabli3	³	0.87	91	79
NMNMundabli3	³¹	-0.2	0	0
NMNMundabli3	³⁵	-0.14	0	0
NMNMundabli3	¹	-1.03	223	-229
NMNMundabli3	¹³	-0.76	0	0
NMNMundabli3	¹⁵	1.89	67	127
NMNMundabli3	ã	-0.44	0	0
NMNMundabli3	ãː	-0.33	0	0
NMNMundabli3	æ	-0.25	0	0
NMNMundabli3	æː	-0.2	0	0
NMNMundabli3	æ̃	-0.2	0	0
NMNMundabli3	õ	-0.34	0	0
NMNMundabli3	õː	-0.31	0	0
NMNMundabli3	ø	-0.54	0	0
NMNMundabli3	øː	-0.28	0	0
NMNMundabli3	ĩ	-0.26	0	0
NMNMundabli3	ĩː	-0.14	0	0
NMNMundabli3	ŋ	0.97	106	103
NMNMundabli3	ŋm	-0.53	0	0
NMNMundabli3	ŋmʷ	-0.14	0	0
NMNMundabli3	ŋʷ	-0.34	0	0
NMNMundabli3	ŋˤ	-0.14	0	0
NMNMundabli3	œ	2.44	9	22
NMNMundabli3	œː	2.52	2	5
NMNMundabli3	œ̃	-0.14	0	0
NMNMundabli3	ũ	-0.28	0	0
NMNMundabli3	ũʱ	-0.14	0	0
NMNMundabli3	ũː	-0.24	0	0
NMNMundabli3	ɑ	3.16	9	28
NMNMundabli3	ɑː	-0.4	0	0
NMNMundabli3	ɑ̃	-0.14	0	0
NMNMundabli3	ɑ̃ː	-0.14	0	0
NMNMundabli3	ɒ	4.16	26	108
NMNMundabli3	ɒː	4.53	20	91
NMNMundabli3	ɒ̃	-0.14	0	0
NMNMundabli3	ɒ̃ː	-0.14	0	0
NMNMundabli3	ɔ	-0.77	17	-13
NMNMundabli3	ɔː	0.02	4	0
NMNMundabli3	ɔ̃	-0.23	0	0
NMNMundabli3	ɔ̃ː	-0.19	0	0
NMNMundabli3	ɘ	1.06	4	4
NMNMundabli3	ɘː	-0.29	0	0
NMNMundabli3	ə	-0.92	100	-92
NMNMundabli3	əː	-0.51	2	-1
NMNMundabli3	əˠ	-0.14	0	0
NMNMundabli3	ə̃	-0.56	0	0
NMNMundabli3	ə̃ː	-0.2	0	0
NMNMundabli3	ɛ	-0.02	26	-1
NMNMundabli3	ɛː	-0.47	4	-2
NMNMundabli3	ɛ̃	-0.32	0	0
NMNMundabli3	ɛ̃ː	-0.28	0	0
NMNMundabli3	ɠ	-0.14	0	0
NMNMundabli3	ɣ	-0.46	0	0
NMNMundabli3	ɥ	-0.31	4	-1
NMNMundabli3	ɦ	2.19	22	48
NMNMundabli3	ɦː	1.16	2	2
NMNMundabli3	ɨ	-0.03	2	0
NMNMundabli3	ɨː	-0.34	0	0
NMNMundabli3	ɨ̃	-0.24	0	0
NMNMundabli3	ɪ	-0.94	22	-21
NMNMundabli3	ɪː	-0.42	2	-1
NMNMundabli3	ɪ̃	-0.26	0	0
NMNMundabli3	ɪ̃ː	-0.22	0	0
NMNMundabli3	ɯ	-0.2	0	0
NMNMundabli3	ɱ	-0.44	0	0
NMNMundabli3	ɲ	0.01	22	0
NMNMundabli3	ɲʲ	0.27	2	1
NMNMundabli3	ɲʷ	3.11	4	12
NMNMundabli3	ɳ	-0.14	0	0
NMNMundabli3	ʃ	-0.59	11	-7
NMNMundabli3	ʃʲ	2.9	13	38
NMNMundabli3	ʃʷ	1.46	2	3
NMNMundabli3	ʉ	-0.26	0	0
NMNMundabli3	ʉʱ	-0.14	0	0
NMNMundabli3	ʉː	-0.14	0	0
NMNMundabli3	ʊ	-1.31	26	-34
NMNMundabli3	ʊʱ	0.85	2	2
NMNMundabli3	ʊʱː	-0.14	0	0
NMNMundabli3	ʊː	-0.36	4	-1
NMNMundabli3	ʊ̃	-0.38	0	0
NMNMundabli3	ʊ̃ː	-0.33	0	0
NMNMundabli3	ʊ̤	-0.14	0	0
NMNMundabli3	ʒ	-0.6	0	0
NMNMundabli3	ʒʷ	-0.2	0	0
NMNMundabli3	ʔ	-0.4	2	-1
NMNMundabli3	β	-0.35	0	0
NMNMundabli3	βʷ	-0.14	0	0
NMNMundabli3	ẽ	-0.23	0	0
NMNMundabli3	ẽː	-0.14	0	0
NMNMundabli3	⁴⁵	-0.14	0	0
NMNMundabli3	⁵	-0.74	260	-192
NMNMundabli3	⁵³	0.99	26	26
NMNMundabli3	⁵¹	0.03	52	2
NMNMundabli3	ⁿb	-0.37	0	0
NMNMundabli3	ⁿbʷ	-0.37	0	0
NMNMundabli3	ⁿd	-0.45	0	0
NMNMundabli3	ⁿdʷ	-0.14	0	0
NMNMundabli3	ⁿt	-0.4	0	0
NMSMissong4	a	1.22	177	215
NMSMissong4	aː	0.52	27	14
NMSMissong4	b	0.63	83	53
NMSMissong4	bʷ	0.86	7	6
NMSMissong4	d	-0.58	18	-10
NMSMissong4	dzʷ	-0.2	0	0
NMSMissong4	dʒ	2.64	49	129
NMSMissong4	dʒʷ	-0.22	0	0
NMSMissong4	dʷ	-0.19	0	0
NMSMissong4	e	-0.24	16	-4
NMSMissong4	eː	1.18	15	18
NMSMissong4	f	-1.19	31	-37
NMSMissong4	fʲ	0.68	3	2
NMSMissong4	fʷ	-0.27	1	0
NMSMissong4	g	-0.95	6	-6
NMSMissong4	gb	0.65	13	8
NMSMissong4	gʷ	-0.31	0	0
NMSMissong4	h	2.15	58	124
NMSMissong4	i	0.14	61	9
NMSMissong4	iː	1.28	13	17
NMSMissong4	j	-0.87	22	-19
NMSMissong4	k	-0.25	98	-24
NMSMissong4	kp	0.12	16	2
NMSMissong4	kpʳʷ	-0.2	0	0
NMSMissong4	kpʷ	-0.14	0	0
NMSMissong4	kx	-0.71	0	0
NMSMissong4	kʰ	-0.14	0	0
NMSMissong4	kʲ	-0.17	1	0
NMSMissong4	kʷ	0.09	7	1
NMSMissong4	l	-0.12	28	-3
NMSMissong4	m	-0.44	82	-36
NMSMissong4	mʷ	1.32	4	5
NMSMissong4	n	-1.37	73	-100
NMSMissong4	nʷ	-0.2	0	0
NMSMissong4	o	2.62	99	259
NMSMissong4	oː	0.28	12	3
NMSMissong4	p	0.08	3	0
NMSMissong4	q	-0.14	0	0
NMSMissong4	r	-0.69	0	0
NMSMissong4	s	-0.87	15	-13
NMSMissong4	sʷ	-0.14	0	0
NMSMissong4	t	-0.27	45	-12
NMSMissong4	ts	-0.64	9	-6
NMSMissong4	tsʷ	-0.24	0	0
NMSMissong4	tsː	-0.14	0	0
NMSMissong4	tʃ	-0.02	12	0
NMSMissong4	tʃʷ	-0.41	0	0
NMSMissong4	tʰ	-0.24	0	0
NMSMissong4	tʲ	-0.35	0	0
NMSMissong4	tʷ	-0.43	0	0
NMSMissong4	tˢ	-0.14	0	0
NMSMissong4	u	-1.39	6	-8
NMSMissong4	uʱ	-0.48	0	0
NMSMissong4	uː	1.46	7	10
NMSMissong4	uːʱ	-0.14	0	0
NMSMissong4	v	-0.45	0	0
NMSMissong4	vʷ	-0.24	0	0
NMSMissong4	w	-0.91	16	-15
NMSMissong4	z	-0.31	18	-6
NMSMissong4	zː	-0.14	0	0
NMSMissong4	²¹	-0.14	0	0
NMSMissong4	³	-0.62	47	-29
NMSMissong4	³¹	-0.2	0	0
NMSMissong4	³⁵	-0.14	0	0
NMSMissong4	¹	0.46	321	147
NMSMissong4	¹³	-0.76	0	0
NMSMissong4	¹⁵	-0.12	31	-4
NMSMissong4	ã	-0.44	0	0
NMSMissong4	ãː	-0.33	0	0
NMSMissong4	æ	-0.25	0	0
NMSMissong4	æː	-0.2	0	0
NMSMissong4	æ̃	-0.2	0	0
NMSMissong4	õ	-0.34	0	0
NMSMissong4	õː	-0.31	0	0
NMSMissong4	ø	-0.23	1	0
NMSMissong4	øː	-0.28	0	0
NMSMissong4	ĩ	-0.26	0	0
NMSMissong4	ĩː	-0.14	0	0
NMSMissong4	ŋ	-1.49	42	-62
NMSMissong4	ŋm	-0.53	0	0
NMSMissong4	ŋmʷ	-0.14	0	0
NMSMissong4	ŋʷ	0.12	1	0
NMSMissong4	ŋˤ	-0.14	0	0
NMSMissong4	œ	-0.36	0	0
NMSMissong4	œː	-0.29	0	0
NMSMissong4	œ̃	-0.14	0	0
NMSMissong4	ũ	-0.28	0	0
NMSMissong4	ũʱ	-0.14	0	0
NMSMissong4	ũː	-0.24	0	0
NMSMissong4	ɑ	-0.47	0	0
NMSMissong4	ɑː	-0.4	0	0
NMSMissong4	ɑ̃	-0.14	0	0
NMSMissong4	ɑ̃ː	-0.14	0	0
NMSMissong4	ɒ	-0.32	0	0
NMSMissong4	ɒː	-0.28	0	0
NMSMissong4	ɒ̃	-0.14	0	0
NMSMissong4	ɒ̃ː	-0.14	0	0
NMSMissong4	ɔ	-1.28	10	-13
NMSMissong4	ɔː	-0.22	3	-1
NMSMissong4	ɔ̃	-0.23	0	0
NMSMissong4	ɔ̃ː	-0.19	0	0
NMSMissong4	ɘ	-0.34	0	0
NMSMissong4	ɘː	-0.29	0	0
NMSMissong4	ə	-0.96	96	-92
NMSMissong4	əː	-0.37	3	-1
NMSMissong4	əˠ	-0.14	0	0
NMSMissong4	ə̃	-0.56	0	0
NMSMissong4	ə̃ː	-0.2	0	0
NMSMissong4	ɛ	-0.82	6	-5
NMSMissong4	ɛː	2.88	25	72
NMSMissong4	ɛ̃	-0.32	0	0
NMSMissong4	ɛ̃ː	-0.28	0	0
NMSMissong4	ɠ	-0.14	0	0
NMSMissong4	ɣ	-0.46	0	0
NMSMissong4	ɥ	-0.61	0	0
NMSMissong4	ɦ	-0.24	0	0
NMSMissong4	ɦː	-0.16	0	0
NMSMissong4	ɨ	-0.68	0	0
NMSMissong4	ɨː	-0.34	0	0
NMSMissong4	ɨ̃	-0.24	0	0
NMSMissong4	ɪ	0.99	104	103
NMSMissong4	ɪː	0.34	4	1
NMSMissong4	ɪ̃	-0.26	0	0
NMSMissong4	ɪ̃ː	-0.22	0	0
NMSMissong4	ɯ	-0.2	0	0
NMSMissong4	ɱ	0.94	1	1
NMSMissong4	ɲ	-0.19	19	-4
NMSMissong4	ɲʲ	1.33	4	5
NMSMissong4	ɲʷ	-0.4	0	0
NMSMissong4	ɳ	-0.14	0	0
NMSMissong4	ʃ	-0.78	9	-7
NMSMissong4	ʃʲ	0.22	3	1
NMSMissong4	ʃʷ	-0.4	0	0
NMSMissong4	ʉ	-0.26	0	0
NMSMissong4	ʉʱ	-0.14	0	0
NMSMissong4	ʉː	-0.14	0	0
NMSMissong4	ʊ	1.5	113	169
NMSMissong4	ʊʱ	-0.47	0	0
NMSMissong4	ʊʱː	-0.14	0	0
NMSMissong4	ʊː	-0.36	4	-1
NMSMissong4	ʊ̃	-0.38	0	0
NMSMissong4	ʊ̃ː	-0.33	0	0
NMSMissong4	ʊ̤	-0.14	0	0
NMSMissong4	ʒ	-0.6	0	0
NMSMissong4	ʒʷ	-0.2	0	0
NMSMissong4	ʔ	-0.5	0	0
NMSMissong4	β	-0.35	0	0
NMSMissong4	βʷ	-0.14	0	0
NMSMissong4	ẽ	-0.23	0	0
NMSMissong4	ẽː	-0.14	0	0
NMSMissong4	⁴⁵	-0.14	0	0
NMSMissong4	⁵	0.72	332	238
NMSMissong4	⁵³	0.06	15	1
NMSMissong4	⁵¹	1.29	76	98
NMSMissong4	ⁿb	-0.37	0	0
NMSMissong4	ⁿbʷ	-0.37	0	0
NMSMissong4	ⁿd	-0.45	0	0
NMSMissong4	ⁿdʷ	-0.14	0	0
NMSMissong4	ⁿt	-0.4	0	0
NNBBuu3	a	-1.6	65	-104
NNBBuu3	aː	1.69	41	69
NNBBuu3	b	1.31	96	126
NNBBuu3	bʷ	-0.15	3	0
NNBBuu3	d	-0.52	19	-10
NNBBuu3	dzʷ	-0.2	0	0
NNBBuu3	dʒ	1.98	41	81
NNBBuu3	dʒʷ	-0.22	0	0
NNBBuu3	dʷ	-0.19	0	0
NNBBuu3	e	0.8	31	25
NNBBuu3	eː	1.73	19	33
NNBBuu3	f	1.13	71	80
NNBBuu3	fʲ	-0.6	0	0
NNBBuu3	fʷ	-0.59	0	0
NNBBuu3	g	0.2	19	4
NNBBuu3	gb	-0.52	8	-4
NNBBuu3	gʷ	-0.31	0	0
NNBBuu3	h	-0.65	2	-1
NNBBuu3	i	-0.27	47	-12
NNBBuu3	iː	0.22	8	2
NNBBuu3	j	0.22	41	9
NNBBuu3	k	-0.22	99	-21
NNBBuu3	kp	0.44	18	8
NNBBuu3	kpʳʷ	-0.2	0	0
NNBBuu3	kpʷ	-0.14	0	0
NNBBuu3	kx	0.42	3	1
NNBBuu3	kʰ	-0.14	0	0
NNBBuu3	kʲ	-0.4	0	0
NNBBuu3	kʷ	-0.02	6	0
NNBBuu3	l	0.17	32	5
NNBBuu3	m	-0.35	84	-29
NNBBuu3	mʷ	0.38	2	1
NNBBuu3	n	0.94	127	119
NNBBuu3	nʷ	-0.2	0	0
NNBBuu3	o	-0.88	19	-17
NNBBuu3	oː	2.67	34	91
NNBBuu3	p	1.8	8	14
NNBBuu3	q	-0.14	0	0
NNBBuu3	r	-0.69	0	0
NNBBuu3	s	0.08	29	2
NNBBuu3	sʷ	-0.14	0	0
NNBBuu3	t	2.19	68	149
NNBBuu3	ts	-0.71	8	-6
NNBBuu3	tsʷ	-0.24	0	0
NNBBuu3	tsː	-0.14	0	0
NNBBuu3	tʃ	-0.16	11	-2
NNBBuu3	tʃʷ	-0.41	0	0
NNBBuu3	tʰ	-0.24	0	0
NNBBuu3	tʲ	0.27	2	1
NNBBuu3	tʷ	-0.43	0	0
NNBBuu3	tˢ	-0.14	0	0
NNBBuu3	u	0.69	31	21
NNBBuu3	uʱ	0.95	3	3
NNBBuu3	uː	0.77	5	4
NNBBuu3	uːʱ	-0.14	0	0
NNBBuu3	v	-0.45	0	0
NNBBuu3	vʷ	-0.24	0	0
NNBBuu3	w	-1.38	8	-11
NNBBuu3	z	-0.82	11	-9
NNBBuu3	zː	-0.14	0	0
NNBBuu3	²¹	-0.14	0	0
NNBBuu3	³	-0.45	52	-23
NNBBuu3	³¹	-0.2	0	0
NNBBuu3	³⁵	-0.14	0	0
NNBBuu3	¹	-0.42	263	-111
NNBBuu3	¹³	0.58	2	1
NNBBuu3	¹⁵	0.89	49	43
NNBBuu3	ã	0.58	2	1
NNBBuu3	ãː	-0.33	0	0
NNBBuu3	æ	-0.25	0	0
NNBBuu3	æː	-0.2	0	0
NNBBuu3	æ̃	-0.2	0	0
NNBBuu3	õ	-0.34	0	0
NNBBuu3	õː	-0.31	0	0
NNBBuu3	ø	-0.54	0	0
NNBBuu3	øː	-0.28	0	0
NNBBuu3	ĩ	-0.26	0	0
NNBBuu3	ĩː	-0.14	0	0
NNBBuu3	ŋ	-0.91	57	-52
NNBBuu3	ŋm	-0.53	0	0
NNBBuu3	ŋmʷ	-0.14	0	0
NNBBuu3	ŋʷ	1.05	3	3
NNBBuu3	ŋˤ	-0.14	0	0
NNBBuu3	œ	-0.36	0	0
NNBBuu3	œː	-0.29	0	0
NNBBuu3	œ̃	-0.14	0	0
NNBBuu3	ũ	-0.28	0	0
NNBBuu3	ũʱ	-0.14	0	0
NNBBuu3	ũː	-0.24	0	0
NNBBuu3	ɑ	-0.47	0	0
NNBBuu3	ɑː	-0.4	0	0
NNBBuu3	ɑ̃	-0.14	0	0
NNBBuu3	ɑ̃ː	-0.14	0	0
NNBBuu3	ɒ	-0.32	0	0
NNBBuu3	ɒː	-0.28	0	0
NNBBuu3	ɒ̃	-0.14	0	0
NNBBuu3	ɒ̃ː	-0.14	0	0
NNBBuu3	ɔ	-1.64	5	-8
NNBBuu3	ɔː	-0.46	2	-1
NNBBuu3	ɔ̃	-0.23	0	0
NNBBuu3	ɔ̃ː	-0.19	0	0
NNBBuu3	ɘ	-0.34	0	0
NNBBuu3	ɘː	-0.29	0	0
NNBBuu3	ə	1.42	329	467
NNBBuu3	əː	-0.37	3	-1
NNBBuu3	əˠ	-0.14	0	0
NNBBuu3	ə̃	1.71	2	3
NNBBuu3	ə̃ː	-0.2	0	0
NNBBuu3	ɛ	-0.42	16	-7
NNBBuu3	ɛː	-0.79	2	-2
NNBBuu3	ɛ̃	-0.32	0	0
NNBBuu3	ɛ̃ː	-0.28	0	0
NNBBuu3	ɠ	-0.14	0	0
NNBBuu3	ɣ	-0.31	2	-1
NNBBuu3	ɥ	-0.38	3	-1
NNBBuu3	ɦ	-0.24	0	0
NNBBuu3	ɦː	-0.16	0	0
NNBBuu3	ɨ	-0.68	0	0
NNBBuu3	ɨː	-0.34	0	0
NNBBuu3	ɨ̃	-0.24	0	0
NNBBuu3	ɪ	-0.96	21	-20
NNBBuu3	ɪː	2.62	10	26
NNBBuu3	ɪ̃	-0.26	0	0
NNBBuu3	ɪ̃ː	-0.22	0	0
NNBBuu3	ɯ	-0.2	0	0
NNBBuu3	ɱ	-0.44	0	0
NNBBuu3	ɲ	0.26	26	7
NNBBuu3	ɲʲ	0.27	2	1
NNBBuu3	ɲʷ	-0.4	0	0
NNBBuu3	ɳ	-0.14	0	0
NNBBuu3	ʃ	0.51	23	12
NNBBuu3	ʃʲ	1.56	8	12
NNBBuu3	ʃʷ	4.26	5	21
NNBBuu3	ʉ	-0.26	0	0
NNBBuu3	ʉʱ	-0.14	0	0
NNBBuu3	ʉː	-0.14	0	0
NNBBuu3	ʊ	-1.24	28	-35
NNBBuu3	ʊʱ	-0.47	0	0
NNBBuu3	ʊʱː	-0.14	0	0
NNBBuu3	ʊː	0.19	8	1
NNBBuu3	ʊ̃	-0.38	0	0
NNBBuu3	ʊ̃ː	-0.33	0	0
NNBBuu3	ʊ̤	-0.14	0	0
NNBBuu3	ʒ	-0.6	0	0
NNBBuu3	ʒʷ	-0.2	0	0
NNBBuu3	ʔ	-0.5	0	0
NNBBuu3	β	-0.35	0	0
NNBBuu3	βʷ	-0.14	0	0
NNBBuu3	ẽ	-0.23	0	0
NNBBuu3	ẽː	-0.14	0	0
NNBBuu3	⁴⁵	-0.14	0	0
NNBBuu3	⁵	0.37	315	118
NNBBuu3	⁵³	0.31	18	6
NNBBuu3	⁵¹	0.03	52	2
NNBBuu3	ⁿb	-0.37	0	0
NNBBuu3	ⁿbʷ	-0.37	0	0
NNBBuu3	ⁿd	-0.04	2	0
NNBBuu3	ⁿdʷ	-0.14	0	0
NNBBuu3	ⁿt	-0.4	0	0
NSFBiya5	a	0.99	168	167
NSFBiya5	aː	-0.66	13	-9
NSFBiya5	b	1.62	102	165
NSFBiya5	bʷ	2.38	13	31
NSFBiya5	d	-0.7	16	-11
NSFBiya5	dzʷ	-0.2	0	0
NSFBiya5	dʒ	-0.32	13	-4
NSFBiya5	dʒʷ	-0.22	0	0
NSFBiya5	dʷ	-0.19	0	0
NSFBiya5	e	-0.94	6	-6
NSFBiya5	eː	-0.73	1	-1
NSFBiya5	f	0.15	54	8
NSFBiya5	fʲ	-0.17	1	0
NSFBiya5	fʷ	1.62	7	11
NSFBiya5	g	-0.95	6	-6
NSFBiya5	gb	-0.99	6	-6
NSFBiya5	gʷ	-0.31	0	0
NSFBiya5	h	0.8	31	25
NSFBiya5	i	1.71	115	197
NSFBiya5	iː	-1.26	1	-1
NSFBiya5	j	-0.35	31	-11
NSFBiya5	k	0.44	121	53
NSFBiya5	kp	0.6	19	11
NSFBiya5	kpʳʷ	-0.2	0	0
NSFBiya5	kpʷ	-0.14	0	0
NSFBiya5	kx	-0.71	0	0
NSFBiya5	kʰ	-0.14	0	0
NSFBiya5	kʲ	-0.4	0	0
NSFBiya5	kʷ	0.31	9	3
NSFBiya5	l	-1.7	6	-10
NSFBiya5	m	-1.35	63	-85
NSFBiya5	mʷ	-0.56	0	0
NSFBiya5	n	0.08	107	9
NSFBiya5	nʷ	-0.2	0	0
NSFBiya5	o	-0.45	29	-13
NSFBiya5	oː	0.06	10	1
NSFBiya5	p	0.42	4	2
NSFBiya5	q	-0.14	0	0
NSFBiya5	r	-0.69	0	0
NSFBiya5	s	-1.22	10	-12
NSFBiya5	sʷ	-0.14	0	0
NSFBiya5	t	1.33	60	80
NSFBiya5	ts	-1.05	3	-3
NSFBiya5	tsʷ	-0.24	0	0
NSFBiya5	tsː	-0.14	0	0
NSFBiya5	tʃ	-1.61	1	-2
NSFBiya5	tʃʷ	-0.41	0	0
NSFBiya5	tʰ	-0.24	0	0
NSFBiya5	tʲ	-0.35	0	0
NSFBiya5	tʷ	-0.43	0	0
NSFBiya5	tˢ	-0.14	0	0
NSFBiya5	u	-0.06	22	-1
NSFBiya5	uʱ	-0.48	0	0
NSFBiya5	uː	-0.6	1	-1
NSFBiya5	uːʱ	-0.14	0	0
NSFBiya5	v	-0.45	0	0
NSFBiya5	vʷ	-0.24	0	0
NSFBiya5	w	-0.68	20	-14
NSFBiya5	z	-0.68	13	-9
NSFBiya5	zː	-0.14	0	0
NSFBiya5	²¹	-0.14	0	0
NSFBiya5	³	-0.92	38	-35
NSFBiya5	³¹	-0.2	0	0
NSFBiya5	³⁵	-0.14	0	0
NSFBiya5	¹	1.67	401	671
NSFBiya5	¹³	-0.76	0	0
NSFBiya5	¹⁵	-0.45	25	-11
NSFBiya5	ã	-0.44	0	0
NSFBiya5	ãː	-0.33	0	0
NSFBiya5	æ	-0.25	0	0
NSFBiya5	æː	-0.2	0	0
NSFBiya5	æ̃	-0.2	0	0
NSFBiya5	õ	-0.34	0	0
NSFBiya5	õː	-0.31	0	0
NSFBiya5	ø	-0.54	0	0
NSFBiya5	øː	-0.28	0	0
NSFBiya5	ĩ	-0.26	0	0
NSFBiya5	ĩː	-0.14	0	0
NSFBiya5	ŋ	-1.26	48	-60
NSFBiya5	ŋm	-0.27	1	0
NSFBiya5	ŋmʷ	-0.14	0	0
NSFBiya5	ŋʷ	-0.34	0	0
NSFBiya5	ŋˤ	-0.14	0	0
NSFBiya5	œ	-0.36	0	0
NSFBiya5	œː	-0.29	0	0
NSFBiya5	œ̃	-0.14	0	0
NSFBiya5	ũ	-0.28	0	0
NSFBiya5	ũʱ	-0.14	0	0
NSFBiya5	ũː	-0.24	0	0
NSFBiya5	ɑ	-0.47	0	0
NSFBiya5	ɑː	-0.4	0	0
NSFBiya5	ɑ̃	-0.14	0	0
NSFBiya5	ɑ̃ː	-0.14	0	0
NSFBiya5	ɒ	-0.32	0	0
NSFBiya5	ɒː	-0.28	0	0
NSFBiya5	ɒ̃	-0.14	0	0
NSFBiya5	ɒ̃ː	-0.14	0	0
NSFBiya5	ɔ	-0.55	20	-11
NSFBiya5	ɔː	-0.94	0	0
NSFBiya5	ɔ̃	-0.23	0	0
NSFBiya5	ɔ̃ː	-0.19	0	0
NSFBiya5	ɘ	-0.34	0	0
NSFBiya5	ɘː	-0.29	0	0
NSFBiya5	ə	-0.8	112	-89
NSFBiya5	əː	-0.77	0	0
NSFBiya5	əˠ	-0.14	0	0
NSFBiya5	ə̃	-0.56	0	0
NSFBiya5	ə̃ː	-0.2	0	0
NSFBiya5	ɛ	0.69	44	30
NSFBiya5	ɛː	-0.15	6	-1
NSFBiya5	ɛ̃	4.03	7	28
NSFBiya5	ɛ̃ː	-0.28	0	0
NSFBiya5	ɠ	-0.14	0	0
NSFBiya5	ɣ	-0.46	0	0
NSFBiya5	ɥ	1.99	34	68
NSFBiya5	ɦ	-0.24	0	0
NSFBiya5	ɦː	-0.16	0	0
NSFBiya5	ɨ	-0.68	0	0
NSFBiya5	ɨː	-0.34	0	0
NSFBiya5	ɨ̃	-0.24	0	0
NSFBiya5	ɪ	1.74	136	237
NSFBiya5	ɪː	-0.8	1	-1
NSFBiya5	ɪ̃	-0.26	0	0
NSFBiya5	ɪ̃ː	-0.22	0	0
NSFBiya5	ɯ	-0.2	0	0
NSFBiya5	ɱ	-0.44	0	0
NSFBiya5	ɲ	0.78	34	27
NSFBiya5	ɲʲ	0.8	3	2
NSFBiya5	ɲʷ	-0.4	0	0
NSFBiya5	ɳ	-0.14	0	0
NSFBiya5	ʃ	-0.68	10	-7
NSFBiya5	ʃʲ	0.22	3	1
NSFBiya5	ʃʷ	-0.4	0	0
NSFBiya5	ʉ	-0.26	0	0
NSFBiya5	ʉʱ	-0.14	0	0
NSFBiya5	ʉː	-0.14	0	0
NSFBiya5	ʊ	0.21	73	15
NSFBiya5	ʊʱ	-0.47	0	0
NSFBiya5	ʊʱː	-0.14	0	0
NSFBiya5	ʊː	-0.9	0	0
NSFBiya5	ʊ̃	-0.38	0	0
NSFBiya5	ʊ̃ː	-0.33	0	0
NSFBiya5	ʊ̤	-0.14	0	0
NSFBiya5	ʒ	0.17	4	1
NSFBiya5	ʒʷ	-0.2	0	0
NSFBiya5	ʔ	-0.5	0	0
NSFBiya5	β	-0.35	0	0
NSFBiya5	βʷ	-0.14	0	0
NSFBiya5	ẽ	-0.23	0	0
NSFBiya5	ẽː	-0.14	0	0
NSFBiya5	⁴⁵	-0.14	0	0
NSFBiya5	⁵	-0.41	276	-114
NSFBiya5	⁵³	-1.13	1	-1
NSFBiya5	⁵¹	-0.18	48	-9
NSFBiya5	ⁿb	0.24	4	1
NSFBiya5	ⁿbʷ	3.88	3	12
NSFBiya5	ⁿd	0.98	7	7
NSFBiya5	ⁿdʷ	-0.14	0	0
NSFBiya5	ⁿt	0.33	1	0
NUNMunken4	a	1.34	182	244
NUNMunken4	aː	-1.42	4	-6
NUNMunken4	b	1.05	91	96
NUNMunken4	bʷ	0.1	4	0
NUNMunken4	d	-0.87	13	-11
NUNMunken4	dzʷ	-0.2	0	0
NUNMunken4	dʒ	0.34	21	7
NUNMunken4	dʒʷ	-0.22	0	0
NUNMunken4	dʷ	-0.19	0	0
NUNMunken4	e	3.51	70	246
NUNMunken4	eː	-0.73	1	-1
NUNMunken4	f	-1.42	27	-38
NUNMunken4	fʲ	-0.6	0	0
NUNMunken4	fʷ	-0.59	0	0
NUNMunken4	g	-0.87	7	-6
NUNMunken4	gb	-0.05	10	-1
NUNMunken4	gʷ	-0.31	0	0
NUNMunken4	h	0.8	31	25
NUNMunken4	i	0.23	64	15
NUNMunken4	iː	-1.47	0	0
NUNMunken4	j	-0.87	22	-19
NUNMunken4	k	-1.25	64	-80
NUNMunken4	kp	0.12	16	2
NUNMunken4	kpʳʷ	-0.2	0	0
NUNMunken4	kpʷ	-0.14	0	0
NUNMunken4	kx	-0.71	0	0
NUNMunken4	kʰ	-0.14	0	0
NUNMunken4	kʲ	0.3	3	1
NUNMunken4	kʷ	0.09	7	1
NUNMunken4	l	-0.55	22	-12
NUNMunken4	m	-1.07	69	-74
NUNMunken4	mʷ	3.65	9	33
NUNMunken4	n	0.68	121	82
NUNMunken4	nʷ	-0.2	0	0
NUNMunken4	o	-0.36	31	-11
NUNMunken4	oː	-0.26	7	-2
NUNMunken4	p	0.42	4	2
NUNMunken4	q	-0.14	0	0
NUNMunken4	r	1.38	3	4
NUNMunken4	s	-1.28	9	-12
NUNMunken4	sʷ	-0.14	0	0
NUNMunken4	t	-0.48	43	-21
NUNMunken4	ts	-0.78	7	-5
NUNMunken4	tsʷ	-0.24	0	0
NUNMunken4	tsː	-0.14	0	0
NUNMunken4	tʃ	-1.32	3	-4
NUNMunken4	tʃʷ	-0.41	0	0
NUNMunken4	tʰ	-0.24	0	0
NUNMunken4	tʲ	-0.35	0	0
NUNMunken4	tʷ	-0.43	0	0
NUNMunken4	tˢ	-0.14	0	0
NUNMunken4	u	-0.56	16	-9
NUNMunken4	uʱ	-0.48	0	0
NUNMunken4	uː	-0.6	1	-1
NUNMunken4	uːʱ	-0.14	0	0
NUNMunken4	v	-0.45	0	0
NUNMunken4	vʷ	-0.24	0	0
NUNMunken4	w	-0.27	27	-7
NUNMunken4	z	-0.31	18	-6
NUNMunken4	zː	-0.14	0	0
NUNMunken4	²¹	-0.14	0	0
NUNMunken4	³	-0.28	57	-16
NUNMunken4	³¹	-0.2	0	0
NUNMunken4	³⁵	-0.14	0	0
NUNMunken4	¹	0.9	350	315
NUNMunken4	¹³	-0.76	0	0
NUNMunken4	¹⁵	-0.67	21	-14
NUNMunken4	ã	-0.44	0	0
NUNMunken4	ãː	-0.33	0	0
NUNMunken4	æ	-0.25	0	0
NUNMunken4	æː	-0.2	0	0
NUNMunken4	æ̃	-0.2	0	0
NUNMunken4	õ	-0.34	0	0
NUNMunken4	õː	-0.31	0	0
NUNMunken4	ø	-0.54	0	0
NUNMunken4	øː	-0.28	0	0
NUNMunken4	ĩ	-0.26	0	0
NUNMunken4	ĩː	-0.14	0	0
NUNMunken4	ŋ	-0.91	57	-52
NUNMunken4	ŋm	-0.53	0	0
NUNMunken4	ŋmʷ	-0.14	0	0
NUNMunken4	ŋʷ	-0.34	0	0
NUNMunken4	ŋˤ	-0.14	0	0
NUNMunken4	œ	-0.36	0	0
NUNMunken4	œː	-0.29	0	0
NUNMunken4	œ̃	-0.14	0	0
NUNMunken4	ũ	-0.28	0	0
NUNMunken4	ũʱ	-0.14	0	0
NUNMunken4	ũː	-0.24	0	0
NUNMunken4	ɑ	-0.47	0	0
NUNMunken4	ɑː	-0.4	0	0
NUNMunken4	ɑ̃	-0.14	0	0
NUNMunken4	ɑ̃ː	-0.14	0	0
NUNMunken4	ɒ	-0.32	0	0
NUNMunken4	ɒː	-0.28	0	0
NUNMunken4	ɒ̃	-0.14	0	0
NUNMunken4	ɒ̃ː	-0.14	0	0
NUNMunken4	ɔ	-0.62	19	-12
NUNMunken4	ɔː	-0.94	0	0
NUNMunken4	ɔ̃	-0.23	0	0
NUNMunken4	ɔ̃ː	-0.19	0	0
NUNMunken4	ɘ	-0.34	0	0
NUNMunken4	ɘː	-0.29	0	0
NUNMunken4	ə	-0.72	120	-86
NUNMunken4	əː	-0.77	0	0
NUNMunken4	əˠ	-0.14	0	0
NUNMunken4	ə̃	-0.56	0	0
NUNMunken4	ə̃ː	-0.2	0	0
NUNMunken4	ɛ	2.04	78	159
NUNMunken4	ɛː	-0.63	3	-2
NUNMunken4	ɛ̃	-0.32	0	0
NUNMunken4	ɛ̃ː	-0.28	0	0
NUNMunken4	ɠ	-0.14	0	0
NUNMunken4	ɣ	-0.46	0	0
NUNMunken4	ɥ	1.53	28	43
NUNMunken4	ɦ	-0.24	0	0
NUNMunken4	ɦː	-0.16	0	0
NUNMunken4	ɨ	-0.68	0	0
NUNMunken4	ɨː	-0.34	0	0
NUNMunken4	ɨ̃	-0.24	0	0
NUNMunken4	ɪ	0.87	99	86
NUNMunken4	ɪː	0.34	4	1
NUNMunken4	ɪ̃	-0.26	0	0
NUNMunken4	ɪ̃ː	-0.22	0	0
NUNMunken4	ɯ	-0.2	0	0
NUNMunken4	ɱ	3.72	3	11
NUNMunken4	ɲ	1.1	39	43
NUNMunken4	ɲʲ	-0.26	1	0
NUNMunken4	ɲʷ	-0.4	0	0
NUNMunken4	ɳ	-0.14	0	0
NUNMunken4	ʃ	0.97	28	27
NUNMunken4	ʃʲ	0.22	3	1
NUNMunken4	ʃʷ	-0.4	0	0
NUNMunken4	ʉ	-0.26	0	0
NUNMunken4	ʉʱ	-0.14	0	0
NUNMunken4	ʉː	-0.14	0	0
NUNMunken4	ʊ	0.88	94	83
NUNMunken4	ʊʱ	-0.47	0	0
NUNMunken4	ʊʱː	-0.14	0	0
NUNMunken4	ʊː	-0.9	0	0
NUNMunken4	ʊ̃	-0.38	0	0
NUNMunken4	ʊ̃ː	-0.33	0	0
NUNMunken4	ʊ̤	-0.14	0	0
NUNMunken4	ʒ	-0.6	0	0
NUNMunken4	ʒʷ	-0.2	0	0
NUNMunken4	ʔ	-0.5	0	0
NUNMunken4	β	-0.35	0	0
NUNMunken4	βʷ	-0.14	0	0
NUNMunken4	ẽ	-0.23	0	0
NUNMunken4	ẽː	-0.14	0	0
NUNMunken4	⁴⁵	-0.14	0	0
NUNMunken4	⁵	0.31	312	98
NUNMunken4	⁵³	-0.71	6	-4
NUNMunken4	⁵¹	0.93	69	64
NUNMunken4	ⁿb	-0.37	0	0
NUNMunken4	ⁿbʷ	-0.37	0	0
NUNMunken4	ⁿd	-0.45	0	0
NUNMunken4	ⁿdʷ	-0.14	0	0
NUNMunken4	ⁿt	-0.4	0	0
NVBAbar7	a	0.44	146	64
NVBAbar7	aː	-1.25	6	-8
NVBAbar7	b	-0.77	56	-43
NVBAbar7	bʷ	2.63	14	37
NVBAbar7	d	-0.87	13	-11
NVBAbar7	dzʷ	-0.2	0	0
NVBAbar7	dʒ	2.15	43	92
NVBAbar7	dʒʷ	-0.22	0	0
NVBAbar7	dʷ	-0.19	0	0
NVBAbar7	e	1.36	39	53
NVBAbar7	eː	0.09	7	1
NVBAbar7	f	-1.01	34	-34
NVBAbar7	fʲ	-0.6	0	0
NVBAbar7	fʷ	-0.27	1	0
NVBAbar7	g	-0.95	6	-6
NVBAbar7	gb	-0.76	7	-5
NVBAbar7	gʷ	-0.31	0	0
NVBAbar7	h	2.25	60	135
NVBAbar7	i	0.87	86	75
NVBAbar7	iː	-0.2	6	-1
NVBAbar7	j	-0.93	21	-20
NVBAbar7	k	0.2	113	22
NVBAbar7	kp	-0.36	13	-5
NVBAbar7	kpʳʷ	-0.2	0	0
NVBAbar7	kpʷ	-0.14	0	0
NVBAbar7	kx	-0.33	1	0
NVBAbar7	kʰ	-0.14	0	0
NVBAbar7	kʲ	-0.4	0	0
NVBAbar7	kʷ	-0.02	6	0
NVBAbar7	l	-0.62	21	-13
NVBAbar7	m	-0.54	80	-43
NVBAbar7	mʷ	-0.56	0	0
NVBAbar7	n	0.38	114	44
NVBAbar7	nʷ	-0.2	0	0
NVBAbar7	o	1.83	81	148
NVBAbar7	oː	-0.59	4	-2
NVBAbar7	p	0.08	3	0
NVBAbar7	q	-0.14	0	0
NVBAbar7	r	-0.69	0	0
NVBAbar7	s	-0.94	14	-13
NVBAbar7	sʷ	-0.14	0	0
NVBAbar7	t	0.27	50	13
NVBAbar7	ts	-0.85	6	-5
NVBAbar7	tsʷ	-0.24	0	0
NVBAbar7	tsː	-0.14	0	0
NVBAbar7	tʃ	-1.18	4	-5
NVBAbar7	tʃʷ	-0.41	0	0
NVBAbar7	tʰ	-0.24	0	0
NVBAbar7	tʲ	-0.04	1	0
NVBAbar7	tʷ	-0.43	0	0
NVBAbar7	tˢ	-0.14	0	0
NVBAbar7	u	-1.39	6	-8
NVBAbar7	uʱ	-0.48	0	0
NVBAbar7	uː	-0.95	0	0
NVBAbar7	uːʱ	-0.14	0	0
NVBAbar7	v	-0.45	0	0
NVBAbar7	vʷ	-0.24	0	0
NVBAbar7	w	-0.91	16	-15
NVBAbar7	z	-0.9	10	-9
NVBAbar7	zː	-0.14	0	0
NVBAbar7	²¹	-0.14	0	0
NVBAbar7	³	-0.89	39	-35
NVBAbar7	³¹	-0.2	0	0
NVBAbar7	³⁵	-0.14	0	0
NVBAbar7	¹	0.82	345	284
NVBAbar7	¹³	-0.76	0	0
NVBAbar7	¹⁵	-0.95	16	-15
NVBAbar7	ã	-0.44	0	0
NVBAbar7	ãː	-0.33	0	0
NVBAbar7	æ	-0.25	0	0
NVBAbar7	æː	-0.2	0	0
NVBAbar7	æ̃	-0.2	0	0
NVBAbar7	õ	-0.34	0	0
NVBAbar7	õː	-0.31	0	0
NVBAbar7	ø	-0.54	0	0
NVBAbar7	øː	-0.28	0	0
NVBAbar7	ĩ	-0.26	0	0
NVBAbar7	ĩː	-0.14	0	0
NVBAbar7	ŋ	-0.03	80	-2
NVBAbar7	ŋm	-0.53	0	0
NVBAbar7	ŋmʷ	-0.14	0	0
NVBAbar7	ŋʷ	0.12	1	0
NVBAbar7	ŋˤ	-0.14	0	0
NVBAbar7	œ	-0.36	0	0
NVBAbar7	œː	-0.29	0	0
NVBAbar7	œ̃	-0.14	0	0
NVBAbar7	ũ	-0.28	0	0
NVBAbar7	ũʱ	-0.14	0	0
NVBAbar7	ũː	-0.24	0	0
NVBAbar7	ɑ	-0.47	0	0
NVBAbar7	ɑː	-0.4	0	0
NVBAbar7	ɑ̃	-0.14	0	0
NVBAbar7	ɑ̃ː	-0.14	0	0
NVBAbar7	ɒ	-0.32	0	0
NVBAbar7	ɒː	-0.28	0	0
NVBAbar7	ɒ̃	-0.14	0	0
NVBAbar7	ɒ̃ː	-0.14	0	0
NVBAbar7	ɔ	-0.11	26	-3
NVBAbar7	ɔː	-0.94	0	0
NVBAbar7	ɔ̃	-0.23	0	0
NVBAbar7	ɔ̃ː	-0.19	0	0
NVBAbar7	ɘ	-0.34	0	0
NVBAbar7	ɘː	-0.29	0	0
NVBAbar7	ə	-1.05	87	-92
NVBAbar7	əː	-0.77	0	0
NVBAbar7	əˠ	-0.14	0	0
NVBAbar7	ə̃	-0.56	0	0
NVBAbar7	ə̃ː	-0.2	0	0
NVBAbar7	ɛ	1.29	59	76
NVBAbar7	ɛː	-1.1	0	0
NVBAbar7	ɛ̃	-0.32	0	0
NVBAbar7	ɛ̃ː	-0.28	0	0
NVBAbar7	ɠ	-0.14	0	0
NVBAbar7	ɣ	-0.46	0	0
NVBAbar7	ɥ	-0.15	6	-1
NVBAbar7	ɦ	-0.24	0	0
NVBAbar7	ɦː	-0.16	0	0
NVBAbar7	ɨ	-0.68	0	0
NVBAbar7	ɨː	-0.34	0	0
NVBAbar7	ɨ̃	-0.24	0	0
NVBAbar7	ɪ	1.32	118	156
NVBAbar7	ɪː	-1.19	0	0
NVBAbar7	ɪ̃	-0.26	0	0
NVBAbar7	ɪ̃ː	-0.22	0	0
NVBAbar7	ɯ	-0.2	0	0
NVBAbar7	ɱ	-0.44	0	0
NVBAbar7	ɲ	0.26	26	7
NVBAbar7	ɲʲ	-0.79	0	0
NVBAbar7	ɲʷ	-0.4	0	0
NVBAbar7	ɳ	-0.14	0	0
NVBAbar7	ʃ	1.43	33	47
NVBAbar7	ʃʲ	-0.32	1	0
NVBAbar7	ʃʷ	-0.4	0	0
NVBAbar7	ʉ	-0.26	0	0
NVBAbar7	ʉʱ	-0.14	0	0
NVBAbar7	ʉː	-0.14	0	0
NVBAbar7	ʊ	0.56	84	47
NVBAbar7	ʊʱ	-0.47	0	0
NVBAbar7	ʊʱː	-0.14	0	0
NVBAbar7	ʊː	-0.5	3	-1
NVBAbar7	ʊ̃	-0.38	0	0
NVBAbar7	ʊ̃ː	-0.33	0	0
NVBAbar7	ʊ̤	-0.14	0	0
NVBAbar7	ʒ	0.55	6	3
NVBAbar7	ʒʷ	-0.2	0	0
NVBAbar7	ʔ	-0.5	0	0
NVBAbar7	β	-0.35	0	0
NVBAbar7	βʷ	-0.14	0	0
NVBAbar7	ẽ	-0.23	0	0
NVBAbar7	ẽː	-0.14	0	0
NVBAbar7	⁴⁵	-0.14	0	0
NVBAbar7	⁵	0.35	314	111
NVBAbar7	⁵³	-0.71	6	-4
NVBAbar7	⁵¹	1.4	78	109
NVBAbar7	ⁿb	0.09	3	0
NVBAbar7	ⁿbʷ	1.04	1	1
NVBAbar7	ⁿd	0.98	7	7
NVBAbar7	ⁿdʷ	-0.14	0	0
NVBAbar7	ⁿt	-0.4	0	0
NVIAjumbu1	a	-0.11	124	-14
NVIAjumbu1	aː	0.01	21	0
NVIAjumbu1	b	-0.82	55	-45
NVIAjumbu1	bʷ	-0.91	0	0
NVIAjumbu1	d	-0.11	26	-3
NVIAjumbu1	dzʷ	-0.2	0	0
NVIAjumbu1	dʒ	-0.15	15	-2
NVIAjumbu1	dʒʷ	-0.22	0	0
NVIAjumbu1	dʷ	-0.19	0	0
NVIAjumbu1	e	-1.15	3	-3
NVIAjumbu1	eː	-0.45	3	-1
NVIAjumbu1	f	1.88	84	158
NVIAjumbu1	fʲ	-0.6	0	0
NVIAjumbu1	fʷ	0.36	3	1
NVIAjumbu1	g	1.62	35	57
NVIAjumbu1	gb	-0.52	8	-4
NVIAjumbu1	gʷ	-0.31	0	0
NVIAjumbu1	h	-0.75	0	0
NVIAjumbu1	i	-0.93	24	-22
NVIAjumbu1	iː	-1.26	1	-1
NVIAjumbu1	j	0.45	45	20
NVIAjumbu1	k	1.09	143	155
NVIAjumbu1	kp	-0.04	15	-1
NVIAjumbu1	kpʳʷ	-0.2	0	0
NVIAjumbu1	kpʷ	-0.14	0	0
NVIAjumbu1	kx	-0.33	1	0
NVIAjumbu1	kʰ	-0.14	0	0
NVIAjumbu1	kʲ	-0.4	0	0
NVIAjumbu1	kʷ	-0.69	0	0
NVIAjumbu1	l	-0.41	24	-10
NVIAjumbu1	m	-0.2	87	-18
NVIAjumbu1	mʷ	-0.56	0	0
NVIAjumbu1	n	-0.6	91	-55
NVIAjumbu1	nʷ	-0.2	0	0
NVIAjumbu1	o	-0.66	24	-16
NVIAjumbu1	oː	-0.37	6	-2
NVIAjumbu1	p	-0.61	1	-1
NVIAjumbu1	q	-0.14	0	0
NVIAjumbu1	r	-0.69	0	0
NVIAjumbu1	s	1.04	43	45
NVIAjumbu1	sʷ	-0.14	0	0
NVIAjumbu1	t	-1.76	31	-55
NVIAjumbu1	ts	-0.02	18	0
NVIAjumbu1	tsʷ	-0.24	0	0
NVIAjumbu1	tsː	-0.14	0	0
NVIAjumbu1	tʃ	-0.45	9	-4
NVIAjumbu1	tʃʷ	-0.41	0	0
NVIAjumbu1	tʰ	-0.24	0	0
NVIAjumbu1	tʲ	-0.35	0	0
NVIAjumbu1	tʷ	-0.43	0	0
NVIAjumbu1	tˢ	-0.14	0	0
NVIAjumbu1	u	-0.64	15	-10
NVIAjumbu1	uʱ	2.38	6	14
NVIAjumbu1	uː	-0.6	1	-1
NVIAjumbu1	uːʱ	-0.14	0	0
NVIAjumbu1	v	2.85	10	28
NVIAjumbu1	vʷ	-0.24	0	0
NVIAjumbu1	w	1.66	60	100
NVIAjumbu1	z	0.56	30	17
NVIAjumbu1	zː	-0.14	0	0
NVIAjumbu1	²¹	-0.14	0	0
NVIAjumbu1	³	-0.38	54	-21
NVIAjumbu1	³¹	-0.2	0	0
NVIAjumbu1	³⁵	-0.14	0	0
NVIAjumbu1	¹	-0.38	266	-100
NVIAjumbu1	¹³	-0.09	1	0
NVIAjumbu1	¹⁵	-1.01	15	-15
NVIAjumbu1	ã	-0.44	0	0
NVIAjumbu1	ãː	-0.33	0	0
NVIAjumbu1	æ	-0.25	0	0
NVIAjumbu1	æː	-0.2	0	0
NVIAjumbu1	æ̃	-0.2	0	0
NVIAjumbu1	õ	-0.34	0	0
NVIAjumbu1	õː	-0.31	0	0
NVIAjumbu1	ø	-0.23	1	0
NVIAjumbu1	øː	-0.28	0	0
NVIAjumbu1	ĩ	-0.26	0	0
NVIAjumbu1	ĩː	-0.14	0	0
NVIAjumbu1	ŋ	1.17	111	129
NVIAjumbu1	ŋm	-0.27	1	0
NVIAjumbu1	ŋmʷ	-0.14	0	0
NVIAjumbu1	ŋʷ	-0.34	0	0
NVIAjumbu1	ŋˤ	-0.14	0	0
NVIAjumbu1	œ	-0.36	0	0
NVIAjumbu1	œː	-0.29	0	0
NVIAjumbu1	œ̃	-0.14	0	0
NVIAjumbu1	ũ	-0.28	0	0
NVIAjumbu1	ũʱ	-0.14	0	0
NVIAjumbu1	ũː	-0.24	0	0
NVIAjumbu1	ɑ	-0.47	0	0
NVIAjumbu1	ɑː	-0.4	0	0
NVIAjumbu1	ɑ̃	-0.14	0	0
NVIAjumbu1	ɑ̃ː	-0.14	0	0
NVIAjumbu1	ɒ	-0.32	0	0
NVIAjumbu1	ɒː	-0.28	0	0
NVIAjumbu1	ɒ̃	-0.14	0	0
NVIAjumbu1	ɒ̃ː	-0.14	0	0
NVIAjumbu1	ɔ	0.4	33	13
NVIAjumbu1	ɔː	-0.46	2	-1
NVIAjumbu1	ɔ̃	-0.23	0	0
NVIAjumbu1	ɔ̃ː	-0.19	0	0
NVIAjumbu1	ɘ	-0.34	0	0
NVIAjumbu1	ɘː	-0.29	0	0
NVIAjumbu1	ə	1.03	291	300
NVIAjumbu1	əː	-0.24	4	-1
NVIAjumbu1	əˠ	-0.14	0	0
NVIAjumbu1	ə̃	-0.56	0	0
NVIAjumbu1	ə̃ː	-0.2	0	0
NVIAjumbu1	ɛ	-0.22	21	-5
NVIAjumbu1	ɛː	-0.94	1	-1
NVIAjumbu1	ɛ̃	-0.32	0	0
NVIAjumbu1	ɛ̃ː	-0.28	0	0
NVIAjumbu1	ɠ	-0.14	0	0
NVIAjumbu1	ɣ	-0.46	0	0
NVIAjumbu1	ɥ	0.38	13	5
NVIAjumbu1	ɦ	-0.24	0	0
NVIAjumbu1	ɦː	-0.16	0	0
NVIAjumbu1	ɨ	0.62	4	2
NVIAjumbu1	ɨː	-0.34	0	0
NVIAjumbu1	ɨ̃	-0.24	0	0
NVIAjumbu1	ɪ	-0.85	26	-22
NVIAjumbu1	ɪː	-0.04	3	0
NVIAjumbu1	ɪ̃	-0.26	0	0
NVIAjumbu1	ɪ̃ː	-0.22	0	0
NVIAjumbu1	ɯ	-0.2	0	0
NVIAjumbu1	ɱ	0.94	1	1
NVIAjumbu1	ɲ	1.75	49	86
NVIAjumbu1	ɲʲ	-0.79	0	0
NVIAjumbu1	ɲʷ	-0.4	0	0
NVIAjumbu1	ɳ	-0.14	0	0
NVIAjumbu1	ʃ	0.14	19	3
NVIAjumbu1	ʃʲ	-0.59	0	0
NVIAjumbu1	ʃʷ	-0.4	0	0
NVIAjumbu1	ʉ	-0.26	0	0
NVIAjumbu1	ʉʱ	-0.14	0	0
NVIAjumbu1	ʉː	-0.14	0	0
NVIAjumbu1	ʊ	-0.6	48	-29
NVIAjumbu1	ʊʱ	5.49	9	49
NVIAjumbu1	ʊʱː	-0.14	0	0
NVIAjumbu1	ʊː	0.19	8	1
NVIAjumbu1	ʊ̃	-0.38	0	0
NVIAjumbu1	ʊ̃ː	-0.33	0	0
NVIAjumbu1	ʊ̤	-0.14	0	0
NVIAjumbu1	ʒ	0.55	6	3
NVIAjumbu1	ʒʷ	-0.2	0	0
NVIAjumbu1	ʔ	0.63	22	14
NVIAjumbu1	β	-0.35	0	0
NVIAjumbu1	βʷ	-0.14	0	0
NVIAjumbu1	ẽ	-0.23	0	0
NVIAjumbu1	ẽː	-0.14	0	0
NVIAjumbu1	⁴⁵	-0.14	0	0
NVIAjumbu1	⁵	0.11	302	34
NVIAjumbu1	⁵³	-0.71	6	-4
NVIAjumbu1	⁵¹	-0.18	48	-9
NVIAjumbu1	ⁿb	-0.37	0	0
NVIAjumbu1	ⁿbʷ	-0.37	0	0
NVIAjumbu1	ⁿd	-0.45	0	0
NVIAjumbu1	ⁿdʷ	-0.14	0	0
NVIAjumbu1	ⁿt	-0.4	0	0
TELKoshin4	a	-0.19	121	-23
TELKoshin4	aː	-1.17	7	-8
TELKoshin4	b	-0.25	66	-16
TELKoshin4	bʷ	-0.15	3	0
TELKoshin4	d	-0.81	14	-11
TELKoshin4	dzʷ	-0.2	0	0
TELKoshin4	dʒ	1.08	30	32
TELKoshin4	dʒʷ	-0.22	0	0
TELKoshin4	dʷ	-0.19	0	0
TELKoshin4	e	0.1	21	2
TELKoshin4	eː	0.09	7	1
TELKoshin4	f	1.07	70	75
TELKoshin4	fʲ	0.26	2	1
TELKoshin4	fʷ	-0.59	0	0
TELKoshin4	g	-0.24	14	-3
TELKoshin4	gb	-0.76	7	-5
TELKoshin4	gʷ	-0.31	0	0
TELKoshin4	h	-0.75	0	0
TELKoshin4	i	0.05	58	3
TELKoshin4	iː	0.64	10	6
TELKoshin4	j	-1.04	19	-20
TELKoshin4	k	-0.45	91	-41
TELKoshin4	kp	-0.51	12	-6
TELKoshin4	kpʳʷ	-0.2	0	0
TELKoshin4	kpʷ	-0.14	0	0
TELKoshin4	kx	0.04	2	0
TELKoshin4	kʰ	-0.14	0	0
TELKoshin4	kʲ	0.76	5	4
TELKoshin4	kʷ	0.09	7	1
TELKoshin4	l	-0.62	21	-13
TELKoshin4	m	-1.02	70	-71
TELKoshin4	mʷ	-0.56	0	0
TELKoshin4	n	-0.39	96	-37
TELKoshin4	nʷ	-0.2	0	0
TELKoshin4	o	-0.8	21	-17
TELKoshin4	oː	-0.26	7	-2
TELKoshin4	p	-0.96	0	0
TELKoshin4	q	-0.14	0	0
TELKoshin4	r	-0.69	0	0
TELKoshin4	s	-0.94	14	-13
TELKoshin4	sʷ	-0.14	0	0
TELKoshin4	t	-0.38	44	-17
TELKoshin4	ts	1.5	40	60
TELKoshin4	tsʷ	-0.24	0	0
TELKoshin4	tsː	-0.14	0	0
TELKoshin4	tʃ	-0.45	9	-4
TELKoshin4	tʃʷ	-0.41	0	0
TELKoshin4	tʰ	-0.24	0	0
TELKoshin4	tʲ	4.96	17	84
TELKoshin4	tʷ	-0.43	0	0
TELKoshin4	tˢ	-0.14	0	0
TELKoshin4	u	1.86	45	84
TELKoshin4	uʱ	-0.48	0	0
TELKoshin4	uː	3.18	12	38
TELKoshin4	uːʱ	-0.14	0	0
TELKoshin4	v	-0.45	0	0
TELKoshin4	vʷ	-0.24	0	0
TELKoshin4	w	-0.62	21	-13
TELKoshin4	z	-0.24	19	-5
TELKoshin4	zː	-0.14	0	0
TELKoshin4	²¹	-0.14	0	0
TELKoshin4	³	-0.01	65	-1
TELKoshin4	³¹	-0.2	0	0
TELKoshin4	³⁵	-0.14	0	0
TELKoshin4	¹	-0.13	282	-38
TELKoshin4	¹³	-0.76	0	0
TELKoshin4	¹⁵	-1.17	12	-14
TELKoshin4	ã	2.12	5	11
TELKoshin4	ãː	-0.33	0	0
TELKoshin4	æ	-0.25	0	0
TELKoshin4	æː	-0.2	0	0
TELKoshin4	æ̃	-0.2	0	0
TELKoshin4	õ	1.22	2	2
TELKoshin4	õː	-0.31	0	0
TELKoshin4	ø	2.56	10	26
TELKoshin4	øː	-0.28	0	0
TELKoshin4	ĩ	2.59	5	13
TELKoshin4	ĩː	-0.14	0	0
TELKoshin4	ŋ	-0.06	79	-5
TELKoshin4	ŋm	-0.01	2	0
TELKoshin4	ŋmʷ	-0.14	0	0
TELKoshin4	ŋʷ	-0.34	0	0
TELKoshin4	ŋˤ	-0.14	0	0
TELKoshin4	œ	-0.36	0	0
TELKoshin4	œː	-0.29	0	0
TELKoshin4	œ̃	-0.14	0	0
TELKoshin4	ũ	4.24	7	30
TELKoshin4	ũʱ	-0.14	0	0
TELKoshin4	ũː	4.75	2	10
TELKoshin4	ɑ	-0.47	0	0
TELKoshin4	ɑː	-0.4	0	0
TELKoshin4	ɑ̃	-0.14	0	0
TELKoshin4	ɑ̃ː	-0.14	0	0
TELKoshin4	ɒ	-0.32	0	0
TELKoshin4	ɒː	0.2	2	0
TELKoshin4	ɒ̃	-0.14	0	0
TELKoshin4	ɒ̃ː	-0.14	0	0
TELKoshin4	ɔ	-0.26	24	-6
TELKoshin4	ɔː	-0.94	0	0
TELKoshin4	ɔ̃	-0.23	0	0
TELKoshin4	ɔ̃ː	-0.19	0	0
TELKoshin4	ɘ	-0.34	0	0
TELKoshin4	ɘː	-0.29	0	0
TELKoshin4	ə	1.06	294	312
TELKoshin4	əː	-0.37	3	-1
TELKoshin4	əˠ	-0.14	0	0
TELKoshin4	ə̃	1.71	2	3
TELKoshin4	ə̃ː	-0.2	0	0
TELKoshin4	ɛ	-0.58	12	-7
TELKoshin4	ɛː	-0.63	3	-2
TELKoshin4	ɛ̃	0.93	2	2
TELKoshin4	ɛ̃ː	-0.28	0	0
TELKoshin4	ɠ	-0.14	0	0
TELKoshin4	ɣ	-0.31	2	-1
TELKoshin4	ɥ	0.46	14	6
TELKoshin4	ɦ	-0.24	0	0
TELKoshin4	ɦː	-0.16	0	0
TELKoshin4	ɨ	-0.68	0	0
TELKoshin4	ɨː	-0.34	0	0
TELKoshin4	ɨ̃	-0.24	0	0
TELKoshin4	ɪ	-1.01	19	-19
TELKoshin4	ɪː	-1.19	0	0
TELKoshin4	ɪ̃	-0.26	0	0
TELKoshin4	ɪ̃ː	4.17	3	12
TELKoshin4	ɯ	-0.2	0	0
TELKoshin4	ɱ	-0.44	0	0
TELKoshin4	ɲ	1.62	47	76
TELKoshin4	ɲʲ	0.27	2	1
TELKoshin4	ɲʷ	2.23	3	7
TELKoshin4	ɳ	-0.14	0	0
TELKoshin4	ʃ	-0.04	17	-1
TELKoshin4	ʃʲ	-0.05	2	0
TELKoshin4	ʃʷ	2.39	3	7
TELKoshin4	ʉ	-0.26	0	0
TELKoshin4	ʉʱ	-0.14	0	0
TELKoshin4	ʉː	-0.14	0	0
TELKoshin4	ʊ	-1.53	19	-29
TELKoshin4	ʊʱ	-0.47	0	0
TELKoshin4	ʊʱː	-0.14	0	0
TELKoshin4	ʊː	-0.63	2	-1
TELKoshin4	ʊ̃	2.74	2	5
TELKoshin4	ʊ̃ː	4.1	2	8
TELKoshin4	ʊ̤	-0.14	0	0
TELKoshin4	ʒ	2.66	17	45
TELKoshin4	ʒʷ	4.26	3	13
TELKoshin4	ʔ	-0.5	0	0
TELKoshin4	β	5.46	5	27
TELKoshin4	βʷ	-0.14	0	0
TELKoshin4	ẽ	-0.23	0	0
TELKoshin4	ẽː	-0.14	0	0
TELKoshin4	⁴⁵	-0.14	0	0
TELKoshin4	⁵	0.72	332	238
TELKoshin4	⁵³	-1.21	0	0
TELKoshin4	⁵¹	1.5	80	120
TELKoshin4	ⁿb	3.6	26	94
TELKoshin4	ⁿbʷ	2.46	2	5
TELKoshin4	ⁿd	0.16	3	0
TELKoshin4	ⁿdʷ	-0.14	0	0
TELKoshin4	ⁿt	-0.4	0	0
TNTMunken2	a	1.59	192	306
TNTMunken2	aː	0.68	29	20
TNTMunken2	b	0.11	73	8
TNTMunken2	bʷ	-0.91	0	0
TNTMunken2	d	-0.52	19	-10
TNTMunken2	dzʷ	-0.2	0	0
TNTMunken2	dʒ	-0.56	10	-6
TNTMunken2	dʒʷ	-0.22	0	0
TNTMunken2	dʷ	-0.19	0	0
TNTMunken2	e	-0.73	9	-7
TNTMunken2	eː	-0.73	1	-1
TNTMunken2	f	-1.07	33	-35
TNTMunken2	fʲ	-0.6	0	0
TNTMunken2	fʷ	-0.59	0	0
TNTMunken2	g	-0.33	13	-4
TNTMunken2	gb	-0.29	9	-3
TNTMunken2	gʷ	-0.31	0	0
TNTMunken2	h	-0.4	7	-3
TNTMunken2	i	1.04	92	96
TNTMunken2	iː	-0.63	4	-3
TNTMunken2	j	0.11	39	4
TNTMunken2	k	-1.37	60	-82
TNTMunken2	kp	0.44	18	8
TNTMunken2	kpʳʷ	-0.2	0	0
TNTMunken2	kpʷ	-0.14	0	0
TNTMunken2	kx	-0.71	0	0
TNTMunken2	kʰ	-0.14	0	0
TNTMunken2	kʲ	-0.4	0	0
TNTMunken2	kʷ	-0.58	1	-1
TNTMunken2	l	0.68	39	26
TNTMunken2	m	-0.06	90	-5
TNTMunken2	mʷ	-0.56	0	0
TNTMunken2	n	0.34	113	38
TNTMunken2	nʷ	-0.2	0	0
TNTMunken2	o	-1.32	9	-12
TNTMunken2	oː	-0.81	2	-2
TNTMunken2	p	-0.27	2	-1
TNTMunken2	q	-0.14	0	0
TNTMunken2	r	1.38	3	4
TNTMunken2	s	1.32	47	62
TNTMunken2	sʷ	-0.14	0	0
TNTMunken2	t	-1.55	33	-51
TNTMunken2	ts	-0.5	11	-6
TNTMunken2	tsʷ	-0.24	0	0
TNTMunken2	tsː	-0.14	0	0
TNTMunken2	tʃ	0.27	14	4
TNTMunken2	tʃʷ	-0.41	0	0
TNTMunken2	tʰ	-0.24	0	0
TNTMunken2	tʲ	-0.35	0	0
TNTMunken2	tʷ	-0.43	0	0
TNTMunken2	tˢ	-0.14	0	0
TNTMunken2	u	-0.73	14	-10
TNTMunken2	uʱ	-0.48	0	0
TNTMunken2	uː	-0.26	2	-1
TNTMunken2	uːʱ	-0.14	0	0
TNTMunken2	v	-0.45	0	0
TNTMunken2	vʷ	-0.24	0	0
TNTMunken2	w	0.2	35	7
TNTMunken2	z	-0.24	19	-5
TNTMunken2	zː	-0.14	0	0
TNTMunken2	²¹	-0.14	0	0
TNTMunken2	³	-0.69	45	-31
TNTMunken2	³¹	-0.2	0	0
TNTMunken2	³⁵	-0.14	0	0
TNTMunken2	¹	2.25	439	987
TNTMunken2	¹³	-0.76	0	0
TNTMunken2	¹⁵	-0.73	20	-15
TNTMunken2	ã	-0.44	0	0
TNTMunken2	ãː	-0.33	0	0
TNTMunken2	æ	-0.25	0	0
TNTMunken2	æː	-0.2	0	0
TNTMunken2	æ̃	-0.2	0	0
TNTMunken2	õ	-0.34	0	0
TNTMunken2	õː	-0.31	0	0
TNTMunken2	ø	-0.23	1	0
TNTMunken2	øː	-0.28	0	0
TNTMunken2	ĩ	-0.26	0	0
TNTMunken2	ĩː	-0.14	0	0
TNTMunken2	ŋ	-0.18	76	-14
TNTMunken2	ŋm	-0.27	1	0
TNTMunken2	ŋmʷ	-0.14	0	0
TNTMunken2	ŋʷ	-0.34	0	0
TNTMunken2	ŋˤ	-0.14	0	0
TNTMunken2	œ	-0.05	1	0
TNTMunken2	œː	-0.29	0	0
TNTMunken2	œ̃	-0.14	0	0
TNTMunken2	ũ	-0.28	0	0
TNTMunken2	ũʱ	-0.14	0	0
TNTMunken2	ũː	-0.24	0	0
TNTMunken2	ɑ	-0.47	0	0
TNTMunken2	ɑː	-0.4	0	0
TNTMunken2	ɑ̃	-0.14	0	0
TNTMunken2	ɑ̃ː	-0.14	0	0
TNTMunken2	ɒ	-0.14	1	0
TNTMunken2	ɒː	-0.28	0	0
TNTMunken2	ɒ̃	-0.14	0	0
TNTMunken2	ɒ̃ː	-0.14	0	0
TNTMunken2	ɔ	0.69	37	26
TNTMunken2	ɔː	0.26	5	1
TNTMunken2	ɔ̃	-0.23	0	0
TNTMunken2	ɔ̃ː	-0.19	0	0
TNTMunken2	ɘ	-0.34	0	0
TNTMunken2	ɘː	-0.29	0	0
TNTMunken2	ə	-0.23	167	-39
TNTMunken2	əː	-0.64	1	-1
TNTMunken2	əˠ	-0.14	0	0
TNTMunken2	ə̃	-0.56	0	0
TNTMunken2	ə̃ː	-0.2	0	0
TNTMunken2	ɛ	0.33	35	12
TNTMunken2	ɛː	-0.79	2	-2
TNTMunken2	ɛ̃	-0.32	0	0
TNTMunken2	ɛ̃ː	-0.28	0	0
TNTMunken2	ɠ	-0.14	0	0
TNTMunken2	ɣ	-0.39	1	0
TNTMunken2	ɥ	-0.38	3	-1
TNTMunken2	ɦ	-0.24	0	0
TNTMunken2	ɦː	-0.16	0	0
TNTMunken2	ɨ	-0.35	1	0
TNTMunken2	ɨː	-0.34	0	0
TNTMunken2	ɨ̃	-0.24	0	0
TNTMunken2	ɪ	0.36	77	27
TNTMunken2	ɪː	-0.42	2	-1
TNTMunken2	ɪ̃	-0.26	0	0
TNTMunken2	ɪ̃ː	-0.22	0	0
TNTMunken2	ɯ	-0.2	0	0
TNTMunken2	ɱ	-0.44	0	0
TNTMunken2	ɲ	-0.31	17	-5
TNTMunken2	ɲʲ	-0.79	0	0
TNTMunken2	ɲʷ	-0.4	0	0
TNTMunken2	ɳ	-0.14	0	0
TNTMunken2	ʃ	1.71	36	61
TNTMunken2	ʃʲ	-0.59	0	0
TNTMunken2	ʃʷ	-0.4	0	0
TNTMunken2	ʉ	-0.26	0	0
TNTMunken2	ʉʱ	-0.14	0	0
TNTMunken2	ʉː	-0.14	0	0
TNTMunken2	ʊ	1.27	106	135
TNTMunken2	ʊʱ	0.19	1	0
TNTMunken2	ʊʱː	-0.14	0	0
TNTMunken2	ʊː	-0.5	3	-1
TNTMunken2	ʊ̃	-0.38	0	0
TNTMunken2	ʊ̃ː	-0.33	0	0
TNTMunken2	ʊ̤	-0.14	0	0
TNTMunken2	ʒ	-0.6	0	0
TNTMunken2	ʒʷ	-0.2	0	0
TNTMunken2	ʔ	-0.4	2	-1
TNTMunken2	β	-0.35	0	0
TNTMunken2	βʷ	-0.14	0	0
TNTMunken2	ẽ	-0.23	0	0
TNTMunken2	ẽː	-0.14	0	0
TNTMunken2	⁴⁵	-0.14	0	0
TNTMunken2	⁵	-0.48	273	-130
TNTMunken2	⁵³	-0.62	7	-4
TNTMunken2	⁵¹	-1.28	27	-35
TNTMunken2	ⁿb	-0.37	0	0
TNTMunken2	ⁿbʷ	-0.37	0	0
TNTMunken2	ⁿd	-0.45	0	0
TNTMunken2	ⁿdʷ	-0.14	0	0
TNTMunken2	ⁿt	-0.4	0	0
WCANgun1	a	0.21	137	29
WCANgun1	aː	0.77	30	23
WCANgun1	b	-0.2	67	-13
WCANgun1	bʷ	-0.66	1	-1
WCANgun1	d	-0.46	20	-9
WCANgun1	dzʷ	-0.2	0	0
WCANgun1	dʒ	-0.4	12	-5
WCANgun1	dʒʷ	0.2	1	0
WCANgun1	dʷ	-0.19	0	0
WCANgun1	e	-0.73	9	-7
WCANgun1	eː	-0.59	2	-1
WCANgun1	f	1.13	71	80
WCANgun1	fʲ	-0.6	0	0
WCANgun1	fʷ	-0.59	0	0
WCANgun1	g	-1.13	4	-5
WCANgun1	gb	0.18	11	2
WCANgun1	gʷ	-0.31	0	0
WCANgun1	h	1.45	44	64
WCANgun1	i	0.37	69	26
WCANgun1	iː	-0.2	6	-1
WCANgun1	j	-0.07	36	-2
WCANgun1	k	0.44	121	53
WCANgun1	kp	-0.36	13	-5
WCANgun1	kpʳʷ	-0.2	0	0
WCANgun1	kpʷ	-0.14	0	0
WCANgun1	kx	-0.71	0	0
WCANgun1	kʰ	-0.14	0	0
WCANgun1	kʲ	-0.4	0	0
WCANgun1	kʷ	-0.58	1	-1
WCANgun1	l	-0.48	23	-11
WCANgun1	m	-0.63	78	-50
WCANgun1	mʷ	-0.56	0	0
WCANgun1	n	-0.0	105	0
WCANgun1	nʷ	-0.2	0	0
WCANgun1	o	-0.88	19	-17
WCANgun1	oː	-0.81	2	-2
WCANgun1	p	-0.27	2	-1
WCANgun1	q	-0.14	0	0
WCANgun1	r	1.38	3	4
WCANgun1	s	-0.26	24	-6
WCANgun1	sʷ	-0.14	0	0
WCANgun1	t	0.37	51	19
WCANgun1	ts	-0.64	9	-6
WCANgun1	tsʷ	-0.24	0	0
WCANgun1	tsː	-0.14	0	0
WCANgun1	tʃ	1.0	19	19
WCANgun1	tʃʷ	-0.41	0	0
WCANgun1	tʰ	-0.24	0	0
WCANgun1	tʲ	-0.35	0	0
WCANgun1	tʷ	-0.43	0	0
WCANgun1	tˢ	-0.14	0	0
WCANgun1	u	0.11	24	3
WCANgun1	uʱ	0.0	1	0
WCANgun1	uː	0.77	5	4
WCANgun1	uːʱ	-0.14	0	0
WCANgun1	v	-0.45	0	0
WCANgun1	vʷ	-0.24	0	0
WCANgun1	w	0.84	46	39
WCANgun1	z	-0.53	15	-8
WCANgun1	zː	-0.14	0	0
WCANgun1	²¹	7.21	1	7
WCANgun1	³	-0.52	50	-26
WCANgun1	³¹	5.05	1	5
WCANgun1	³⁵	-0.14	0	0
WCANgun1	¹	0.0	291	1
WCANgun1	¹³	-0.76	0	0
WCANgun1	¹⁵	-0.06	32	-2
WCANgun1	ã	-0.44	0	0
WCANgun1	ãː	-0.33	0	0
WCANgun1	æ	-0.25	0	0
WCANgun1	æː	-0.2	0	0
WCANgun1	æ̃	-0.2	0	0
WCANgun1	õ	-0.34	0	0
WCANgun1	õː	-0.31	0	0
WCANgun1	ø	4.74	17	81
WCANgun1	øː	1.37	1	1
WCANgun1	ĩ	-0.26	0	0
WCANgun1	ĩː	-0.14	0	0
WCANgun1	ŋ	-0.53	67	-35
WCANgun1	ŋm	-0.27	1	0
WCANgun1	ŋmʷ	-0.14	0	0
WCANgun1	ŋʷ	-0.34	0	0
WCANgun1	ŋˤ	-0.14	0	0
WCANgun1	œ	0.88	4	4
WCANgun1	œː	-0.29	0	0
WCANgun1	œ̃	-0.14	0	0
WCANgun1	ũ	-0.28	0	0
WCANgun1	ũʱ	-0.14	0	0
WCANgun1	ũː	-0.24	0	0
WCANgun1	ɑ	-0.07	1	0
WCANgun1	ɑː	1.01	1	1
WCANgun1	ɑ̃	-0.14	0	0
WCANgun1	ɑ̃ː	-0.14	0	0
WCANgun1	ɒ	-0.14	1	0
WCANgun1	ɒː	-0.28	0	0
WCANgun1	ɒ̃	-0.14	0	0
WCANgun1	ɒ̃ː	-0.14	0	0
WCANgun1	ɔ	0.54	35	19
WCANgun1	ɔː	0.74	7	5
WCANgun1	ɔ̃	-0.23	0	0
WCANgun1	ɔ̃ː	-0.19	0	0
WCANgun1	ɘ	-0.34	0	0
WCANgun1	ɘː	-0.29	0	0
WCANgun1	ə	-0.5	141	-71
WCANgun1	əː	-0.64	1	-1
WCANgun1	əˠ	-0.14	0	0
WCANgun1	ə̃	0.58	1	1
WCANgun1	ə̃ː	-0.2	0	0
WCANgun1	ɛ	0.53	40	21
WCANgun1	ɛː	-0.31	5	-2
WCANgun1	ɛ̃	-0.32	0	0
WCANgun1	ɛ̃ː	-0.28	0	0
WCANgun1	ɠ	-0.14	0	0
WCANgun1	ɣ	-0.39	1	0
WCANgun1	ɥ	-0.61	0	0
WCANgun1	ɦ	-0.24	0	0
WCANgun1	ɦː	-0.16	0	0
WCANgun1	ɨ	1.26	6	8
WCANgun1	ɨː	2.22	1	2
WCANgun1	ɨ̃	0.9	1	1
WCANgun1	ɪ	1.25	115	144
WCANgun1	ɪː	0.34	4	1
WCANgun1	ɪ̃	1.01	1	1
WCANgun1	ɪ̃ː	-0.22	0	0
WCANgun1	ɯ	-0.2	0	0
WCANgun1	ɱ	-0.44	0	0
WCANgun1	ɲ	-0.57	13	-7
WCANgun1	ɲʲ	-0.79	0	0
WCANgun1	ɲʷ	-0.4	0	0
WCANgun1	ɳ	-0.14	0	0
WCANgun1	ʃ	-0.5	12	-6
WCANgun1	ʃʲ	-0.59	0	0
WCANgun1	ʃʷ	-0.4	0	0
WCANgun1	ʉ	-0.26	0	0
WCANgun1	ʉʱ	-0.14	0	0
WCANgun1	ʉː	-0.14	0	0
WCANgun1	ʊ	0.5	82	41
WCANgun1	ʊʱ	-0.47	0	0
WCANgun1	ʊʱː	-0.14	0	0
WCANgun1	ʊː	-0.5	3	-1
WCANgun1	ʊ̃	1.18	1	1
WCANgun1	ʊ̃ː	-0.33	0	0
WCANgun1	ʊ̤	-0.14	0	0
WCANgun1	ʒ	-0.6	0	0
WCANgun1	ʒʷ	-0.2	0	0
WCANgun1	ʔ	-0.5	0	0
WCANgun1	β	-0.35	0	0
WCANgun1	βʷ	-0.14	0	0
WCANgun1	ẽ	-0.23	0	0
WCANgun1	ẽː	-0.14	0	0
WCANgun1	⁴⁵	-0.14	0	0
WCANgun1	⁵	1.18	355	420
WCANgun1	⁵³	0.22	17	4
WCANgun1	⁵¹	-0.55	41	-22
WCANgun1	ⁿb	-0.37	0	0
WCANgun1	ⁿbʷ	-0.37	0	0
WCANgun1	ⁿd	-0.45	0	0
WCANgun1	ⁿdʷ	-0.14	0	0
WCANgun1	ⁿt	-0.4	0	0
ZKGKung1	a	-0.99	89	-88
ZKGKung1	aː	-1.25	6	-8
ZKGKung1	b	-0.92	53	-49
ZKGKung1	bʷ	-0.41	2	-1
ZKGKung1	d	-0.93	12	-11
ZKGKung1	dzʷ	-0.2	0	0
ZKGKung1	dʒ	-1.22	2	-2
ZKGKung1	dʒʷ	-0.22	0	0
ZKGKung1	dʷ	-0.19	0	0
ZKGKung1	e	0.04	20	1
ZKGKung1	eː	-0.32	4	-1
ZKGKung1	f	0.96	68	65
ZKGKung1	fʲ	-0.6	0	0
ZKGKung1	fʷ	-0.27	1	0
ZKGKung1	g	-0.51	11	-6
ZKGKung1	gb	-1.69	3	-5
ZKGKung1	gʷ	-0.31	0	0
ZKGKung1	h	-0.7	1	-1
ZKGKung1	i	-0.88	26	-23
ZKGKung1	iː	-0.63	4	-3
ZKGKung1	j	-0.35	31	-11
ZKGKung1	k	1.62	161	261
ZKGKung1	kp	-1.79	4	-7
ZKGKung1	kpʳʷ	-0.2	0	0
ZKGKung1	kpʷ	-0.14	0	0
ZKGKung1	kx	1.54	6	9
ZKGKung1	kʰ	-0.14	0	0
ZKGKung1	kʲ	-0.4	0	0
ZKGKung1	kʷ	-0.58	1	-1
ZKGKung1	l	0.89	42	37
ZKGKung1	m	-1.26	65	-82
ZKGKung1	mʷ	-0.56	0	0
ZKGKung1	n	-2.4	49	-117
ZKGKung1	nʷ	-0.2	0	0
ZKGKung1	o	-0.62	25	-16
ZKGKung1	oː	-0.26	7	-2
ZKGKung1	p	0.08	3	0
ZKGKung1	q	-0.14	0	0
ZKGKung1	r	0.0	1	0
ZKGKung1	s	1.59	51	81
ZKGKung1	sʷ	-0.14	0	0
ZKGKung1	t	-0.05	47	-3
ZKGKung1	ts	0.53	26	14
ZKGKung1	tsʷ	2.26	1	2
ZKGKung1	tsː	-0.14	0	0
ZKGKung1	tʃ	-1.47	2	-3
ZKGKung1	tʃʷ	-0.41	0	0
ZKGKung1	tʰ	4.08	1	4
ZKGKung1	tʲ	-0.35	0	0
ZKGKung1	tʷ	-0.43	0	0
ZKGKung1	tˢ	-0.14	0	0
ZKGKung1	u	1.11	36	40
ZKGKung1	uʱ	0.0	1	0
ZKGKung1	uː	0.43	4	2
ZKGKung1	uːʱ	-0.14	0	0
ZKGKung1	v	0.87	4	3
ZKGKung1	vʷ	-0.24	0	0
ZKGKung1	w	1.89	64	121
ZKGKung1	z	0.71	32	23
ZKGKung1	zː	-0.14	0	0
ZKGKung1	²¹	-0.14	0	0
ZKGKung1	³	-0.82	41	-34
ZKGKung1	³¹	-0.2	0	0
ZKGKung1	³⁵	-0.14	0	0
ZKGKung1	¹	-0.83	236	-196
ZKGKung1	¹³	-0.09	1	0
ZKGKung1	¹⁵	-0.73	20	-15
ZKGKung1	ã	-0.44	0	0
ZKGKung1	ãː	1.88	1	2
ZKGKung1	æ	0.13	1	0
ZKGKung1	æː	-0.2	0	0
ZKGKung1	æ̃	-0.2	0	0
ZKGKung1	õ	-0.34	0	0
ZKGKung1	õː	-0.31	0	0
ZKGKung1	ø	0.39	3	1
ZKGKung1	øː	1.37	1	1
ZKGKung1	ĩ	-0.26	0	0
ZKGKung1	ĩː	-0.14	0	0
ZKGKung1	ŋ	-0.49	68	-33
ZKGKung1	ŋm	-0.27	1	0
ZKGKung1	ŋmʷ	-0.14	0	0
ZKGKung1	ŋʷ	-0.34	0	0
ZKGKung1	ŋˤ	-0.14	0	0
ZKGKung1	œ	0.88	4	4
ZKGKung1	œː	1.12	1	1
ZKGKung1	œ̃	-0.14	0	0
ZKGKung1	ũ	-0.28	0	0
ZKGKung1	ũʱ	-0.14	0	0
ZKGKung1	ũː	-0.24	0	0
ZKGKung1	ɑ	-0.47	0	0
ZKGKung1	ɑː	-0.4	0	0
ZKGKung1	ɑ̃	-0.14	0	0
ZKGKung1	ɑ̃ː	-0.14	0	0
ZKGKung1	ɒ	-0.32	0	0
ZKGKung1	ɒː	-0.28	0	0
ZKGKung1	ɒ̃	-0.14	0	0
ZKGKung1	ɒ̃ː	-0.14	0	0
ZKGKung1	ɔ	1.2	44	53
ZKGKung1	ɔː	0.74	7	5
ZKGKung1	ɔ̃	-0.23	0	0
ZKGKung1	ɔ̃ː	-0.19	0	0
ZKGKung1	ɘ	-0.34	0	0
ZKGKung1	ɘː	-0.29	0	0
ZKGKung1	ə	0.74	262	193
ZKGKung1	əː	0.84	12	10
ZKGKung1	əˠ	-0.14	0	0
ZKGKung1	ə̃	-0.56	0	0
ZKGKung1	ə̃ː	-0.2	0	0
ZKGKung1	ɛ	-0.58	12	-7
ZKGKung1	ɛː	0.97	13	13
ZKGKung1	ɛ̃	-0.32	0	0
ZKGKung1	ɛ̃ː	-0.28	0	0
ZKGKung1	ɠ	-0.14	0	0
ZKGKung1	ɣ	0.83	17	14
ZKGKung1	ɥ	-0.54	1	-1
ZKGKung1	ɦ	-0.24	0	0
ZKGKung1	ɦː	-0.16	0	0
ZKGKung1	ɨ	1.91	8	15
ZKGKung1	ɨː	-0.34	0	0
ZKGKung1	ɨ̃	-0.24	0	0
ZKGKung1	ɪ	0.83	97	80
ZKGKung1	ɪː	-0.04	3	0
ZKGKung1	ɪ̃	-0.26	0	0
ZKGKung1	ɪ̃ː	-0.22	0	0
ZKGKung1	ɯ	-0.2	0	0
ZKGKung1	ɱ	-0.44	0	0
ZKGKung1	ɲ	-0.64	12	-8
ZKGKung1	ɲʲ	-0.26	1	0
ZKGKung1	ɲʷ	-0.4	0	0
ZKGKung1	ɳ	-0.14	0	0
ZKGKung1	ʃ	-1.33	3	-4
ZKGKung1	ʃʲ	-0.59	0	0
ZKGKung1	ʃʷ	-0.4	0	0
ZKGKung1	ʉ	-0.26	0	0
ZKGKung1	ʉʱ	-0.14	0	0
ZKGKung1	ʉː	-0.14	0	0
ZKGKung1	ʊ	-0.44	53	-23
ZKGKung1	ʊʱ	-0.47	0	0
ZKGKung1	ʊʱː	-0.14	0	0
ZKGKung1	ʊː	0.05	7	0
ZKGKung1	ʊ̃	-0.38	0	0
ZKGKung1	ʊ̃ː	-0.33	0	0
ZKGKung1	ʊ̤	-0.14	0	0
ZKGKung1	ʒ	0.17	4	1
ZKGKung1	ʒʷ	-0.2	0	0
ZKGKung1	ʔ	2.73	63	172
ZKGKung1	β	0.81	1	1
ZKGKung1	βʷ	-0.14	0	0
ZKGKung1	ẽ	-0.23	0	0
ZKGKung1	ẽː	-0.14	0	0
ZKGKung1	⁴⁵	-0.14	0	0
ZKGKung1	⁵	1.2	356	428
ZKGKung1	⁵³	0.99	26	26
ZKGKung1	⁵¹	1.45	79	115
ZKGKung1	ⁿb	-0.37	0	0
ZKGKung1	ⁿbʷ	-0.37	0	0
ZKGKung1	ⁿd	-0.45	0	0
ZKGKung1	ⁿdʷ	-0.14	0	0
ZKGKung1	ⁿt	-0.4	0	0

